{
	"credit": "Made with Blockbench",
	"texture_size": [32, 32],
	"textures": {
		"0": "custom/camera",
		"particle": "custom/camera"
	},
	"elements": [
		{
			"from": [5, 19, 3],
			"to": [11, 25, 13],
			"faces": {
				"north": {"uv": [0, 6, 3, 9], "texture": "#0"},
				"east": {"uv": [0, 0, 5, 3], "texture": "#0"},
				"south": {"uv": [8, 0, 11, 3], "texture": "#0"},
				"west": {"uv": [0, 3, 5, 6], "texture": "#0"},
				"up": {"uv": [8, 5, 5, 0], "texture": "#0"},
				"down": {"uv": [8, 5, 5, 10], "texture": "#0"}
			}
		},
		{
			"from": [7, 16, 7],
			"to": [9, 18, 9],
			"faces": {
				"north": {"uv": [5.5, 10, 6.5, 11], "texture": "#0"},
				"east": {"uv": [6.5, 10, 7.5, 11], "texture": "#0"},
				"south": {"uv": [10, 6.5, 11, 7.5], "texture": "#0"},
				"west": {"uv": [7.5, 10, 8.5, 11], "texture": "#0"},
				"up": {"uv": [11, 8.5, 10, 7.5], "texture": "#0"},
				"down": {"uv": [9.5, 10, 8.5, 11], "texture": "#0"}
			}
		},
		{
			"from": [7, 3.5, 7],
			"to": [9, 5.5, 9],
			"faces": {
				"north": {"uv": [5.5, 10, 6.5, 11], "texture": "#0"},
				"east": {"uv": [6.5, 10, 7.5, 11], "texture": "#0"},
				"south": {"uv": [10, 6.5, 11, 7.5], "texture": "#0"},
				"west": {"uv": [7.5, 10, 8.5, 11], "texture": "#0"},
				"up": {"uv": [11, 8.5, 10, 7.5], "texture": "#0"},
				"down": {"uv": [9.5, 10, 8.5, 11], "texture": "#0"}
			}
		},
		{
			"from": [5.5, 16.75, 7.75],
			"to": [7, 17.25, 8.25],
			"faces": {
				"north": {"uv": [10.5, 3, 11.5, 3.5], "texture": "#0"},
				"east": {"uv": [11, 0.5, 11.5, 1], "texture": "#0"},
				"south": {"uv": [10.5, 3.5, 11.5, 4], "texture": "#0"},
				"west": {"uv": [11, 1, 11.5, 1.5], "texture": "#0"},
				"up": {"uv": [11.5, 4.5, 10.5, 4], "texture": "#0"},
				"down": {"uv": [11.5, 4.5, 10.5, 5], "texture": "#0"}
			}
		},
		{
			"from": [5.5, 16.75, 8.25],
			"to": [6, 17.25, 10.75],
			"faces": {
				"north": {"uv": [11, 1.5, 11.5, 2], "texture": "#0"},
				"east": {"uv": [10, 8.5, 11.5, 9], "texture": "#0"},
				"south": {"uv": [11, 2, 11.5, 2.5], "texture": "#0"},
				"west": {"uv": [10, 9, 11.5, 9.5], "texture": "#0"},
				"up": {"uv": [10, 11.5, 9.5, 10], "texture": "#0"},
				"down": {"uv": [10.5, 9.5, 10, 11], "texture": "#0"}
			}
		},
		{
			"from": [5.25, 16.5, 10.75],
			"to": [6.25, 17.5, 12.25],
			"faces": {
				"north": {"uv": [11, 2.5, 11.5, 3], "texture": "#0"},
				"east": {"uv": [10.5, 5, 11.5, 5.5], "texture": "#0"},
				"south": {"uv": [5.5, 11, 6, 11.5], "texture": "#0"},
				"west": {"uv": [10.5, 5.5, 11.5, 6], "texture": "#0"},
				"up": {"uv": [11, 10.5, 10.5, 9.5], "texture": "#0"},
				"down": {"uv": [11, 10.5, 10.5, 11.5], "texture": "#0"}
			}
		},
		{
			"from": [7.5, 18, 7.5],
			"to": [8.5, 19, 8.5],
			"faces": {
				"north": {"uv": [6, 11, 6.5, 11.5], "texture": "#0"},
				"east": {"uv": [11, 6, 11.5, 6.5], "texture": "#0"},
				"south": {"uv": [6.5, 11, 7, 11.5], "texture": "#0"},
				"west": {"uv": [11, 6.5, 11.5, 7], "texture": "#0"},
				"up": {"uv": [7.5, 11.5, 7, 11], "texture": "#0"},
				"down": {"uv": [11.5, 7, 11, 7.5], "texture": "#0"}
			}
		},
		{
			"from": [7.5, 5, 7.5],
			"to": [8.5, 16, 8.5],
			"faces": {
				"north": {"uv": [3, 6, 3.5, 11.5], "texture": "#0"},
				"east": {"uv": [3.5, 6, 4, 11.5], "texture": "#0"},
				"south": {"uv": [4, 6, 4.5, 11.5], "texture": "#0"},
				"west": {"uv": [4.5, 6, 5, 11.5], "texture": "#0"},
				"up": {"uv": [8, 11.5, 7.5, 11], "texture": "#0"},
				"down": {"uv": [11.5, 7.5, 11, 8], "texture": "#0"}
			}
		},
		{
			"from": [9.91309, -0.89184, 7.5],
			"to": [10.91309, 6.10816, 8.5],
			"rotation": {"angle": 45, "axis": "z", "origin": [10.41309, 2.60816, 8]},
			"faces": {
				"north": {"uv": [0, 9, 0.5, 12.5], "texture": "#0"},
				"east": {"uv": [0.5, 9, 1, 12.5], "texture": "#0"},
				"south": {"uv": [1, 9, 1.5, 12.5], "texture": "#0"},
				"west": {"uv": [1.5, 9, 2, 12.5], "texture": "#0"},
				"up": {"uv": [8.5, 11.5, 8, 11], "texture": "#0"},
				"down": {"uv": [11.5, 8, 11, 8.5], "texture": "#0"}
			}
		},
		{
			"from": [5.08691, -0.89184, 7.5],
			"to": [6.08691, 6.10816, 8.5],
			"rotation": {"angle": -45, "axis": "z", "origin": [5.58691, 2.60816, 8]},
			"faces": {
				"north": {"uv": [0.5, 9, 0, 12.5], "texture": "#0"},
				"east": {"uv": [2, 9, 1.5, 12.5], "texture": "#0"},
				"south": {"uv": [1.5, 9, 1, 12.5], "texture": "#0"},
				"west": {"uv": [1, 9, 0.5, 12.5], "texture": "#0"},
				"up": {"uv": [8, 11.5, 8.5, 11], "texture": "#0"},
				"down": {"uv": [11, 8, 11.5, 8.5], "texture": "#0"}
			}
		},
		{
			"from": [7.5, -0.89184, 5.08691],
			"to": [8.5, 6.10816, 6.08691],
			"rotation": {"angle": 45, "axis": "x", "origin": [8, 2.60816, 5.58691]},
			"faces": {
				"north": {"uv": [1, 9, 0.5, 12.5], "texture": "#0"},
				"east": {"uv": [0.5, 9, 0, 12.5], "texture": "#0"},
				"south": {"uv": [2, 9, 1.5, 12.5], "texture": "#0"},
				"west": {"uv": [1.5, 9, 1, 12.5], "texture": "#0"},
				"up": {"uv": [8, 11.5, 8.5, 11], "rotation": 90, "texture": "#0"},
				"down": {"uv": [11, 8, 11.5, 8.5], "rotation": 270, "texture": "#0"}
			}
		},
		{
			"from": [7.5, -0.89184, 9.91309],
			"to": [8.5, 6.10816, 10.91309],
			"rotation": {"angle": -45, "axis": "x", "origin": [8, 2.60816, 10.41309]},
			"faces": {
				"north": {"uv": [1.5, 9, 2, 12.5], "texture": "#0"},
				"east": {"uv": [0, 9, 0.5, 12.5], "texture": "#0"},
				"south": {"uv": [0.5, 9, 1, 12.5], "texture": "#0"},
				"west": {"uv": [1, 9, 1.5, 12.5], "texture": "#0"},
				"up": {"uv": [8.5, 11.5, 8, 11], "rotation": 90, "texture": "#0"},
				"down": {"uv": [11.5, 8, 11, 8.5], "rotation": 270, "texture": "#0"}
			}
		}
	],
	"display": {
		"thirdperson_righthand": {
			"translation": [0, -4, 0]
		},
		"thirdperson_lefthand": {
			"translation": [0, -4, 0]
		},
		"firstperson_righthand": {
			"translation": [0, -4, 0]
		},
		"firstperson_lefthand": {
			"translation": [0, -4, 0]
		},
		"ground": {
			"translation": [0, 3.75, 0],
			"scale": [0.8, 0.8, 0.8]
		},
		"gui": {
			"rotation": [25, 45, 0],
			"translation": [0, -2.25, 0],
			"scale": [0.55, 0.55, 0.55]
		},
		"head": {
			"translation": [0, 3.25, 0]
		},
		"fixed": {
			"rotation": [-90, 0, 0],
			"translation": [0, 0, -18],
			"scale": [2.2, 2.2, 2.2]
		}
	}
}