{
	"credit": "Made with Blockbench",
	"texture_size": [64, 64],
	"textures": {
		"2": "custom/candycane"
	},
	"elements": [
		{
			"from": [5.9, -16, 5.9],
			"to": [10.1, 16.1, 10.1],
			"rotation": {"angle": 0, "axis": "y", "origin": [1.9, 0, 2]},
			"faces": {
				"north": {"uv": [0, 0, 1, 8], "texture": "#2"},
				"east": {"uv": [1, 0, 2, 8], "texture": "#2"},
				"south": {"uv": [2, 0, 3, 8], "texture": "#2"},
				"west": {"uv": [3, 0, 4, 8], "texture": "#2"},
				"up": {"uv": [7, 7, 6, 6], "texture": "#2"},
				"down": {"uv": [8, 4, 7, 5], "texture": "#2"}
			}
		},
		{
			"from": [21.9, -0.1, 5.9],
			"to": [26.1, 16.1, 10.1],
			"rotation": {"angle": 0, "axis": "y", "origin": [1.9, 0, 2]},
			"faces": {
				"north": {"uv": [4, 0, 5, 4], "texture": "#2"},
				"east": {"uv": [4, 4, 5, 8], "texture": "#2"},
				"south": {"uv": [5, 0, 6, 4], "texture": "#2"},
				"west": {"uv": [5, 4, 6, 8], "texture": "#2"},
				"up": {"uv": [8, 6, 7, 5], "texture": "#2"},
				"down": {"uv": [7, 7, 6, 8], "texture": "#2"}
			}
		},
		{
			"from": [10.1, 12.1, 5.9],
			"to": [21.9, 16.1, 10.1],
			"rotation": {"angle": 0, "axis": "y", "origin": [1.9, 0, 2]},
			"faces": {
				"north": {"uv": [6, 0, 9, 1], "texture": "#2"},
				"east": {"uv": [6, 4, 7, 5], "texture": "#2"},
				"south": {"uv": [6, 1, 9, 2], "texture": "#2"},
				"west": {"uv": [6, 5, 7, 6], "texture": "#2"},
				"up": {"uv": [9, 3, 6, 2], "texture": "#2"},
				"down": {"uv": [9, 3, 6, 4], "texture": "#2"}
			}
		}
	],
	"display": {
		"fixed": {
			"rotation": [-90, 0, 0],
			"translation": [0, 0, -48],
			"scale": [2, 2, 2]
		}
	}
}