{
	"credit": "Made with Blockbench",
	"texture_size": [64, 64],
	"textures": {
		"2": "custom/candycane"
	},
	"elements": [
		{
			"from": [5.9, -16, 5.9],
			"to": [10.1, 0, 10.1],
			"rotation": {"angle": 0, "axis": "y", "origin": [1.9, 0, 2]},
			"faces": {
				"north": {"uv": [0, 8, 1, 12], "texture": "#2"},
				"east": {"uv": [1, 8, 2, 12], "texture": "#2"},
				"south": {"uv": [2, 8, 3, 12], "texture": "#2"},
				"west": {"uv": [3, 8, 4, 12], "texture": "#2"},
				"up": {"uv": [7, 7, 6, 6], "texture": "#2"},
				"down": {"uv": [8, 4, 7, 5], "texture": "#2"}
			}
		}
	],
	"display": {
		"fixed": {
			"rotation": [-90, 0, 0],
			"translation": [0, 0, -48],
			"scale": [2, 2, 2]
		}
	}
}