{
	"credit": "Made with Blockbench",
	"textures": {
		"0": "custom/collectible",
		"particle": "custom/collectible"
	},
	"elements": [
		{
			"from": [-2, 0, 8],
			"to": [18, 12, 8],
			"rotation": {"angle": 0, "axis": "y", "origin": [-2, 2, 8]},
			"faces": {
				"north": {"uv": [0, 0, 16, 16], "texture": "#0"},
				"east": {"uv": [0, 0, 0, 12], "texture": "#0"},
				"south": {"uv": [0, 0, 16, 16], "texture": "#0"},
				"west": {"uv": [0, 0, 0, 12], "texture": "#0"},
				"up": {"uv": [0, 0, 16, 0], "texture": "#0"},
				"down": {"uv": [0, 0, 16, 0], "texture": "#0"}
			}
		}
	],
	"display": {
		"head": {
			"translation": [0, 10, 0],
			"scale": [4, 4, 1]
		}
	}
}