{
	"credit": "Made with Blockbench",
	"textures": {
		"0": "block/sculk_vein",
		"1": "block/dark_oak_log",
		"2": "block/stripped_spruce_log",
		"3": "block/stripped_dark_oak_log",
		"4": "block/stripped_oak_log",
		"particle": "block/sculk_vein"
	},
	"elements": [
		{
			"from": [16, 16, 0],
			"to": [32, 17, 16],
			"faces": {
				"north": {"uv": [0, 0, 16, 1], "texture": "#3"},
				"east": {"uv": [0, 0, 16, 1], "texture": "#3"},
				"south": {"uv": [0, 0, 16, 1], "texture": "#3"},
				"west": {"uv": [0, 0, 16, 1], "texture": "#3"},
				"up": {"uv": [0, 0, 16, 16], "texture": "#3"},
				"down": {"uv": [0, 0, 16, 16], "texture": "#3"}
			}
		},
		{
			"from": [0, 16, 0],
			"to": [16, 17, 16],
			"faces": {
				"north": {"uv": [0, 0, 16, 1], "texture": "#3"},
				"east": {"uv": [0, 0, 16, 1], "texture": "#3"},
				"south": {"uv": [0, 0, 16, 1], "texture": "#3"},
				"west": {"uv": [0, 0, 16, 1], "texture": "#3"},
				"up": {"uv": [0, 0, 16, 16], "texture": "#3"},
				"down": {"uv": [0, 0, 16, 16], "texture": "#3"}
			}
		},
		{
			"from": [-16, 16, 0],
			"to": [0, 17, 16],
			"faces": {
				"north": {"uv": [0, 0, 16, 1], "texture": "#3"},
				"east": {"uv": [0, 0, 16, 1], "texture": "#3"},
				"south": {"uv": [0, 0, 16, 1], "texture": "#3"},
				"west": {"uv": [0, 0, 16, 1], "texture": "#3"},
				"up": {"uv": [0, 0, 16, 16], "texture": "#3"},
				"down": {"uv": [0, 0, 16, 16], "texture": "#3"}
			}
		},
		{
			"from": [-14, 0, 2],
			"to": [-12, 2, 4],
			"faces": {
				"north": {"uv": [0, 0, 2, 2], "texture": "#2"},
				"east": {"uv": [0, 0, 2, 2], "texture": "#2"},
				"south": {"uv": [0, 0, 2, 2], "texture": "#2"},
				"west": {"uv": [0, 0, 2, 2], "texture": "#2"},
				"up": {"uv": [0, 0, 2, 2], "texture": "#2"},
				"down": {"uv": [0, 0, 2, 2], "texture": "#2"}
			}
		},
		{
			"from": [-14, 0, 12],
			"to": [-12, 2, 14],
			"faces": {
				"north": {"uv": [0, 0, 2, 2], "texture": "#2"},
				"east": {"uv": [0, 0, 2, 2], "texture": "#2"},
				"south": {"uv": [0, 0, 2, 2], "texture": "#2"},
				"west": {"uv": [0, 0, 2, 2], "texture": "#2"},
				"up": {"uv": [0, 0, 2, 2], "texture": "#2"},
				"down": {"uv": [0, 0, 2, 2], "texture": "#2"}
			}
		},
		{
			"from": [-3, 0, 12],
			"to": [-1, 2, 14],
			"faces": {
				"north": {"uv": [0, 0, 2, 2], "texture": "#2"},
				"east": {"uv": [0, 0, 2, 2], "texture": "#2"},
				"south": {"uv": [0, 0, 2, 2], "texture": "#2"},
				"west": {"uv": [0, 0, 2, 2], "texture": "#2"},
				"up": {"uv": [0, 0, 2, 2], "texture": "#2"},
				"down": {"uv": [0, 0, 2, 2], "texture": "#2"}
			}
		},
		{
			"from": [-3, 0, 2],
			"to": [-1, 2, 4],
			"faces": {
				"north": {"uv": [0, 0, 2, 2], "texture": "#2"},
				"east": {"uv": [0, 0, 2, 2], "texture": "#2"},
				"south": {"uv": [0, 0, 2, 2], "texture": "#2"},
				"west": {"uv": [0, 0, 2, 2], "texture": "#2"},
				"up": {"uv": [0, 0, 2, 2], "texture": "#2"},
				"down": {"uv": [0, 0, 2, 2], "texture": "#2"}
			}
		},
		{
			"from": [-15, 2, 1],
			"to": [-14, 16, 15],
			"faces": {
				"north": {"uv": [0, 0, 1, 14], "texture": "#1"},
				"east": {"uv": [0, 0, 14, 14], "texture": "#1"},
				"south": {"uv": [0, 0, 1, 14], "texture": "#1"},
				"west": {"uv": [0, 0, 14, 14], "texture": "#1"},
				"up": {"uv": [0, 0, 1, 14], "texture": "#1"},
				"down": {"uv": [0, 0, 1, 14], "texture": "#1"}
			}
		},
		{
			"from": [-14, 3, 14],
			"to": [-1, 16, 15],
			"faces": {
				"north": {"uv": [1, 1, 14, 14], "rotation": 180, "texture": "#1"},
				"east": {"uv": [1, 1, 14, 2], "rotation": 270, "texture": "#1"},
				"south": {"uv": [1, 1, 14, 14], "texture": "#1"},
				"west": {"uv": [1, 1, 14, 2], "rotation": 90, "texture": "#1"},
				"up": {"uv": [1, 1, 14, 2], "rotation": 180, "texture": "#1"},
				"down": {"uv": [1, 1, 14, 2], "texture": "#1"}
			}
		},
		{
			"from": [-14, 2, 1],
			"to": [-1, 3, 15],
			"faces": {
				"north": {"uv": [0, 0, 13, 1], "texture": "#1"},
				"east": {"uv": [0, 0, 14, 1], "texture": "#1"},
				"south": {"uv": [0, 0, 13, 1], "texture": "#1"},
				"west": {"uv": [0, 0, 14, 1], "texture": "#1"},
				"up": {"uv": [0, 0, 13, 14], "texture": "#1"},
				"down": {"uv": [0, 0, 13, 14], "texture": "#1"}
			}
		},
		{
			"from": [-14, 9, 1],
			"to": [-1, 10, 14],
			"faces": {
				"north": {"uv": [0, 0, 13, 1], "texture": "#1"},
				"east": {"uv": [0, 0, 13, 1], "texture": "#1"},
				"south": {"uv": [0, 0, 13, 1], "texture": "#1"},
				"west": {"uv": [0, 0, 13, 1], "texture": "#1"},
				"up": {"uv": [0, 0, 13, 13], "texture": "#1"},
				"down": {"uv": [0, 0, 13, 13], "texture": "#1"}
			}
		},
		{
			"from": [-1, 2, 1],
			"to": [0, 16, 15],
			"faces": {
				"north": {"uv": [0, 0, 1, 14], "texture": "#1"},
				"east": {"uv": [0, 0, 14, 14], "texture": "#1"},
				"south": {"uv": [0, 0, 1, 14], "texture": "#1"},
				"west": {"uv": [0, 0, 14, 14], "texture": "#1"},
				"up": {"uv": [0, 0, 1, 14], "texture": "#1"},
				"down": {"uv": [0, 0, 1, 14], "texture": "#1"}
			}
		},
		{
			"from": [0, 15, 1],
			"to": [16, 16, 15],
			"faces": {
				"north": {"uv": [0, 0, 16, 1], "texture": "#1"},
				"east": {"uv": [0, 0, 14, 1], "texture": "#1"},
				"south": {"uv": [0, 0, 16, 1], "texture": "#1"},
				"west": {"uv": [0, 0, 14, 1], "texture": "#1"},
				"up": {"uv": [0, 0, 16, 14], "texture": "#1"},
				"down": {"uv": [0, 0, 16, 14], "texture": "#1"}
			}
		},
		{
			"from": [16, 15, 1],
			"to": [31, 16, 15],
			"faces": {
				"north": {"uv": [0, 0, 15, 1], "texture": "#1"},
				"east": {"uv": [0, 0, 14, 1], "texture": "#1"},
				"south": {"uv": [0, 0, 15, 1], "texture": "#1"},
				"west": {"uv": [0, 0, 14, 1], "texture": "#1"},
				"up": {"uv": [0, 0, 15, 14], "texture": "#1"},
				"down": {"uv": [0, 0, 15, 14], "texture": "#1"}
			}
		},
		{
			"from": [28, 0, 1],
			"to": [31, 15, 15],
			"faces": {
				"north": {"uv": [0, 0, 3, 15], "texture": "#1"},
				"east": {"uv": [0, 0, 14, 15], "texture": "#1"},
				"south": {"uv": [0, 0, 3, 15], "texture": "#1"},
				"west": {"uv": [0, 0, 14, 15], "texture": "#1"},
				"up": {"uv": [0, 0, 3, 14], "texture": "#1"},
				"down": {"uv": [0, 0, 3, 14], "texture": "#1"}
			}
		},
		{
			"from": [-8.5, 4.5, -8.5],
			"to": [-6.5, 6.5, -6.5],
			"faces": {
				"north": {"uv": [0, 0, 2, 2], "texture": "#1"},
				"east": {"uv": [0, 0, 2, 2], "texture": "#1"},
				"south": {"uv": [0, 0, 2, 2], "texture": "#1"},
				"west": {"uv": [0, 0, 2, 2], "texture": "#1"},
				"up": {"uv": [0, 0, 2, 2], "texture": "#1"},
				"down": {"uv": [0, 0, 2, 2], "texture": "#1"}
			}
		},
		{
			"from": [-14, 3, -6],
			"to": [-13, 7, 6],
			"faces": {
				"north": {"uv": [0, 0, 1, 4], "texture": "#4"},
				"east": {"uv": [0, 0, 12, 4], "texture": "#4"},
				"south": {"uv": [0, 0, 1, 4], "texture": "#4"},
				"west": {"uv": [0, 0, 12, 4], "texture": "#4"},
				"up": {"uv": [0, 0, 1, 12], "texture": "#4"},
				"down": {"uv": [0, 0, 1, 12], "texture": "#4"}
			}
		},
		{
			"from": [-2, 3, -6],
			"to": [-1, 7, 6],
			"faces": {
				"north": {"uv": [0, 0, 1, 4], "texture": "#4"},
				"east": {"uv": [0, 0, 12, 4], "texture": "#4"},
				"south": {"uv": [0, 0, 1, 4], "texture": "#4"},
				"west": {"uv": [0, 0, 12, 4], "texture": "#4"},
				"up": {"uv": [0, 0, 1, 12], "texture": "#4"},
				"down": {"uv": [0, 0, 1, 12], "texture": "#4"}
			}
		},
		{
			"from": [-13, 3, -6],
			"to": [-2, 4, 6],
			"faces": {
				"north": {"uv": [0, 0, 11, 1], "texture": "#4"},
				"east": {"uv": [0, 0, 12, 1], "texture": "#4"},
				"south": {"uv": [0, 0, 11, 1], "texture": "#4"},
				"west": {"uv": [0, 0, 12, 1], "texture": "#4"},
				"up": {"uv": [0, 0, 11, 12], "texture": "#4"},
				"down": {"uv": [0, 0, 11, 12], "texture": "#4"}
			}
		},
		{
			"from": [-14, 3, 6],
			"to": [-1, 7, 7],
			"faces": {
				"north": {"uv": [0, 0, 13, 4], "texture": "#4"},
				"east": {"uv": [0, 0, 1, 4], "texture": "#4"},
				"south": {"uv": [0, 0, 13, 4], "texture": "#4"},
				"west": {"uv": [0, 0, 1, 4], "texture": "#4"},
				"up": {"uv": [0, 0, 13, 1], "texture": "#4"},
				"down": {"uv": [0, 0, 13, 1], "texture": "#4"}
			}
		},
		{
			"from": [-14.5, 2.5, -7],
			"to": [-0.5, 9.5, -6],
			"faces": {
				"north": {"uv": [0, 0, 14, 7], "texture": "#2"},
				"east": {"uv": [0, 0, 1, 7], "texture": "#2"},
				"south": {"uv": [0, 0, 14, 7], "texture": "#2"},
				"west": {"uv": [0, 0, 1, 7], "texture": "#2"},
				"up": {"uv": [0, 0, 14, 1], "texture": "#2"},
				"down": {"uv": [0, 0, 14, 1], "texture": "#2"}
			}
		},
		{
			"from": [-8.5, 11.5, -1.25],
			"to": [-6.5, 13.5, 0.75],
			"faces": {
				"north": {"uv": [0, 0, 2, 2], "texture": "#1"},
				"east": {"uv": [0, 0, 2, 2], "texture": "#1"},
				"south": {"uv": [0, 0, 2, 2], "texture": "#1"},
				"west": {"uv": [0, 0, 2, 2], "texture": "#1"},
				"up": {"uv": [0, 0, 2, 2], "texture": "#1"},
				"down": {"uv": [0, 0, 2, 2], "texture": "#1"}
			}
		},
		{
			"from": [-14, 10, 1.25],
			"to": [-13, 14, 13.25],
			"faces": {
				"north": {"uv": [0, 0, 1, 4], "texture": "#4"},
				"east": {"uv": [0, 0, 12, 4], "texture": "#4"},
				"south": {"uv": [0, 0, 1, 4], "texture": "#4"},
				"west": {"uv": [0, 0, 12, 4], "texture": "#4"},
				"up": {"uv": [0, 0, 1, 12], "texture": "#4"},
				"down": {"uv": [0, 0, 1, 12], "texture": "#4"}
			}
		},
		{
			"from": [-2, 10, 1.25],
			"to": [-1, 14, 13.25],
			"faces": {
				"north": {"uv": [0, 0, 1, 4], "texture": "#4"},
				"east": {"uv": [0, 0, 12, 4], "texture": "#4"},
				"south": {"uv": [0, 0, 1, 4], "texture": "#4"},
				"west": {"uv": [0, 0, 12, 4], "texture": "#4"},
				"up": {"uv": [0, 0, 1, 12], "texture": "#4"},
				"down": {"uv": [0, 0, 1, 12], "texture": "#4"}
			}
		},
		{
			"from": [-13, 10, 1.25],
			"to": [-2, 11, 13.25],
			"faces": {
				"north": {"uv": [0, 0, 11, 1], "texture": "#4"},
				"east": {"uv": [0, 0, 12, 1], "texture": "#4"},
				"south": {"uv": [0, 0, 11, 1], "texture": "#4"},
				"west": {"uv": [0, 0, 12, 1], "texture": "#4"},
				"up": {"uv": [0, 0, 11, 12], "texture": "#4"},
				"down": {"uv": [0, 0, 11, 12], "texture": "#4"}
			}
		},
		{
			"from": [-14, 10, 13.25],
			"to": [-1, 14, 14.25],
			"faces": {
				"north": {"uv": [0, 0, 13, 4], "texture": "#4"},
				"east": {"uv": [0, 0, 1, 4], "texture": "#4"},
				"south": {"uv": [0, 0, 13, 4], "texture": "#4"},
				"west": {"uv": [0, 0, 1, 4], "texture": "#4"},
				"up": {"uv": [0, 0, 13, 1], "texture": "#4"},
				"down": {"uv": [0, 0, 13, 1], "texture": "#4"}
			}
		},
		{
			"from": [-14.5, 9.5, 0.25],
			"to": [-0.5, 16.5, 1.25],
			"faces": {
				"north": {"uv": [0, 0, 14, 7], "texture": "#2"},
				"east": {"uv": [0, 0, 1, 7], "texture": "#2"},
				"south": {"uv": [0, 0, 14, 7], "texture": "#2"},
				"west": {"uv": [0, 0, 1, 7], "texture": "#2"},
				"up": {"uv": [0, 0, 14, 1], "texture": "#2"},
				"down": {"uv": [0, 0, 14, 1], "texture": "#2"}
			}
		},
		{
			"from": [-10, 17.25, 8],
			"to": [-2, 17.25, 16.25],
			"faces": {
				"north": {"uv": [7.75, 7.75, 15.75, 7.75], "texture": "#0"},
				"east": {"uv": [7.75, 7.75, 16, 7.75], "texture": "#0"},
				"south": {"uv": [7.75, 7.75, 15.75, 7.75], "texture": "#0"},
				"west": {"uv": [7.75, 7.75, 16, 7.75], "texture": "#0"},
				"up": {"uv": [7.75, 7.75, 15.75, 16], "texture": "#0"},
				"down": {"uv": [7.75, 7.75, 15.75, 16], "texture": "#0"}
			}
		},
		{
			"from": [-10, 4.25, 0],
			"to": [-2, 4.25, 8.25],
			"faces": {
				"north": {"uv": [0, 0, 8, 0], "texture": "#0"},
				"east": {"uv": [0, 0, 8.25, 0], "texture": "#0"},
				"south": {"uv": [0, 0, 8, 0], "texture": "#0"},
				"west": {"uv": [0, 0, 8.25, 0], "texture": "#0"},
				"up": {"uv": [0, 0, 8, 8.25], "texture": "#0"},
				"down": {"uv": [0, 0, 8, 8.25], "texture": "#0"}
			}
		},
		{
			"from": [-10, 16.25, 16.25],
			"to": [-4, 17.25, 16.25],
			"faces": {
				"north": {"uv": [0, 0, 6, 1], "texture": "#0"},
				"east": {"uv": [0, 0, 0, 1], "texture": "#0"},
				"south": {"uv": [0, 0, 6, 1], "texture": "#0"},
				"west": {"uv": [0, 0, 0, 1], "texture": "#0"},
				"up": {"uv": [0, 0, 6, 0], "texture": "#0"},
				"down": {"uv": [0, 0, 6, 0], "texture": "#0"}
			}
		},
		{
			"from": [-1, 16.25, 16.25],
			"to": [3, 17.25, 16.25],
			"faces": {
				"north": {"uv": [0, 0, 4, 1], "texture": "#0"},
				"east": {"uv": [0, 0, 0, 1], "texture": "#0"},
				"south": {"uv": [0, 0, 4, 1], "texture": "#0"},
				"west": {"uv": [0, 0, 0, 1], "texture": "#0"},
				"up": {"uv": [0, 0, 4, 0], "texture": "#0"},
				"down": {"uv": [0, 0, 4, 0], "texture": "#0"}
			}
		},
		{
			"from": [-15, 16.25, 16.25],
			"to": [-13, 17.25, 16.25],
			"faces": {
				"north": {"uv": [0, 0, 2, 1], "texture": "#0"},
				"east": {"uv": [0, 0, 0, 1], "texture": "#0"},
				"south": {"uv": [0, 0, 2, 1], "texture": "#0"},
				"west": {"uv": [0, 0, 0, 1], "texture": "#0"},
				"up": {"uv": [0, 0, 2, 0], "texture": "#0"},
				"down": {"uv": [0, 0, 2, 0], "texture": "#0"}
			}
		},
		{
			"from": [-15.25, 7.25, 15.25],
			"to": [-8, 15.25, 15.25],
			"faces": {
				"north": {"uv": [0, 0, 7.25, 8], "texture": "#0"},
				"east": {"uv": [0, 0, 0, 8], "texture": "#0"},
				"south": {"uv": [0, 0, 7.25, 8], "texture": "#0"},
				"west": {"uv": [0, 0, 0, 8], "texture": "#0"},
				"up": {"uv": [0, 0, 7.25, 0], "texture": "#0"},
				"down": {"uv": [0, 0, 7.25, 0], "texture": "#0"}
			}
		},
		{
			"from": [-15.25, 7.25, 10],
			"to": [-15.25, 11.25, 15.25],
			"faces": {
				"north": {"uv": [7.75, 7.75, 7.75, 11.75], "texture": "#0"},
				"east": {"uv": [7.75, 7.75, 13, 11.75], "texture": "#0"},
				"south": {"uv": [7.75, 7.75, 7.75, 11.75], "texture": "#0"},
				"west": {"uv": [7.75, 7.75, 13, 11.75], "texture": "#0"},
				"up": {"uv": [7.75, 7.75, 7.75, 13], "texture": "#0"},
				"down": {"uv": [7.75, 7.75, 7.75, 13], "texture": "#0"}
			}
		},
		{
			"from": [-15.25, 7.25, 2],
			"to": [-15.25, 16.25, 8],
			"faces": {
				"north": {"uv": [0, 0, 0, 9], "texture": "#0"},
				"east": {"uv": [0, 0, 6, 9], "texture": "#0"},
				"south": {"uv": [0, 0, 0, 9], "texture": "#0"},
				"west": {"uv": [0, 0, 6, 9], "texture": "#0"},
				"up": {"uv": [0, 0, 0, 6], "texture": "#0"},
				"down": {"uv": [0, 0, 0, 6], "texture": "#0"}
			}
		},
		{
			"from": [-15.25, 4.25, 7],
			"to": [-15.25, 7.25, 9],
			"faces": {
				"north": {"uv": [0, 0, 0, 3], "texture": "#0"},
				"east": {"uv": [0, 0, 2, 3], "texture": "#0"},
				"south": {"uv": [0, 0, 0, 3], "texture": "#0"},
				"west": {"uv": [0, 0, 2, 3], "texture": "#0"},
				"up": {"uv": [0, 0, 0, 2], "texture": "#0"},
				"down": {"uv": [0, 0, 0, 2], "texture": "#0"}
			}
		},
		{
			"from": [-2.25, 4.25, 3],
			"to": [-2.25, 7.25, 5],
			"faces": {
				"north": {"uv": [0, 0, 0, 3], "texture": "#0"},
				"east": {"uv": [0, 0, 2, 3], "texture": "#0"},
				"south": {"uv": [0, 0, 0, 3], "texture": "#0"},
				"west": {"uv": [0, 0, 2, 3], "texture": "#0"},
				"up": {"uv": [0, 0, 0, 2], "texture": "#0"},
				"down": {"uv": [0, 0, 0, 2], "texture": "#0"}
			}
		},
		{
			"from": [-13, 11.25, 0],
			"to": [-9, 16.25, 0],
			"faces": {
				"north": {"uv": [0, 0, 4, 5], "texture": "#0"},
				"east": {"uv": [0, 0, 0, 5], "texture": "#0"},
				"south": {"uv": [0, 0, 4, 5], "texture": "#0"},
				"west": {"uv": [0, 0, 0, 5], "texture": "#0"},
				"up": {"uv": [0, 0, 4, 0], "texture": "#0"},
				"down": {"uv": [0, 0, 4, 0], "texture": "#0"}
			}
		},
		{
			"from": [-8, 4.25, 5.75],
			"to": [-4, 7.25, 5.75],
			"faces": {
				"north": {"uv": [0, 0, 4, 3], "texture": "#0"},
				"east": {"uv": [0, 0, 0, 3], "texture": "#0"},
				"south": {"uv": [0, 0, 4, 3], "texture": "#0"},
				"west": {"uv": [0, 0, 0, 3], "texture": "#0"},
				"up": {"uv": [0, 0, 4, 0], "texture": "#0"},
				"down": {"uv": [0, 0, 4, 0], "texture": "#0"}
			}
		},
		{
			"from": [-8, 10.25, 0],
			"to": [-1, 13.25, 0],
			"faces": {
				"north": {"uv": [6, 5, 13, 8], "texture": "#0"},
				"east": {"uv": [6, 5, 6, 8], "texture": "#0"},
				"south": {"uv": [6, 5, 13, 8], "texture": "#0"},
				"west": {"uv": [6, 5, 6, 8], "texture": "#0"},
				"up": {"uv": [6, 5, 13, 5], "texture": "#0"},
				"down": {"uv": [6, 5, 13, 5], "texture": "#0"}
			}
		},
		{
			"from": [-8, 16, -0.25],
			"to": [-3, 17.25, -0.25],
			"faces": {
				"north": {"uv": [0, 0, 5, 1.25], "texture": "#0"},
				"east": {"uv": [0, 0, 0, 1.25], "texture": "#0"},
				"south": {"uv": [0, 0, 5, 1.25], "texture": "#0"},
				"west": {"uv": [0, 0, 0, 1.25], "texture": "#0"},
				"up": {"uv": [0, 0, 5, 0], "texture": "#0"},
				"down": {"uv": [0, 0, 5, 0], "texture": "#0"}
			}
		},
		{
			"from": [-8, 17.25, -0.25],
			"to": [-4, 17.25, 3],
			"faces": {
				"north": {"uv": [0, 0, 4, 0], "texture": "#0"},
				"east": {"uv": [0, 0, 3.25, 0], "texture": "#0"},
				"south": {"uv": [0, 0, 4, 0], "texture": "#0"},
				"west": {"uv": [0, 0, 3.25, 0], "texture": "#0"},
				"up": {"uv": [0, 0, 4, 3.25], "texture": "#0"},
				"down": {"uv": [0, 0, 4, 3.25], "texture": "#0"}
			}
		},
		{
			"from": [-5, 6.25, 15.25],
			"to": [-1, 11.25, 15.25],
			"faces": {
				"north": {"uv": [7.75, 7.75, 11.75, 12.75], "texture": "#0"},
				"east": {"uv": [7.75, 7.75, 7.75, 12.75], "texture": "#0"},
				"south": {"uv": [7.75, 7.75, 11.75, 12.75], "texture": "#0"},
				"west": {"uv": [7.75, 7.75, 7.75, 12.75], "texture": "#0"},
				"up": {"uv": [7.75, 7.75, 11.75, 7.75], "texture": "#0"},
				"down": {"uv": [7.75, 7.75, 11.75, 7.75], "texture": "#0"}
			}
		},
		{
			"from": [-8, 3.25, 15.25],
			"to": [-2, 6.25, 15.25],
			"faces": {
				"north": {"uv": [0, 0, 6, 3], "texture": "#0"},
				"east": {"uv": [0, 0, 0, 3], "texture": "#0"},
				"south": {"uv": [0, 0, 6, 3], "texture": "#0"},
				"west": {"uv": [0, 0, 0, 3], "texture": "#0"},
				"up": {"uv": [0, 0, 6, 0], "texture": "#0"},
				"down": {"uv": [0, 0, 6, 0], "texture": "#0"}
			}
		},
		{
			"from": [-2, 17.25, 12],
			"to": [6, 17.25, 16.25],
			"faces": {
				"north": {"uv": [0, 0, 8, 0], "texture": "#0"},
				"east": {"uv": [0, 0, 4.25, 0], "texture": "#0"},
				"south": {"uv": [0, 0, 8, 0], "texture": "#0"},
				"west": {"uv": [0, 0, 4.25, 0], "texture": "#0"},
				"up": {"uv": [0, 0, 8, 4.25], "texture": "#0"},
				"down": {"uv": [0, 0, 8, 4.25], "texture": "#0"}
			}
		},
		{
			"from": [6, 17.25, 8],
			"to": [9, 17.25, 14],
			"faces": {
				"north": {"uv": [7.75, 7.75, 10.75, 7.75], "texture": "#0"},
				"east": {"uv": [7.75, 7.75, 13.75, 7.75], "texture": "#0"},
				"south": {"uv": [7.75, 7.75, 10.75, 7.75], "texture": "#0"},
				"west": {"uv": [7.75, 7.75, 13.75, 7.75], "texture": "#0"},
				"up": {"uv": [7.75, 7.75, 10.75, 13.75], "texture": "#0"},
				"down": {"uv": [7.75, 7.75, 10.75, 13.75], "texture": "#0"}
			}
		},
		{
			"from": [12, 17.25, 4],
			"to": [14, 17.25, 8],
			"faces": {
				"north": {"uv": [7.75, 7.75, 9.75, 7.75], "texture": "#0"},
				"east": {"uv": [7.75, 7.75, 11.75, 7.75], "texture": "#0"},
				"south": {"uv": [7.75, 7.75, 9.75, 7.75], "texture": "#0"},
				"west": {"uv": [7.75, 7.75, 11.75, 7.75], "texture": "#0"},
				"up": {"uv": [7.75, 7.75, 9.75, 11.75], "texture": "#0"},
				"down": {"uv": [7.75, 7.75, 9.75, 11.75], "texture": "#0"}
			}
		},
		{
			"from": [10, 17.25, 10],
			"to": [17, 17.25, 13],
			"faces": {
				"north": {"uv": [0, 0, 7, 0], "texture": "#0"},
				"east": {"uv": [0, 0, 3, 0], "texture": "#0"},
				"south": {"uv": [0, 0, 7, 0], "texture": "#0"},
				"west": {"uv": [0, 0, 3, 0], "texture": "#0"},
				"up": {"uv": [0, 0, 7, 3], "texture": "#0"},
				"down": {"uv": [0, 0, 7, 3], "texture": "#0"}
			}
		},
		{
			"from": [-15, 17.25, 12],
			"to": [-11, 17.25, 16.25],
			"faces": {
				"north": {"uv": [0, 0, 4, 0], "texture": "#0"},
				"east": {"uv": [0, 0, 4.25, 0], "texture": "#0"},
				"south": {"uv": [0, 0, 4, 0], "texture": "#0"},
				"west": {"uv": [0, 0, 4.25, 0], "texture": "#0"},
				"up": {"uv": [0, 0, 4, 4.25], "texture": "#0"},
				"down": {"uv": [0, 0, 4, 4.25], "texture": "#0"}
			}
		},
		{
			"from": [0, 17.25, 2],
			"to": [7, 17.25, 7],
			"faces": {
				"north": {"uv": [0, 0, 7, 0], "texture": "#0"},
				"east": {"uv": [0, 0, 5, 0], "texture": "#0"},
				"south": {"uv": [0, 0, 7, 0], "texture": "#0"},
				"west": {"uv": [0, 0, 5, 0], "texture": "#0"},
				"up": {"uv": [0, 0, 7, 5], "texture": "#0"},
				"down": {"uv": [0, 0, 7, 5], "texture": "#0"}
			}
		},
		{
			"from": [-14, 17.25, 2],
			"to": [-10, 17.25, 7],
			"faces": {
				"north": {"uv": [7.75, 7.75, 11.75, 7.75], "texture": "#0"},
				"east": {"uv": [7.75, 7.75, 12.75, 7.75], "texture": "#0"},
				"south": {"uv": [7.75, 7.75, 11.75, 7.75], "texture": "#0"},
				"west": {"uv": [7.75, 7.75, 12.75, 7.75], "texture": "#0"},
				"up": {"uv": [7.75, 7.75, 11.75, 12.75], "texture": "#0"},
				"down": {"uv": [7.75, 7.75, 11.75, 12.75], "texture": "#0"}
			}
		}
	],
	"display": {
		"gui": {
			"rotation": [39, 149, 0],
			"scale": [0.3, 0.3, 0.3]
		},
		"fixed": {
			"rotation": [-90, 0, 0],
			"translation": [0, -5, -16],
			"scale": [2, 2, 2]
		}
	},
	"groups": [
		{
			"name": "top",
			"origin": [0, 0, 0],
			"color": 0,
			"nbt": "{}",
			"armAnimationEnabled": false,
			"children": [0, 1, 2]
		},
		{
			"name": "legs",
			"origin": [0, 0, 0],
			"color": 0,
			"nbt": "{}",
			"armAnimationEnabled": false,
			"children": [3, 4, 5, 6]
		},
		{
			"name": "body",
			"origin": [0, 0, 0],
			"color": 0,
			"nbt": "{}",
			"armAnimationEnabled": false,
			"children": [7, 8, 9, 10, 11, 12, 13, 14]
		},
		{
			"name": "drawer b",
			"origin": [0, 0, 0],
			"color": 0,
			"nbt": "{}",
			"armAnimationEnabled": false,
			"children": [15, 16, 17, 18, 19, 20]
		},
		{
			"name": "drawer t",
			"origin": [0, 0, 0],
			"color": 0,
			"nbt": "{}",
			"armAnimationEnabled": false,
			"children": [21, 22, 23, 24, 25, 26]
		},
		{
			"name": "sculk",
			"origin": [0, 0, 0],
			"color": 0,
			"nbt": "{}",
			"armAnimationEnabled": false,
			"children": [27, 28, 29, 30, 31, 32, 33, 34, 35, 36, 37, 38, 39, 40, 41, 42, 43, 44, 45, 46, 47, 48, 49, 50]
		}
	]
}