{
	"credit": "Made with Blockbench",
	"texture_size": [128, 128],
	"textures": {
		"0": "custom/warden",
		"1": "block/ice",
		"particle": "block/ice"
	},
	"elements": [
		{
			"name": "right_leg",
			"from": [9.3, 0, 4],
			"to": [12.3, 6.5, 7],
			"rotation": {"angle": 0, "axis": "y", "origin": [7.75, 13.95634, 2.96478]},
			"faces": {
				"north": {"uv": [10.25, 10.25, 11, 11.875], "texture": "#0"},
				"east": {"uv": [9.5, 10.25, 10.25, 11.875], "texture": "#0"},
				"south": {"uv": [11.75, 10.25, 12.5, 11.875], "texture": "#0"},
				"west": {"uv": [11, 10.25, 11.75, 11.875], "texture": "#0"},
				"up": {"uv": [10.25, 9.5, 11, 10.25], "texture": "#0"},
				"down": {"uv": [11, 9.5, 11.75, 10.25], "texture": "#0"}
			}
		},
		{
			"name": "left_leg",
			"from": [3.2, 0, 4],
			"to": [6.2, 6.5, 7],
			"rotation": {"angle": 0, "axis": "y", "origin": [7.75, 13.95634, 2.96478]},
			"faces": {
				"north": {"uv": [10.25, 6.75, 11, 8.375], "texture": "#0"},
				"east": {"uv": [9.5, 6.75, 10.25, 8.375], "texture": "#0"},
				"south": {"uv": [11.75, 6.75, 12.5, 8.375], "texture": "#0"},
				"west": {"uv": [11, 6.75, 11.75, 8.375], "texture": "#0"},
				"up": {"uv": [10.25, 6, 11, 6.75], "texture": "#0"},
				"down": {"uv": [11, 6, 11.75, 6.75], "texture": "#0"}
			}
		},
		{
			"name": "left_arm",
			"from": [-0.25, 12.45405, 1.54612],
			"to": [3.75, 16.45405, 15.54612],
			"rotation": {"angle": -22.5, "axis": "y", "origin": [7.75, 13.95634, 3.58978]},
			"faces": {
				"north": {"uv": [1, 7.25, 2, 8.25], "rotation": 180, "texture": "#0"},
				"east": {"uv": [0, 8.25, 1, 11.75], "rotation": 90, "texture": "#0"},
				"south": {"uv": [2, 7.25, 3, 8.25], "texture": "#0"},
				"west": {"uv": [2, 8.25, 3, 11.75], "rotation": 270, "texture": "#0"},
				"up": {"uv": [3, 8.25, 4, 11.75], "texture": "#0"},
				"down": {"uv": [1, 8.25, 2, 11.75], "rotation": 180, "texture": "#0"}
			}
		},
		{
			"name": "right_arm",
			"from": [12.25, 12.45405, 1.81865],
			"to": [16.25, 16.45405, 15.81865],
			"rotation": {"angle": 22.5, "axis": "y", "origin": [7.75, 13.95634, 3.58978]},
			"faces": {
				"north": {"uv": [6.5, 6.25, 7.5, 7.25], "rotation": 180, "texture": "#0"},
				"east": {"uv": [5.5, 7.25, 6.5, 10.75], "rotation": 90, "texture": "#0"},
				"south": {"uv": [7.5, 6.25, 8.5, 7.25], "texture": "#0"},
				"west": {"uv": [7.5, 7.25, 8.5, 10.75], "rotation": 270, "texture": "#0"},
				"up": {"uv": [8.5, 7.25, 9.5, 10.75], "texture": "#0"},
				"down": {"uv": [6.5, 7.25, 7.5, 10.75], "rotation": 180, "texture": "#0"}
			}
		},
		{
			"name": "right_ribcage",
			"from": [7.75, 5.5112, 0.60363],
			"to": [12.25, 16.0112, 0.60363],
			"rotation": {"angle": -22.5, "axis": "x", "origin": [10, 10.7612, 0.60363]},
			"faces": {
				"north": {"uv": [11.25, 1.375, 12.375, 4], "texture": "#0"},
				"east": {"uv": [0, 0, 0.125, 0.125], "texture": "#0"},
				"south": {"uv": [12.375, 1.375, 11.25, 4], "texture": "#0"},
				"west": {"uv": [0, 0, 0.125, 0.125], "texture": "#0"},
				"up": {"uv": [0, 0, 0.125, 0.125], "texture": "#0"},
				"down": {"uv": [0, 0, 0.125, 0.125], "texture": "#0"}
			}
		},
		{
			"name": "left_ribcage",
			"from": [3.25, 6.22748, -0.525],
			"to": [7.75, 16.72748, -0.525],
			"shade": false,
			"rotation": {"angle": -22.5, "axis": "x", "origin": [7.75, 13.95634, 1.83978]},
			"faces": {
				"north": {"uv": [12.375, 1.375, 11.25, 4], "texture": "#0"},
				"east": {"uv": [0, 0, 0.125, 0.125], "texture": "#0"},
				"south": {"uv": [11.25, 1.375, 12.375, 4], "texture": "#0"},
				"west": {"uv": [0, 0, 0.125, 0.125], "texture": "#0"},
				"up": {"uv": [0, 0, 0.125, 0.125], "texture": "#0"},
				"down": {"uv": [0, 0, 0.125, 0.125], "texture": "#0"}
			}
		},
		{
			"name": "torso",
			"from": [3.25, 5.5, -0.30414],
			"to": [12.25, 16, 5.19586],
			"rotation": {"angle": -22.5, "axis": "x", "origin": [7.75, 13.95634, 1.83978]},
			"faces": {
				"north": {"uv": [1.375, 1.375, 3.625, 4], "texture": "#0"},
				"east": {"uv": [0, 1.375, 1.375, 4], "texture": "#0"},
				"south": {"uv": [5, 1.375, 7.25, 4], "texture": "#0"},
				"west": {"uv": [3.625, 1.375, 5, 4], "texture": "#0"},
				"up": {"uv": [1.375, 0, 3.625, 1.375], "rotation": 180, "texture": "#0"},
				"down": {"uv": [3.625, 0, 5.875, 1.375], "texture": "#0"}
			}
		},
		{
			"name": "right_tendril",
			"from": [10.375, 19.85685, 1.27811],
			"to": [18.375, 26.85685, 1.27811],
			"rotation": {"angle": 22.5, "axis": "z", "origin": [7.75, 21.08185, -0.99689]},
			"faces": {
				"north": {"uv": [6.5, 4.25, 8.5, 6.25], "texture": "#0"},
				"east": {"uv": [0, 0, 0.125, 0.125], "texture": "#0"},
				"south": {"uv": [8.5, 4.25, 6.5, 6.25], "texture": "#0"},
				"west": {"uv": [0, 0, 0.125, 0.125], "texture": "#0"},
				"up": {"uv": [0, 0, 0.125, 0.125], "texture": "#0"},
				"down": {"uv": [0, 0, 0.125, 0.125], "texture": "#0"}
			}
		},
		{
			"name": "left_tendril",
			"from": [-5.625, 19.60685, 1.27811],
			"to": [2.375, 27.60685, 1.27811],
			"rotation": {"angle": 22.5, "axis": "z", "origin": [7.75, 21.08185, -0.99689]},
			"faces": {
				"north": {"uv": [7.25, 0.25, 9.25, 2.25], "texture": "#0"},
				"east": {"uv": [0, 0, 0.125, 0.125], "texture": "#0"},
				"south": {"uv": [9.25, 0.25, 7.25, 2.25], "texture": "#0"},
				"west": {"uv": [0, 0, 0.125, 0.125], "texture": "#0"},
				"up": {"uv": [0, 0, 0.125, 0.125], "texture": "#0"},
				"down": {"uv": [0, 0, 0.125, 0.125], "texture": "#0"}
			}
		},
		{
			"name": "head",
			"from": [2.375, 15.85685, -1.72189],
			"to": [10.375, 22.85685, 3.27811],
			"rotation": {"angle": 22.5, "axis": "z", "origin": [7.75, 21.08185, -0.99689]},
			"faces": {
				"north": {"uv": [1.25, 5.25, 3.25, 7.25], "texture": "#0"},
				"east": {"uv": [0, 5.25, 1.25, 7.25], "texture": "#0"},
				"south": {"uv": [4.5, 5.25, 6.5, 7.25], "texture": "#0"},
				"west": {"uv": [3.25, 5.25, 4.5, 7.25], "texture": "#0"},
				"up": {"uv": [1.25, 4, 3.25, 5.25], "texture": "#0"},
				"down": {"uv": [3.25, 4, 5.25, 5.25], "texture": "#0"}
			}
		},
		{
			"from": [4.5, 11, -2],
			"to": [5.5, 17, -1],
			"faces": {
				"north": {"uv": [11, 5, 12, 11], "texture": "#1"},
				"east": {"uv": [11, 5, 12, 11], "texture": "#1"},
				"south": {"uv": [11, 5, 12, 11], "texture": "#1"},
				"west": {"uv": [11, 5, 12, 11], "texture": "#1"},
				"up": {"uv": [11, 5, 12, 6], "texture": "#1"},
				"down": {"uv": [11, 5, 12, 6], "texture": "#1"}
			}
		},
		{
			"from": [-1.5, 11, 3],
			"to": [-0.5, 14, 4],
			"faces": {
				"north": {"uv": [0, 0, 0.125, 0.375], "texture": "#1"},
				"east": {"uv": [0, 0, 0.125, 0.375], "texture": "#1"},
				"south": {"uv": [0, 0, 0.125, 0.375], "texture": "#1"},
				"west": {"uv": [0, 0, 0.125, 0.375], "texture": "#1"},
				"up": {"uv": [0, 0, 0.125, 0.125], "texture": "#1"},
				"down": {"uv": [0, 0, 0.125, 0.125], "texture": "#1"}
			}
		},
		{
			"from": [-0.5, 10, 3],
			"to": [0.5, 13, 4],
			"faces": {
				"north": {"uv": [0, 0, 0.125, 0.375], "texture": "#1"},
				"east": {"uv": [0, 0, 0.125, 0.375], "texture": "#1"},
				"south": {"uv": [0, 0, 0.125, 0.375], "texture": "#1"},
				"west": {"uv": [0, 0, 0.125, 0.375], "texture": "#1"},
				"up": {"uv": [0, 0, 0.125, 0.125], "texture": "#1"},
				"down": {"uv": [0, 0, 0.125, 0.125], "texture": "#1"}
			}
		},
		{
			"from": [-0.5, 6, 4],
			"to": [0.5, 13, 5],
			"faces": {
				"north": {"uv": [0, 0, 0.125, 0.875], "texture": "#1"},
				"east": {"uv": [0, 0, 0.125, 0.875], "texture": "#1"},
				"south": {"uv": [0, 0, 0.125, 0.875], "texture": "#1"},
				"west": {"uv": [0, 0, 0.125, 0.875], "texture": "#1"},
				"up": {"uv": [0, 0, 0.125, 0.125], "texture": "#1"},
				"down": {"uv": [0, 0, 0.125, 0.125], "texture": "#1"}
			}
		},
		{
			"from": [-1.5, 12, 4],
			"to": [-0.5, 16, 5],
			"faces": {
				"north": {"uv": [0, 0, 0.125, 0.5], "texture": "#1"},
				"east": {"uv": [0, 0, 0.125, 0.5], "texture": "#1"},
				"south": {"uv": [0, 0, 0.125, 0.5], "texture": "#1"},
				"west": {"uv": [0, 0, 0.125, 0.5], "texture": "#1"},
				"up": {"uv": [0, 0, 0.125, 0.125], "texture": "#1"},
				"down": {"uv": [0, 0, 0.125, 0.125], "texture": "#1"}
			}
		},
		{
			"from": [1.5, 10, 4],
			"to": [2.5, 13, 5],
			"faces": {
				"north": {"uv": [0, 0, 0.125, 0.375], "texture": "#1"},
				"east": {"uv": [0, 0, 0.125, 0.375], "texture": "#1"},
				"south": {"uv": [0, 0, 0.125, 0.375], "texture": "#1"},
				"west": {"uv": [0, 0, 0.125, 0.375], "texture": "#1"},
				"up": {"uv": [0, 0, 0.125, 0.125], "texture": "#1"},
				"down": {"uv": [0, 0, 0.125, 0.125], "texture": "#1"}
			}
		},
		{
			"from": [0.5, 12, 3],
			"to": [2.5, 13, 4],
			"faces": {
				"north": {"uv": [0, 0, 0.25, 0.125], "texture": "#1"},
				"east": {"uv": [0, 0, 0.125, 0.125], "texture": "#1"},
				"south": {"uv": [0, 0, 0.25, 0.125], "texture": "#1"},
				"west": {"uv": [0, 0, 0.125, 0.125], "texture": "#1"},
				"up": {"uv": [0, 0, 0.25, 0.125], "texture": "#1"},
				"down": {"uv": [0, 0, 0.25, 0.125], "texture": "#1"}
			}
		},
		{
			"from": [-0.25, 12, 2],
			"to": [1.75, 13, 3],
			"faces": {
				"north": {"uv": [0, 0, 0.25, 0.125], "texture": "#1"},
				"east": {"uv": [0, 0, 0.125, 0.125], "texture": "#1"},
				"south": {"uv": [0, 0, 0.25, 0.125], "texture": "#1"},
				"west": {"uv": [0, 0, 0.125, 0.125], "texture": "#1"},
				"up": {"uv": [0, 0, 0.25, 0.125], "texture": "#1"},
				"down": {"uv": [0, 0, 0.25, 0.125], "texture": "#1"}
			}
		},
		{
			"from": [0.5, 11, 4],
			"to": [1.5, 13, 5],
			"faces": {
				"north": {"uv": [0, 0, 0.125, 0.25], "texture": "#1"},
				"east": {"uv": [0, 0, 0.125, 0.25], "texture": "#1"},
				"south": {"uv": [0, 0, 0.125, 0.25], "texture": "#1"},
				"west": {"uv": [0, 0, 0.125, 0.25], "texture": "#1"},
				"up": {"uv": [0, 0, 0.125, 0.125], "texture": "#1"},
				"down": {"uv": [0, 0, 0.125, 0.125], "texture": "#1"}
			}
		},
		{
			"from": [9.5, 22, -2],
			"to": [10.5, 24, -1],
			"faces": {
				"north": {"uv": [0, 0, 0.125, 0.25], "texture": "#1"},
				"east": {"uv": [0, 0, 0.125, 0.25], "texture": "#1"},
				"south": {"uv": [0, 0, 0.125, 0.25], "texture": "#1"},
				"west": {"uv": [0, 0, 0.125, 0.25], "texture": "#1"},
				"up": {"uv": [0, 0, 0.125, 0.125], "texture": "#1"},
				"down": {"uv": [0, 0, 0.125, 0.125], "texture": "#1"}
			}
		},
		{
			"from": [8.5, 23, -2],
			"to": [9.5, 24, -1],
			"faces": {
				"north": {"uv": [0, 0, 0.125, 0.125], "texture": "#1"},
				"east": {"uv": [0, 0, 0.125, 0.125], "texture": "#1"},
				"south": {"uv": [0, 0, 0.125, 0.125], "texture": "#1"},
				"west": {"uv": [0, 0, 0.125, 0.125], "texture": "#1"},
				"up": {"uv": [0, 0, 0.125, 0.125], "texture": "#1"},
				"down": {"uv": [0, 0, 0.125, 0.125], "texture": "#1"}
			}
		},
		{
			"from": [8.5, 23, -1],
			"to": [10.5, 24, 0],
			"faces": {
				"north": {"uv": [0, 0, 0.25, 0.125], "texture": "#1"},
				"east": {"uv": [0, 0, 0.125, 0.125], "texture": "#1"},
				"south": {"uv": [0, 0, 0.25, 0.125], "texture": "#1"},
				"west": {"uv": [0, 0, 0.125, 0.125], "texture": "#1"},
				"up": {"uv": [0, 0, 0.25, 0.125], "texture": "#1"},
				"down": {"uv": [0, 0, 0.25, 0.125], "texture": "#1"}
			}
		},
		{
			"from": [18.75, 8, 9],
			"to": [19.75, 14, 10],
			"faces": {
				"north": {"uv": [0, 0, 0.125, 0.75], "texture": "#1"},
				"east": {"uv": [0, 0, 0.125, 0.75], "texture": "#1"},
				"south": {"uv": [0, 0, 0.125, 0.75], "texture": "#1"},
				"west": {"uv": [0, 0, 0.125, 0.75], "texture": "#1"},
				"up": {"uv": [0, 0, 0.125, 0.125], "texture": "#1"},
				"down": {"uv": [0, 0, 0.125, 0.125], "texture": "#1"}
			}
		},
		{
			"from": [18.75, 11, 10],
			"to": [19.75, 14, 11],
			"faces": {
				"north": {"uv": [0, 0, 0.125, 0.375], "texture": "#1"},
				"east": {"uv": [0, 0, 0.125, 0.375], "texture": "#1"},
				"south": {"uv": [0, 0, 0.125, 0.375], "texture": "#1"},
				"west": {"uv": [0, 0, 0.125, 0.375], "texture": "#1"},
				"up": {"uv": [0, 0, 0.125, 0.125], "texture": "#1"},
				"down": {"uv": [0, 0, 0.125, 0.125], "texture": "#1"}
			}
		},
		{
			"from": [19.75, 12, 10],
			"to": [20.75, 16, 11],
			"faces": {
				"north": {"uv": [0, 0, 0.125, 0.5], "texture": "#1"},
				"east": {"uv": [0, 0, 0.125, 0.5], "texture": "#1"},
				"south": {"uv": [0, 0, 0.125, 0.5], "texture": "#1"},
				"west": {"uv": [0, 0, 0.125, 0.5], "texture": "#1"},
				"up": {"uv": [0, 0, 0.125, 0.125], "texture": "#1"},
				"down": {"uv": [0, 0, 0.125, 0.125], "texture": "#1"}
			}
		},
		{
			"from": [19.75, 9, 11],
			"to": [20.75, 17, 12],
			"faces": {
				"north": {"uv": [0, 0, 0.125, 1], "texture": "#1"},
				"east": {"uv": [0, 0, 0.125, 1], "texture": "#1"},
				"south": {"uv": [0, 0, 0.125, 1], "texture": "#1"},
				"west": {"uv": [0, 0, 0.125, 1], "texture": "#1"},
				"up": {"uv": [0, 0, 0.125, 0.125], "texture": "#1"},
				"down": {"uv": [0, 0, 0.125, 0.125], "texture": "#1"}
			}
		},
		{
			"from": [18.75, 16, 11],
			"to": [19.75, 17, 12],
			"faces": {
				"north": {"uv": [0, 0, 0.125, 0.125], "texture": "#1"},
				"east": {"uv": [0, 0, 0.125, 0.125], "texture": "#1"},
				"south": {"uv": [0, 0, 0.125, 0.125], "texture": "#1"},
				"west": {"uv": [0, 0, 0.125, 0.125], "texture": "#1"},
				"up": {"uv": [0, 0, 0.125, 0.125], "texture": "#1"},
				"down": {"uv": [0, 0, 0.125, 0.125], "texture": "#1"}
			}
		},
		{
			"from": [18.75, 14, 12],
			"to": [19.75, 17, 13],
			"faces": {
				"north": {"uv": [0, 0, 0.125, 0.375], "texture": "#1"},
				"east": {"uv": [0, 0, 0.125, 0.375], "texture": "#1"},
				"south": {"uv": [0, 0, 0.125, 0.375], "texture": "#1"},
				"west": {"uv": [0, 0, 0.125, 0.375], "texture": "#1"},
				"up": {"uv": [0, 0, 0.125, 0.125], "texture": "#1"},
				"down": {"uv": [0, 0, 0.125, 0.125], "texture": "#1"}
			}
		},
		{
			"from": [17.75, 11, 12],
			"to": [18.75, 17, 13],
			"faces": {
				"north": {"uv": [0, 0, 0.125, 0.75], "texture": "#1"},
				"east": {"uv": [0, 0, 0.125, 0.75], "texture": "#1"},
				"south": {"uv": [0, 0, 0.125, 0.75], "texture": "#1"},
				"west": {"uv": [0, 0, 0.125, 0.75], "texture": "#1"},
				"up": {"uv": [0, 0, 0.125, 0.125], "texture": "#1"},
				"down": {"uv": [0, 0, 0.125, 0.125], "texture": "#1"}
			}
		},
		{
			"from": [5.5, 14, -2],
			"to": [6.5, 16, -1],
			"faces": {
				"north": {"uv": [10, 6, 11, 8], "texture": "#1"},
				"east": {"uv": [10, 6, 11, 8], "texture": "#1"},
				"south": {"uv": [10, 6, 11, 8], "texture": "#1"},
				"west": {"uv": [10, 6, 11, 8], "texture": "#1"},
				"up": {"uv": [10, 6, 11, 7], "texture": "#1"},
				"down": {"uv": [10, 6, 11, 7], "texture": "#1"}
			}
		},
		{
			"from": [6.5, 13, -2],
			"to": [7.5, 16, -1],
			"faces": {
				"north": {"uv": [9, 6, 10, 9], "texture": "#1"},
				"east": {"uv": [9, 6, 10, 9], "texture": "#1"},
				"south": {"uv": [9, 6, 10, 9], "texture": "#1"},
				"west": {"uv": [9, 6, 10, 9], "texture": "#1"},
				"up": {"uv": [9, 6, 10, 7], "texture": "#1"},
				"down": {"uv": [9, 6, 10, 7], "texture": "#1"}
			}
		},
		{
			"from": [7.5, 15, -2],
			"to": [8.5, 16, -1],
			"faces": {
				"north": {"uv": [0, 0, 0.125, 0.125], "texture": "#1"},
				"east": {"uv": [0, 0, 0.125, 0.125], "texture": "#1"},
				"south": {"uv": [0, 0, 0.125, 0.125], "texture": "#1"},
				"west": {"uv": [0, 0, 0.125, 0.125], "texture": "#1"},
				"up": {"uv": [0, 0, 0.125, 0.125], "texture": "#1"},
				"down": {"uv": [0, 0, 0.125, 0.125], "texture": "#1"}
			}
		},
		{
			"from": [3.5, 15, -2],
			"to": [4.5, 17, -1],
			"faces": {
				"north": {"uv": [0, 0, 0.125, 0.25], "texture": "#1"},
				"east": {"uv": [0, 0, 0.125, 0.25], "texture": "#1"},
				"south": {"uv": [0, 0, 0.125, 0.25], "texture": "#1"},
				"west": {"uv": [0, 0, 0.125, 0.25], "texture": "#1"},
				"up": {"uv": [0, 0, 0.125, 0.125], "texture": "#1"},
				"down": {"uv": [0, 0, 0.125, 0.125], "texture": "#1"}
			}
		}
	],
	"display": {
		"fixed": {
			"rotation": [-90, 17, 0],
			"translation": [0, 0, -32],
			"scale": [4, 4, 4]
		}
	},
	"groups": [
		{
			"name": "group",
			"origin": [8, 8, 8],
			"color": 0,
			"nbt": "{}",
			"armAnimationEnabled": false,
			"children": [
				{
					"name": "right_leg",
					"origin": [-6, 13, -1],
					"color": 0,
					"nbt": "{}",
					"armAnimationEnabled": false,
					"children": [0]
				},
				{
					"name": "left_leg",
					"origin": [6, 13, -1],
					"color": 0,
					"nbt": "{}",
					"armAnimationEnabled": false,
					"children": [1]
				},
				{
					"name": "left_arm",
					"origin": [13, 34, 0],
					"color": 0,
					"nbt": "{}",
					"armAnimationEnabled": false,
					"children": [2]
				},
				{
					"name": "right_arm",
					"origin": [-13, 34, 0],
					"color": 0,
					"nbt": "{}",
					"armAnimationEnabled": false,
					"children": [3]
				},
				{
					"name": "right_ribcage",
					"origin": [-7, 23, -5],
					"color": 0,
					"nbt": "{}",
					"armAnimationEnabled": false,
					"children": [4]
				},
				{
					"name": "left_ribcage",
					"origin": [7, 23, -5],
					"color": 0,
					"nbt": "{}",
					"armAnimationEnabled": false,
					"shade": false,
					"children": [5]
				},
				{
					"name": "torso",
					"origin": [0, 21, -1],
					"color": 0,
					"nbt": "{}",
					"armAnimationEnabled": false,
					"children": [6]
				},
				{
					"name": "right_tendril",
					"origin": [-8, 46, 0],
					"color": 0,
					"nbt": "{}",
					"armAnimationEnabled": false,
					"children": [7]
				},
				{
					"name": "left_tendril",
					"origin": [8, 46, 0],
					"color": 0,
					"nbt": "{}",
					"armAnimationEnabled": false,
					"children": [8]
				},
				{
					"name": "head",
					"origin": [0, 34, -1],
					"color": 0,
					"nbt": "{}",
					"armAnimationEnabled": false,
					"children": [9]
				}
			]
		},
		10,
		11,
		12,
		13,
		14,
		15,
		16,
		17,
		18,
		19,
		20,
		21,
		22,
		23,
		24,
		25,
		26,
		27,
		28,
		29,
		30,
		31,
		32
	]
}