{
	"credit": "Made with Blockbench",
	"textures": {
		"1": "block/diamond_block",
		"particle": "people/unicomics"
	},
	"elements": [
		{
			"from": [0.35, 8.2, 7.1],
			"to": [15.65, 10, 8.9],
			"rotation": {"angle": 0, "axis": "y", "origin": [8, 6, 8]},
			"faces": {
				"north": {"uv": [0, 2, 16, 4], "texture": "#1"},
				"east": {"uv": [0, 2, 2, 4], "texture": "#1"},
				"south": {"uv": [0, 2, 16, 4], "texture": "#1"},
				"west": {"uv": [0, 2, 2, 4], "texture": "#1"},
				"up": {"uv": [0, 2, 16, 4], "texture": "#1"},
				"down": {"uv": [0, 2, 16, 4], "texture": "#1"}
			}
		},
		{
			"from": [1.25, 7.3, 7.1],
			"to": [14.75, 8.2, 8.9],
			"rotation": {"angle": 0, "axis": "y", "origin": [8, 6, 8]},
			"faces": {
				"north": {"uv": [0, 2, 15, 3], "texture": "#1"},
				"east": {"uv": [0, 2, 2, 3], "texture": "#1"},
				"south": {"uv": [0, 2, 15, 3], "texture": "#1"},
				"west": {"uv": [0, 2, 2, 3], "texture": "#1"},
				"up": {"uv": [0, 2, 15, 4], "texture": "#1"},
				"down": {"uv": [0, 2, 15, 4], "texture": "#1"}
			}
		},
		{
			"from": [2.15, 6.4, 7.1],
			"to": [13.85, 7.3, 8.9],
			"rotation": {"angle": 0, "axis": "y", "origin": [8, 6, 8]},
			"faces": {
				"north": {"uv": [0, 2, 13, 3], "texture": "#1"},
				"east": {"uv": [0, 2, 2, 3], "texture": "#1"},
				"south": {"uv": [0, 2, 13, 3], "texture": "#1"},
				"west": {"uv": [0, 2, 2, 3], "texture": "#1"},
				"up": {"uv": [0, 2, 13, 4], "texture": "#1"},
				"down": {"uv": [0, 2, 13, 4], "texture": "#1"}
			}
		},
		{
			"from": [3.05, 5.5, 7.1],
			"to": [12.95, 6.4, 8.9],
			"rotation": {"angle": 0, "axis": "y", "origin": [8, 6, 8]},
			"faces": {
				"north": {"uv": [0, 2, 11, 3], "texture": "#1"},
				"east": {"uv": [0, 2, 2, 3], "texture": "#1"},
				"south": {"uv": [0, 2, 11, 3], "texture": "#1"},
				"west": {"uv": [0, 2, 2, 3], "texture": "#1"},
				"up": {"uv": [0, 2, 11, 4], "texture": "#1"},
				"down": {"uv": [0, 2, 11, 4], "texture": "#1"}
			}
		},
		{
			"from": [3.05, 2.8, 7.1],
			"to": [12.95, 3.7, 8.9],
			"rotation": {"angle": 0, "axis": "y", "origin": [8, 6, 8]},
			"faces": {
				"north": {"uv": [0, 2, 11, 3], "texture": "#1"},
				"east": {"uv": [0, 2, 2, 3], "texture": "#1"},
				"south": {"uv": [0, 2, 11, 3], "texture": "#1"},
				"west": {"uv": [0, 2, 2, 3], "texture": "#1"},
				"up": {"uv": [0, 2, 11, 4], "texture": "#1"},
				"down": {"uv": [0, 2, 11, 4], "texture": "#1"}
			}
		},
		{
			"from": [3.05, 1.9, 7.1],
			"to": [7.55, 2.8, 8.9],
			"rotation": {"angle": 0, "axis": "y", "origin": [8, 6, 8]},
			"faces": {
				"north": {"uv": [0, 2, 5, 3], "texture": "#1"},
				"east": {"uv": [0, 2, 2, 3], "texture": "#1"},
				"south": {"uv": [0, 2, 5, 3], "texture": "#1"},
				"west": {"uv": [0, 2, 2, 3], "texture": "#1"},
				"up": {"uv": [0, 2, 5, 4], "texture": "#1"},
				"down": {"uv": [0, 2, 5, 4], "texture": "#1"}
			}
		},
		{
			"from": [3.05, 1, 7.1],
			"to": [6.65, 1.9, 8.9],
			"rotation": {"angle": 0, "axis": "y", "origin": [8, 6, 8]},
			"faces": {
				"north": {"uv": [0, 2, 4, 3], "texture": "#1"},
				"east": {"uv": [0, 2, 2, 3], "texture": "#1"},
				"south": {"uv": [0, 2, 4, 3], "texture": "#1"},
				"west": {"uv": [0, 2, 2, 3], "texture": "#1"},
				"up": {"uv": [0, 2, 4, 4], "texture": "#1"},
				"down": {"uv": [0, 2, 4, 4], "texture": "#1"}
			}
		},
		{
			"from": [3.05, 0.1, 7.1],
			"to": [4.85, 1, 8.9],
			"rotation": {"angle": 0, "axis": "y", "origin": [8, 6, 8]},
			"faces": {
				"north": {"uv": [0, 2, 2, 3], "texture": "#1"},
				"east": {"uv": [0, 2, 2, 3], "texture": "#1"},
				"south": {"uv": [0, 2, 2, 3], "texture": "#1"},
				"west": {"uv": [0, 2, 2, 3], "texture": "#1"},
				"up": {"uv": [0, 2, 2, 4], "texture": "#1"},
				"down": {"uv": [0, 2, 2, 4], "texture": "#1"}
			}
		},
		{
			"from": [11.15, 0.1, 7.1],
			"to": [12.95, 1, 8.9],
			"rotation": {"angle": 0, "axis": "y", "origin": [8, 6, 8]},
			"faces": {
				"north": {"uv": [0, 2, 2, 3], "texture": "#1"},
				"east": {"uv": [0, 2, 2, 3], "texture": "#1"},
				"south": {"uv": [0, 2, 2, 3], "texture": "#1"},
				"west": {"uv": [0, 2, 2, 3], "texture": "#1"},
				"up": {"uv": [0, 2, 2, 4], "texture": "#1"},
				"down": {"uv": [0, 2, 2, 4], "texture": "#1"}
			}
		},
		{
			"from": [9.35, 1, 7.1],
			"to": [12.95, 1.9, 8.9],
			"rotation": {"angle": 0, "axis": "y", "origin": [8, 6, 8]},
			"faces": {
				"north": {"uv": [0, 2, 4, 3], "texture": "#1"},
				"east": {"uv": [0, 2, 2, 3], "texture": "#1"},
				"south": {"uv": [0, 2, 4, 3], "texture": "#1"},
				"west": {"uv": [0, 2, 2, 3], "texture": "#1"},
				"up": {"uv": [0, 2, 4, 4], "texture": "#1"},
				"down": {"uv": [0, 2, 4, 4], "texture": "#1"}
			}
		},
		{
			"from": [8.45, 1.9, 7.1],
			"to": [12.95, 2.8, 8.9],
			"rotation": {"angle": 0, "axis": "y", "origin": [8, 6, 8]},
			"faces": {
				"north": {"uv": [0, 2, 5, 3], "texture": "#1"},
				"east": {"uv": [0, 2, 2, 3], "texture": "#1"},
				"south": {"uv": [0, 2, 5, 3], "texture": "#1"},
				"west": {"uv": [0, 2, 2, 3], "texture": "#1"},
				"up": {"uv": [0, 2, 5, 4], "texture": "#1"},
				"down": {"uv": [0, 2, 5, 4], "texture": "#1"}
			}
		},
		{
			"from": [3.95, 3.7, 7.1],
			"to": [12.05, 5.5, 8.9],
			"rotation": {"angle": 0, "axis": "y", "origin": [8, 6, 8]},
			"faces": {
				"north": {"uv": [0, 2, 9, 4], "texture": "#1"},
				"east": {"uv": [0, 2, 2, 4], "texture": "#1"},
				"south": {"uv": [0, 2, 9, 4], "texture": "#1"},
				"west": {"uv": [0, 2, 2, 4], "texture": "#1"},
				"up": {"uv": [0, 2, 9, 4], "texture": "#1"},
				"down": {"uv": [0, 2, 9, 4], "texture": "#1"}
			}
		},
		{
			"from": [5.75, 10, 7.1],
			"to": [10.25, 11.8, 8.9],
			"rotation": {"angle": 0, "axis": "y", "origin": [8, 6, 8]},
			"faces": {
				"north": {"uv": [0, 2, 5, 4], "texture": "#1"},
				"east": {"uv": [0, 2, 2, 4], "texture": "#1"},
				"south": {"uv": [0, 2, 5, 4], "texture": "#1"},
				"west": {"uv": [0, 2, 2, 4], "texture": "#1"},
				"up": {"uv": [0, 2, 5, 4], "texture": "#1"},
				"down": {"uv": [0, 2, 5, 4], "texture": "#1"}
			}
		},
		{
			"from": [6.65, 11.8, 7.1],
			"to": [9.35, 14.5, 8.9],
			"rotation": {"angle": 0, "axis": "y", "origin": [8, 6, 8]},
			"faces": {
				"north": {"uv": [0, 2, 3, 5], "texture": "#1"},
				"east": {"uv": [0, 2, 2, 5], "texture": "#1"},
				"south": {"uv": [0, 2, 3, 5], "texture": "#1"},
				"west": {"uv": [0, 2, 2, 5], "texture": "#1"},
				"up": {"uv": [0, 2, 3, 4], "texture": "#1"},
				"down": {"uv": [0, 2, 3, 4], "texture": "#1"}
			}
		},
		{
			"from": [7.55, 14.5, 7.1],
			"to": [8.45, 15.4, 8.9],
			"rotation": {"angle": 0, "axis": "y", "origin": [8, 6, 8]},
			"faces": {
				"north": {"uv": [0, 2, 1, 3], "texture": "#1"},
				"east": {"uv": [0, 2, 2, 3], "texture": "#1"},
				"south": {"uv": [0, 2, 1, 3], "texture": "#1"},
				"west": {"uv": [0, 2, 2, 3], "texture": "#1"},
				"up": {"uv": [0, 2, 1, 4], "texture": "#1"},
				"down": {"uv": [0, 2, 1, 4], "texture": "#1"}
			}
		}
	],
	"display": {
		"thirdperson_righthand": {
			"translation": [0, 3.5, 1],
			"scale": [0, 0, 0]
		},
		"thirdperson_lefthand": {
			"translation": [0, 3.5, 1],
			"scale": [0, 0, 0]
		},
		"firstperson_righthand": {
			"translation": [0, 4, 0],
			"scale": [0, 0, 0]
		},
		"firstperson_lefthand": {
			"translation": [0, 4, 0],
			"scale": [0, 0, 0]
		},
		"ground": {
			"translation": [0, 2.25, 0],
			"scale": [0, 0, 0]
		},
		"gui": {
			"rotation": [25, 135, 0],
			"translation": [0, 0.75, 0],
			"scale": [0, 0, 0]
		},
		"head": {
			"translation": [0, 15.25, 0],
			"scale": [0, 0, 0]
		},
		"fixed": {
			"rotation": [-90, 0, 0],
			"translation": [0, 0, -16],
			"scale": [0, 0, 0]
		}
	},
	"groups": [
		{
			"name": "diamondstar",
			"origin": [0.35, -15.15, 0.8],
			"color": 0,
			"nbt": "{}",
			"armAnimationEnabled": false,
			"children": [0, 1, 2, 3, 4, 5, 6, 7, 8, 9, 10, 11, 12, 13, 14]
		}
	]
}