{
	"credit": "Made with Blockbench",
	"textures": {
		"0": "block/sandstone",
		"1": "block/hay_block_side",
		"2": "block/hay_block_top",
		"3": "block/stripped_dark_oak_log",
		"4": "block/red_concrete_powder",
		"5": "block/andesite",
		"6": "block/torch",
		"7": "block/anvil",
		"particle": "block/sandstone"
	},
	"elements": [
		{
			"from": [19.75, 3, 19.75],
			"to": [29, 17, 29],
			"rotation": {"angle": 0, "axis": "y", "origin": [16, 0, 16]},
			"faces": {
				"north": {"uv": [4, 0, 13, 14], "texture": "#0"},
				"east": {"uv": [4, 0, 13, 14], "texture": "#0"},
				"south": {"uv": [4, 0, 13, 14], "texture": "#0"},
				"west": {"uv": [4, 0, 13, 14], "texture": "#0"},
				"up": {"uv": [13, 9, 4, 0], "texture": "#0"},
				"down": {"uv": [13, 9, 4, 0], "texture": "#0"}
			}
		},
		{
			"from": [29, 18, 29],
			"to": [30, 19, 30],
			"rotation": {"angle": 0, "axis": "y", "origin": [8.5, 14, 8.5]},
			"faces": {
				"north": {"uv": [0, 0, 1, 1], "texture": "#0"},
				"east": {"uv": [0, 0, 1, 1], "texture": "#0"},
				"south": {"uv": [0, 0, 1, 1], "texture": "#0"},
				"west": {"uv": [0, 0, 1, 1], "texture": "#0"},
				"up": {"uv": [1, 1, 2, 2], "texture": "#0"},
				"down": {"uv": [1, 1, 2, 2], "texture": "#0"}
			}
		},
		{
			"from": [27, 18, 29],
			"to": [28, 19, 30],
			"rotation": {"angle": 0, "axis": "y", "origin": [8.5, 14, 8.5]},
			"faces": {
				"north": {"uv": [0, 0, 1, 1], "texture": "#0"},
				"east": {"uv": [0, 0, 1, 1], "texture": "#0"},
				"south": {"uv": [0, 0, 1, 1], "texture": "#0"},
				"west": {"uv": [0, 0, 1, 1], "texture": "#0"},
				"up": {"uv": [1, 1, 2, 2], "texture": "#0"},
				"down": {"uv": [1, 1, 2, 2], "texture": "#0"}
			}
		},
		{
			"from": [25, 18, 29],
			"to": [26, 19, 30],
			"rotation": {"angle": 0, "axis": "y", "origin": [8.5, 14, 8.5]},
			"faces": {
				"north": {"uv": [6, 6, 7, 7], "texture": "#0"},
				"east": {"uv": [6, 6, 7, 7], "texture": "#0"},
				"south": {"uv": [6, 6, 7, 7], "texture": "#0"},
				"west": {"uv": [6, 6, 7, 7], "texture": "#0"},
				"up": {"uv": [7, 7, 6, 6], "texture": "#0"},
				"down": {"uv": [7, 7, 6, 6], "texture": "#0"}
			}
		},
		{
			"from": [23, 18, 29],
			"to": [24, 19, 30],
			"rotation": {"angle": 0, "axis": "y", "origin": [8.5, 14, 8.5]},
			"faces": {
				"north": {"uv": [0, 0, 1, 1], "texture": "#0"},
				"east": {"uv": [0, 0, 1, 1], "texture": "#0"},
				"south": {"uv": [0, 0, 1, 1], "texture": "#0"},
				"west": {"uv": [0, 0, 1, 1], "texture": "#0"},
				"up": {"uv": [1, 1, 2, 2], "texture": "#0"},
				"down": {"uv": [1, 1, 2, 2], "texture": "#0"}
			}
		},
		{
			"from": [21, 18, 29],
			"to": [22, 19, 30],
			"rotation": {"angle": 0, "axis": "y", "origin": [8.5, 14, 8.5]},
			"faces": {
				"north": {"uv": [0, 0, 1, 1], "texture": "#0"},
				"east": {"uv": [0, 0, 1, 1], "texture": "#0"},
				"south": {"uv": [0, 0, 1, 1], "texture": "#0"},
				"west": {"uv": [0, 0, 1, 1], "texture": "#0"},
				"up": {"uv": [1, 1, 2, 2], "texture": "#0"},
				"down": {"uv": [1, 1, 2, 2], "texture": "#0"}
			}
		},
		{
			"from": [20, 16, 29],
			"to": [30, 18, 30],
			"rotation": {"angle": 0, "axis": "y", "origin": [16, 0, 16]},
			"faces": {
				"north": {"uv": [0, 0, 10, 2], "texture": "#0"},
				"east": {"uv": [0, 0, 1, 2], "texture": "#0"},
				"south": {"uv": [0, 0, 10, 2], "texture": "#0"},
				"west": {"uv": [0, 0, 1, 2], "texture": "#0"},
				"up": {"uv": [6, 1, 16, 2], "texture": "#0"},
				"down": {"uv": [6, 1, 16, 2], "texture": "#0"}
			}
		},
		{
			"from": [19, 18, 19],
			"to": [20, 19, 20],
			"rotation": {"angle": 0, "axis": "y", "origin": [8.5, 14, 8.5]},
			"faces": {
				"north": {"uv": [0, 0, 1, 1], "texture": "#0"},
				"east": {"uv": [0, 0, 1, 1], "texture": "#0"},
				"south": {"uv": [0, 0, 1, 1], "texture": "#0"},
				"west": {"uv": [0, 0, 1, 1], "texture": "#0"},
				"up": {"uv": [1, 1, 2, 2], "rotation": 180, "texture": "#0"},
				"down": {"uv": [1, 1, 2, 2], "rotation": 180, "texture": "#0"}
			}
		},
		{
			"from": [21, 18, 19],
			"to": [22, 19, 20],
			"rotation": {"angle": 0, "axis": "y", "origin": [8.5, 14, 8.5]},
			"faces": {
				"north": {"uv": [0, 0, 1, 1], "texture": "#0"},
				"east": {"uv": [0, 0, 1, 1], "texture": "#0"},
				"south": {"uv": [0, 0, 1, 1], "texture": "#0"},
				"west": {"uv": [0, 0, 1, 1], "texture": "#0"},
				"up": {"uv": [1, 1, 2, 2], "rotation": 180, "texture": "#0"},
				"down": {"uv": [1, 1, 2, 2], "rotation": 180, "texture": "#0"}
			}
		},
		{
			"from": [23, 18, 19],
			"to": [24, 19, 20],
			"rotation": {"angle": 0, "axis": "y", "origin": [8.5, 14, 8.5]},
			"faces": {
				"north": {"uv": [10, 10, 11, 11], "texture": "#0"},
				"east": {"uv": [10, 10, 11, 11], "texture": "#0"},
				"south": {"uv": [10, 10, 11, 11], "texture": "#0"},
				"west": {"uv": [10, 10, 11, 11], "texture": "#0"},
				"up": {"uv": [11, 11, 10, 10], "rotation": 180, "texture": "#0"},
				"down": {"uv": [11, 11, 10, 10], "rotation": 180, "texture": "#0"}
			}
		},
		{
			"from": [25, 18, 19],
			"to": [26, 19, 20],
			"rotation": {"angle": 0, "axis": "y", "origin": [8.5, 14, 8.5]},
			"faces": {
				"north": {"uv": [0, 0, 1, 1], "texture": "#0"},
				"east": {"uv": [0, 0, 1, 1], "texture": "#0"},
				"south": {"uv": [0, 0, 1, 1], "texture": "#0"},
				"west": {"uv": [0, 0, 1, 1], "texture": "#0"},
				"up": {"uv": [1, 1, 2, 2], "rotation": 180, "texture": "#0"},
				"down": {"uv": [1, 1, 2, 2], "rotation": 180, "texture": "#0"}
			}
		},
		{
			"from": [27, 18, 19],
			"to": [28, 19, 20],
			"rotation": {"angle": 0, "axis": "y", "origin": [8.5, 14, 8.5]},
			"faces": {
				"north": {"uv": [0, 0, 1, 1], "texture": "#0"},
				"east": {"uv": [0, 0, 1, 1], "texture": "#0"},
				"south": {"uv": [0, 0, 1, 1], "texture": "#0"},
				"west": {"uv": [0, 0, 1, 1], "texture": "#0"},
				"up": {"uv": [1, 1, 2, 2], "rotation": 180, "texture": "#0"},
				"down": {"uv": [1, 1, 2, 2], "rotation": 180, "texture": "#0"}
			}
		},
		{
			"from": [19, 16, 19],
			"to": [29, 18, 20],
			"rotation": {"angle": 0, "axis": "y", "origin": [8.5, 14, 8.5]},
			"faces": {
				"north": {"uv": [0, 0, 10, 2], "texture": "#0"},
				"east": {"uv": [0, 0, 1, 2], "texture": "#0"},
				"south": {"uv": [0, 0, 10, 2], "texture": "#0"},
				"west": {"uv": [0, 0, 1, 2], "texture": "#0"},
				"up": {"uv": [6, 1, 16, 2], "rotation": 180, "texture": "#0"},
				"down": {"uv": [6, 1, 16, 2], "rotation": 180, "texture": "#0"}
			}
		},
		{
			"from": [19, 18, 29],
			"to": [20, 19, 30],
			"rotation": {"angle": 0, "axis": "y", "origin": [8.5, 14, 8.5]},
			"faces": {
				"north": {"uv": [6, 1, 7, 2], "texture": "#0"},
				"east": {"uv": [6, 1, 7, 2], "texture": "#0"},
				"south": {"uv": [6, 1, 7, 2], "texture": "#0"},
				"west": {"uv": [6, 1, 7, 2], "texture": "#0"},
				"up": {"uv": [7, 2, 6, 1], "rotation": 90, "texture": "#0"},
				"down": {"uv": [7, 2, 6, 1], "rotation": 270, "texture": "#0"}
			}
		},
		{
			"from": [19, 18, 27],
			"to": [20, 19, 28],
			"rotation": {"angle": 0, "axis": "y", "origin": [8.5, 14, 8.5]},
			"faces": {
				"north": {"uv": [7, 0, 8, 1], "texture": "#0"},
				"east": {"uv": [7, 0, 8, 1], "texture": "#0"},
				"south": {"uv": [7, 0, 8, 1], "texture": "#0"},
				"west": {"uv": [7, 0, 8, 1], "texture": "#0"},
				"up": {"uv": [8, 1, 7, 0], "rotation": 90, "texture": "#0"},
				"down": {"uv": [8, 1, 7, 0], "rotation": 270, "texture": "#0"}
			}
		},
		{
			"from": [19, 18, 25],
			"to": [20, 19, 26],
			"rotation": {"angle": 0, "axis": "y", "origin": [8.5, 14, 8.5]},
			"faces": {
				"north": {"uv": [6, 1, 7, 2], "texture": "#0"},
				"east": {"uv": [6, 1, 7, 2], "texture": "#0"},
				"south": {"uv": [6, 1, 7, 2], "texture": "#0"},
				"west": {"uv": [6, 1, 7, 2], "texture": "#0"},
				"up": {"uv": [7, 2, 6, 1], "rotation": 90, "texture": "#0"},
				"down": {"uv": [7, 2, 6, 1], "rotation": 270, "texture": "#0"}
			}
		},
		{
			"from": [19, 18, 23],
			"to": [20, 19, 24],
			"rotation": {"angle": 0, "axis": "y", "origin": [8.5, 14, 8.5]},
			"faces": {
				"north": {"uv": [6, 1, 7, 2], "texture": "#0"},
				"east": {"uv": [6, 1, 7, 2], "texture": "#0"},
				"south": {"uv": [6, 1, 7, 2], "texture": "#0"},
				"west": {"uv": [6, 1, 7, 2], "texture": "#0"},
				"up": {"uv": [7, 2, 6, 1], "rotation": 90, "texture": "#0"},
				"down": {"uv": [7, 2, 6, 1], "rotation": 270, "texture": "#0"}
			}
		},
		{
			"from": [19, 18, 21],
			"to": [20, 19, 22],
			"rotation": {"angle": 0, "axis": "y", "origin": [8.5, 14, 8.5]},
			"faces": {
				"north": {"uv": [6, 1, 7, 2], "texture": "#0"},
				"east": {"uv": [6, 1, 7, 2], "texture": "#0"},
				"south": {"uv": [6, 1, 7, 2], "texture": "#0"},
				"west": {"uv": [6, 1, 7, 2], "texture": "#0"},
				"up": {"uv": [7, 2, 6, 1], "rotation": 90, "texture": "#0"},
				"down": {"uv": [7, 2, 6, 1], "rotation": 270, "texture": "#0"}
			}
		},
		{
			"from": [19, 16, 20],
			"to": [20, 18, 30],
			"rotation": {"angle": 0, "axis": "y", "origin": [8.5, 14, 8.5]},
			"faces": {
				"north": {"uv": [6, 0, 7, 2], "texture": "#0"},
				"east": {"uv": [6, 0, 16, 2], "texture": "#0"},
				"south": {"uv": [6, 0, 7, 2], "texture": "#0"},
				"west": {"uv": [6, 0, 16, 2], "texture": "#0"},
				"up": {"uv": [16, 1, 6, 0], "rotation": 90, "texture": "#0"},
				"down": {"uv": [16, 1, 6, 0], "rotation": 270, "texture": "#0"}
			}
		},
		{
			"from": [29, 18, 19],
			"to": [30, 19, 20],
			"rotation": {"angle": 0, "axis": "y", "origin": [8.5, 14, 8.5]},
			"faces": {
				"north": {"uv": [5, 4, 6, 5], "texture": "#0"},
				"east": {"uv": [5, 4, 6, 5], "texture": "#0"},
				"south": {"uv": [5, 4, 6, 5], "texture": "#0"},
				"west": {"uv": [5, 4, 6, 5], "texture": "#0"},
				"up": {"uv": [6, 5, 5, 4], "rotation": 270, "texture": "#0"},
				"down": {"uv": [6, 5, 5, 4], "rotation": 90, "texture": "#0"}
			}
		},
		{
			"from": [29, 18, 21],
			"to": [30, 19, 22],
			"rotation": {"angle": 0, "axis": "y", "origin": [8.5, 14, 8.5]},
			"faces": {
				"north": {"uv": [6, 1, 7, 2], "texture": "#0"},
				"east": {"uv": [6, 1, 7, 2], "texture": "#0"},
				"south": {"uv": [6, 1, 7, 2], "texture": "#0"},
				"west": {"uv": [6, 1, 7, 2], "texture": "#0"},
				"up": {"uv": [7, 2, 6, 1], "rotation": 270, "texture": "#0"},
				"down": {"uv": [7, 2, 6, 1], "rotation": 90, "texture": "#0"}
			}
		},
		{
			"from": [29, 18, 23],
			"to": [30, 19, 24],
			"rotation": {"angle": 0, "axis": "y", "origin": [8.5, 14, 8.5]},
			"faces": {
				"north": {"uv": [5, 4, 6, 5], "texture": "#0"},
				"east": {"uv": [5, 4, 6, 5], "texture": "#0"},
				"south": {"uv": [5, 4, 6, 5], "texture": "#0"},
				"west": {"uv": [5, 4, 6, 5], "texture": "#0"},
				"up": {"uv": [6, 5, 5, 4], "rotation": 270, "texture": "#0"},
				"down": {"uv": [6, 5, 5, 4], "rotation": 90, "texture": "#0"}
			}
		},
		{
			"from": [29, 18, 25],
			"to": [30, 19, 26],
			"rotation": {"angle": 0, "axis": "y", "origin": [8.5, 14, 8.5]},
			"faces": {
				"north": {"uv": [6, 1, 7, 2], "texture": "#0"},
				"east": {"uv": [6, 1, 7, 2], "texture": "#0"},
				"south": {"uv": [6, 1, 7, 2], "texture": "#0"},
				"west": {"uv": [6, 1, 7, 2], "texture": "#0"},
				"up": {"uv": [7, 2, 6, 1], "rotation": 270, "texture": "#0"},
				"down": {"uv": [7, 2, 6, 1], "rotation": 90, "texture": "#0"}
			}
		},
		{
			"from": [29, 18, 27],
			"to": [30, 19, 28],
			"rotation": {"angle": 0, "axis": "y", "origin": [8.5, 14, 8.5]},
			"faces": {
				"north": {"uv": [5, 9, 6, 10], "texture": "#0"},
				"east": {"uv": [5, 9, 6, 10], "texture": "#0"},
				"south": {"uv": [5, 9, 6, 10], "texture": "#0"},
				"west": {"uv": [5, 9, 6, 10], "texture": "#0"},
				"up": {"uv": [6, 10, 5, 9], "rotation": 270, "texture": "#0"},
				"down": {"uv": [6, 10, 5, 9], "rotation": 90, "texture": "#0"}
			}
		},
		{
			"from": [29, 16, 19],
			"to": [30, 18, 29],
			"rotation": {"angle": 0, "axis": "y", "origin": [8.5, 14, 8.5]},
			"faces": {
				"north": {"uv": [4, 0, 5, 2], "texture": "#0"},
				"east": {"uv": [4, 0, 14, 2], "texture": "#0"},
				"south": {"uv": [4, 0, 5, 2], "texture": "#0"},
				"west": {"uv": [4, 0, 14, 2], "texture": "#0"},
				"up": {"uv": [14, 1, 4, 0], "rotation": 270, "texture": "#0"},
				"down": {"uv": [14, 1, 4, 0], "rotation": 90, "texture": "#0"}
			}
		},
		{
			"from": [5.5, 3, 12],
			"to": [9.5, 12, 20],
			"rotation": {"angle": 0, "axis": "y", "origin": [16, 0, 16]},
			"faces": {
				"north": {"uv": [0, 0, 4, 9], "texture": "#0"},
				"east": {"uv": [0, 0, 8, 9], "texture": "#0"},
				"south": {"uv": [0, 0, 4, 9], "texture": "#0"},
				"west": {"uv": [0, 0, 8, 9], "texture": "#0"},
				"up": {"uv": [8, 4, 16, 8], "rotation": 90, "texture": "#0"},
				"down": {"uv": [8, 4, 16, 8], "rotation": 270, "texture": "#0"}
			}
		},
		{
			"from": [3, 3, 19.75],
			"to": [12.25, 17, 29],
			"rotation": {"angle": 0, "axis": "y", "origin": [16, 0, 16]},
			"faces": {
				"north": {"uv": [4, 0, 13, 14], "texture": "#0"},
				"east": {"uv": [4, 0, 13, 14], "texture": "#0"},
				"south": {"uv": [4, 0, 13, 14], "texture": "#0"},
				"west": {"uv": [4, 0, 13, 14], "texture": "#0"},
				"up": {"uv": [13, 9, 4, 0], "rotation": 90, "texture": "#0"},
				"down": {"uv": [13, 9, 4, 0], "rotation": 270, "texture": "#0"}
			}
		},
		{
			"from": [2, 18, 29],
			"to": [3, 19, 30],
			"rotation": {"angle": 0, "axis": "y", "origin": [23.5, 14, 8.5]},
			"faces": {
				"north": {"uv": [0, 0, 1, 1], "texture": "#0"},
				"east": {"uv": [0, 0, 1, 1], "texture": "#0"},
				"south": {"uv": [0, 0, 1, 1], "texture": "#0"},
				"west": {"uv": [0, 0, 1, 1], "texture": "#0"},
				"up": {"uv": [1, 1, 2, 2], "rotation": 90, "texture": "#0"},
				"down": {"uv": [1, 1, 2, 2], "rotation": 270, "texture": "#0"}
			}
		},
		{
			"from": [2, 18, 27],
			"to": [3, 19, 28],
			"rotation": {"angle": 0, "axis": "y", "origin": [23.5, 14, 8.5]},
			"faces": {
				"north": {"uv": [0, 0, 1, 1], "texture": "#0"},
				"east": {"uv": [0, 0, 1, 1], "texture": "#0"},
				"south": {"uv": [0, 0, 1, 1], "texture": "#0"},
				"west": {"uv": [0, 0, 1, 1], "texture": "#0"},
				"up": {"uv": [1, 1, 2, 2], "rotation": 90, "texture": "#0"},
				"down": {"uv": [1, 1, 2, 2], "rotation": 270, "texture": "#0"}
			}
		},
		{
			"from": [2, 18, 25],
			"to": [3, 19, 26],
			"rotation": {"angle": 0, "axis": "y", "origin": [23.5, 14, 8.5]},
			"faces": {
				"north": {"uv": [6, 6, 7, 7], "texture": "#0"},
				"east": {"uv": [6, 6, 7, 7], "texture": "#0"},
				"south": {"uv": [6, 6, 7, 7], "texture": "#0"},
				"west": {"uv": [6, 6, 7, 7], "texture": "#0"},
				"up": {"uv": [7, 7, 6, 6], "rotation": 90, "texture": "#0"},
				"down": {"uv": [7, 7, 6, 6], "rotation": 270, "texture": "#0"}
			}
		},
		{
			"from": [2, 18, 23],
			"to": [3, 19, 24],
			"rotation": {"angle": 0, "axis": "y", "origin": [23.5, 14, 8.5]},
			"faces": {
				"north": {"uv": [0, 0, 1, 1], "texture": "#0"},
				"east": {"uv": [0, 0, 1, 1], "texture": "#0"},
				"south": {"uv": [0, 0, 1, 1], "texture": "#0"},
				"west": {"uv": [0, 0, 1, 1], "texture": "#0"},
				"up": {"uv": [1, 1, 2, 2], "rotation": 90, "texture": "#0"},
				"down": {"uv": [1, 1, 2, 2], "rotation": 270, "texture": "#0"}
			}
		},
		{
			"from": [2, 18, 21],
			"to": [3, 19, 22],
			"rotation": {"angle": 0, "axis": "y", "origin": [23.5, 14, 8.5]},
			"faces": {
				"north": {"uv": [0, 0, 1, 1], "texture": "#0"},
				"east": {"uv": [0, 0, 1, 1], "texture": "#0"},
				"south": {"uv": [0, 0, 1, 1], "texture": "#0"},
				"west": {"uv": [0, 0, 1, 1], "texture": "#0"},
				"up": {"uv": [1, 1, 2, 2], "rotation": 90, "texture": "#0"},
				"down": {"uv": [1, 1, 2, 2], "rotation": 270, "texture": "#0"}
			}
		},
		{
			"from": [2, 16, 20],
			"to": [3, 18, 30],
			"rotation": {"angle": 0, "axis": "y", "origin": [16, 0, 16]},
			"faces": {
				"north": {"uv": [0, 0, 1, 2], "texture": "#0"},
				"east": {"uv": [0, 0, 10, 2], "texture": "#0"},
				"south": {"uv": [0, 0, 1, 2], "texture": "#0"},
				"west": {"uv": [0, 0, 10, 2], "texture": "#0"},
				"up": {"uv": [6, 1, 16, 2], "rotation": 90, "texture": "#0"},
				"down": {"uv": [6, 1, 16, 2], "rotation": 270, "texture": "#0"}
			}
		},
		{
			"from": [12, 18, 19],
			"to": [13, 19, 20],
			"rotation": {"angle": 0, "axis": "y", "origin": [23.5, 14, 8.5]},
			"faces": {
				"north": {"uv": [0, 0, 1, 1], "texture": "#0"},
				"east": {"uv": [0, 0, 1, 1], "texture": "#0"},
				"south": {"uv": [0, 0, 1, 1], "texture": "#0"},
				"west": {"uv": [0, 0, 1, 1], "texture": "#0"},
				"up": {"uv": [1, 1, 2, 2], "rotation": 270, "texture": "#0"},
				"down": {"uv": [1, 1, 2, 2], "rotation": 90, "texture": "#0"}
			}
		},
		{
			"from": [12, 18, 21],
			"to": [13, 19, 22],
			"rotation": {"angle": 0, "axis": "y", "origin": [23.5, 14, 8.5]},
			"faces": {
				"north": {"uv": [0, 0, 1, 1], "texture": "#0"},
				"east": {"uv": [0, 0, 1, 1], "texture": "#0"},
				"south": {"uv": [0, 0, 1, 1], "texture": "#0"},
				"west": {"uv": [0, 0, 1, 1], "texture": "#0"},
				"up": {"uv": [1, 1, 2, 2], "rotation": 270, "texture": "#0"},
				"down": {"uv": [1, 1, 2, 2], "rotation": 90, "texture": "#0"}
			}
		},
		{
			"from": [12, 18, 23],
			"to": [13, 19, 24],
			"rotation": {"angle": 0, "axis": "y", "origin": [23.5, 14, 8.5]},
			"faces": {
				"north": {"uv": [10, 10, 11, 11], "texture": "#0"},
				"east": {"uv": [10, 10, 11, 11], "texture": "#0"},
				"south": {"uv": [10, 10, 11, 11], "texture": "#0"},
				"west": {"uv": [10, 10, 11, 11], "texture": "#0"},
				"up": {"uv": [11, 11, 10, 10], "rotation": 270, "texture": "#0"},
				"down": {"uv": [11, 11, 10, 10], "rotation": 90, "texture": "#0"}
			}
		},
		{
			"from": [12, 18, 25],
			"to": [13, 19, 26],
			"rotation": {"angle": 0, "axis": "y", "origin": [23.5, 14, 8.5]},
			"faces": {
				"north": {"uv": [0, 0, 1, 1], "texture": "#0"},
				"east": {"uv": [0, 0, 1, 1], "texture": "#0"},
				"south": {"uv": [0, 0, 1, 1], "texture": "#0"},
				"west": {"uv": [0, 0, 1, 1], "texture": "#0"},
				"up": {"uv": [1, 1, 2, 2], "rotation": 270, "texture": "#0"},
				"down": {"uv": [1, 1, 2, 2], "rotation": 90, "texture": "#0"}
			}
		},
		{
			"from": [12, 18, 27],
			"to": [13, 19, 28],
			"rotation": {"angle": 0, "axis": "y", "origin": [23.5, 14, 8.5]},
			"faces": {
				"north": {"uv": [0, 0, 1, 1], "texture": "#0"},
				"east": {"uv": [0, 0, 1, 1], "texture": "#0"},
				"south": {"uv": [0, 0, 1, 1], "texture": "#0"},
				"west": {"uv": [0, 0, 1, 1], "texture": "#0"},
				"up": {"uv": [1, 1, 2, 2], "rotation": 270, "texture": "#0"},
				"down": {"uv": [1, 1, 2, 2], "rotation": 90, "texture": "#0"}
			}
		},
		{
			"from": [12, 16, 19],
			"to": [13, 18, 29],
			"rotation": {"angle": 0, "axis": "y", "origin": [23.5, 14, 8.5]},
			"faces": {
				"north": {"uv": [0, 0, 1, 2], "texture": "#0"},
				"east": {"uv": [0, 0, 10, 2], "texture": "#0"},
				"south": {"uv": [0, 0, 1, 2], "texture": "#0"},
				"west": {"uv": [0, 0, 10, 2], "texture": "#0"},
				"up": {"uv": [6, 1, 16, 2], "rotation": 270, "texture": "#0"},
				"down": {"uv": [6, 1, 16, 2], "rotation": 90, "texture": "#0"}
			}
		},
		{
			"from": [2, 18, 19],
			"to": [3, 19, 20],
			"rotation": {"angle": 0, "axis": "y", "origin": [23.5, 14, 8.5]},
			"faces": {
				"north": {"uv": [6, 1, 7, 2], "texture": "#0"},
				"east": {"uv": [6, 1, 7, 2], "texture": "#0"},
				"south": {"uv": [6, 1, 7, 2], "texture": "#0"},
				"west": {"uv": [6, 1, 7, 2], "texture": "#0"},
				"up": {"uv": [7, 2, 6, 1], "rotation": 180, "texture": "#0"},
				"down": {"uv": [7, 2, 6, 1], "rotation": 180, "texture": "#0"}
			}
		},
		{
			"from": [4, 18, 19],
			"to": [5, 19, 20],
			"rotation": {"angle": 0, "axis": "y", "origin": [23.5, 14, 8.5]},
			"faces": {
				"north": {"uv": [7, 0, 8, 1], "texture": "#0"},
				"east": {"uv": [7, 0, 8, 1], "texture": "#0"},
				"south": {"uv": [7, 0, 8, 1], "texture": "#0"},
				"west": {"uv": [7, 0, 8, 1], "texture": "#0"},
				"up": {"uv": [8, 1, 7, 0], "rotation": 180, "texture": "#0"},
				"down": {"uv": [8, 1, 7, 0], "rotation": 180, "texture": "#0"}
			}
		},
		{
			"from": [6, 18, 19],
			"to": [7, 19, 20],
			"rotation": {"angle": 0, "axis": "y", "origin": [23.5, 14, 8.5]},
			"faces": {
				"north": {"uv": [6, 1, 7, 2], "texture": "#0"},
				"east": {"uv": [6, 1, 7, 2], "texture": "#0"},
				"south": {"uv": [6, 1, 7, 2], "texture": "#0"},
				"west": {"uv": [6, 1, 7, 2], "texture": "#0"},
				"up": {"uv": [7, 2, 6, 1], "rotation": 180, "texture": "#0"},
				"down": {"uv": [7, 2, 6, 1], "rotation": 180, "texture": "#0"}
			}
		},
		{
			"from": [8, 18, 19],
			"to": [9, 19, 20],
			"rotation": {"angle": 0, "axis": "y", "origin": [23.5, 14, 8.5]},
			"faces": {
				"north": {"uv": [6, 1, 7, 2], "texture": "#0"},
				"east": {"uv": [6, 1, 7, 2], "texture": "#0"},
				"south": {"uv": [6, 1, 7, 2], "texture": "#0"},
				"west": {"uv": [6, 1, 7, 2], "texture": "#0"},
				"up": {"uv": [7, 2, 6, 1], "rotation": 180, "texture": "#0"},
				"down": {"uv": [7, 2, 6, 1], "rotation": 180, "texture": "#0"}
			}
		},
		{
			"from": [10, 18, 19],
			"to": [11, 19, 20],
			"rotation": {"angle": 0, "axis": "y", "origin": [23.5, 14, 8.5]},
			"faces": {
				"north": {"uv": [6, 1, 7, 2], "texture": "#0"},
				"east": {"uv": [6, 1, 7, 2], "texture": "#0"},
				"south": {"uv": [6, 1, 7, 2], "texture": "#0"},
				"west": {"uv": [6, 1, 7, 2], "texture": "#0"},
				"up": {"uv": [7, 2, 6, 1], "rotation": 180, "texture": "#0"},
				"down": {"uv": [7, 2, 6, 1], "rotation": 180, "texture": "#0"}
			}
		},
		{
			"from": [2, 16, 19],
			"to": [12, 18, 20],
			"rotation": {"angle": 0, "axis": "y", "origin": [23.5, 14, 8.5]},
			"faces": {
				"north": {"uv": [6, 0, 16, 2], "texture": "#0"},
				"east": {"uv": [6, 0, 7, 2], "texture": "#0"},
				"south": {"uv": [6, 0, 16, 2], "texture": "#0"},
				"west": {"uv": [6, 0, 7, 2], "texture": "#0"},
				"up": {"uv": [16, 1, 6, 0], "rotation": 180, "texture": "#0"},
				"down": {"uv": [16, 1, 6, 0], "rotation": 180, "texture": "#0"}
			}
		},
		{
			"from": [12, 18, 29],
			"to": [13, 19, 30],
			"rotation": {"angle": 0, "axis": "y", "origin": [23.5, 14, 8.5]},
			"faces": {
				"north": {"uv": [5, 4, 6, 5], "texture": "#0"},
				"east": {"uv": [5, 4, 6, 5], "texture": "#0"},
				"south": {"uv": [5, 4, 6, 5], "texture": "#0"},
				"west": {"uv": [5, 4, 6, 5], "texture": "#0"},
				"up": {"uv": [6, 5, 5, 4], "texture": "#0"},
				"down": {"uv": [6, 5, 5, 4], "texture": "#0"}
			}
		},
		{
			"from": [10, 18, 29],
			"to": [11, 19, 30],
			"rotation": {"angle": 0, "axis": "y", "origin": [23.5, 14, 8.5]},
			"faces": {
				"north": {"uv": [6, 1, 7, 2], "texture": "#0"},
				"east": {"uv": [6, 1, 7, 2], "texture": "#0"},
				"south": {"uv": [6, 1, 7, 2], "texture": "#0"},
				"west": {"uv": [6, 1, 7, 2], "texture": "#0"},
				"up": {"uv": [7, 2, 6, 1], "texture": "#0"},
				"down": {"uv": [7, 2, 6, 1], "texture": "#0"}
			}
		},
		{
			"from": [8, 18, 29],
			"to": [9, 19, 30],
			"rotation": {"angle": 0, "axis": "y", "origin": [23.5, 14, 8.5]},
			"faces": {
				"north": {"uv": [5, 4, 6, 5], "texture": "#0"},
				"east": {"uv": [5, 4, 6, 5], "texture": "#0"},
				"south": {"uv": [5, 4, 6, 5], "texture": "#0"},
				"west": {"uv": [5, 4, 6, 5], "texture": "#0"},
				"up": {"uv": [6, 5, 5, 4], "texture": "#0"},
				"down": {"uv": [6, 5, 5, 4], "texture": "#0"}
			}
		},
		{
			"from": [6, 18, 29],
			"to": [7, 19, 30],
			"rotation": {"angle": 0, "axis": "y", "origin": [23.5, 14, 8.5]},
			"faces": {
				"north": {"uv": [6, 1, 7, 2], "texture": "#0"},
				"east": {"uv": [6, 1, 7, 2], "texture": "#0"},
				"south": {"uv": [6, 1, 7, 2], "texture": "#0"},
				"west": {"uv": [6, 1, 7, 2], "texture": "#0"},
				"up": {"uv": [7, 2, 6, 1], "texture": "#0"},
				"down": {"uv": [7, 2, 6, 1], "texture": "#0"}
			}
		},
		{
			"from": [4, 18, 29],
			"to": [5, 19, 30],
			"rotation": {"angle": 0, "axis": "y", "origin": [23.5, 14, 8.5]},
			"faces": {
				"north": {"uv": [5, 9, 6, 10], "texture": "#0"},
				"east": {"uv": [5, 9, 6, 10], "texture": "#0"},
				"south": {"uv": [5, 9, 6, 10], "texture": "#0"},
				"west": {"uv": [5, 9, 6, 10], "texture": "#0"},
				"up": {"uv": [6, 10, 5, 9], "texture": "#0"},
				"down": {"uv": [6, 10, 5, 9], "texture": "#0"}
			}
		},
		{
			"from": [3, 16, 29],
			"to": [13, 18, 30],
			"rotation": {"angle": 0, "axis": "y", "origin": [23.5, 14, 8.5]},
			"faces": {
				"north": {"uv": [4, 0, 14, 2], "texture": "#0"},
				"east": {"uv": [4, 0, 5, 2], "texture": "#0"},
				"south": {"uv": [4, 0, 14, 2], "texture": "#0"},
				"west": {"uv": [4, 0, 5, 2], "texture": "#0"},
				"up": {"uv": [14, 1, 4, 0], "texture": "#0"},
				"down": {"uv": [14, 1, 4, 0], "texture": "#0"}
			}
		},
		{
			"from": [12, 10, 5.5],
			"to": [20, 13, 9.5],
			"faces": {
				"north": {"uv": [0, 0, 8, 3], "texture": "#0"},
				"east": {"uv": [0, 0, 4, 3], "texture": "#0"},
				"south": {"uv": [0, 0, 8, 3], "texture": "#0"},
				"west": {"uv": [0, 0, 4, 3], "texture": "#0"},
				"up": {"uv": [0, 0, 8, 4], "texture": "#0"},
				"down": {"uv": [0, 0, 8, 4], "texture": "#0"}
			}
		},
		{
			"from": [13, 9, 5.5],
			"to": [15, 10, 9.5],
			"faces": {
				"north": {"uv": [0, 0, 2, 1], "texture": "#0"},
				"east": {"uv": [0, 0, 4, 1], "texture": "#0"},
				"south": {"uv": [0, 0, 2, 1], "texture": "#0"},
				"west": {"uv": [0, 0, 4, 1], "texture": "#0"},
				"up": {"uv": [0, 0, 2, 4], "texture": "#0"},
				"down": {"uv": [0, 0, 2, 4], "texture": "#0"}
			}
		},
		{
			"from": [17, 9, 5.5],
			"to": [19, 10, 9.5],
			"faces": {
				"north": {"uv": [0, 0, 2, 1], "texture": "#0"},
				"east": {"uv": [0, 0, 4, 1], "texture": "#0"},
				"south": {"uv": [0, 0, 2, 1], "texture": "#0"},
				"west": {"uv": [0, 0, 4, 1], "texture": "#0"},
				"up": {"uv": [0, 0, 2, 4], "texture": "#0"},
				"down": {"uv": [0, 0, 2, 4], "texture": "#0"}
			}
		},
		{
			"from": [18, 7, 5.5],
			"to": [19, 9, 9.5],
			"faces": {
				"north": {"uv": [0, 0, 1, 2], "texture": "#0"},
				"east": {"uv": [0, 0, 4, 2], "texture": "#0"},
				"south": {"uv": [0, 0, 1, 2], "texture": "#0"},
				"west": {"uv": [0, 0, 4, 2], "texture": "#0"},
				"up": {"uv": [0, 0, 1, 4], "texture": "#0"},
				"down": {"uv": [0, 0, 1, 4], "texture": "#0"}
			}
		},
		{
			"from": [13, 7, 5.5],
			"to": [14, 9, 9.5],
			"faces": {
				"north": {"uv": [0, 0, 1, 2], "texture": "#0"},
				"east": {"uv": [0, 0, 4, 2], "texture": "#0"},
				"south": {"uv": [0, 0, 1, 2], "texture": "#0"},
				"west": {"uv": [0, 0, 4, 2], "texture": "#0"},
				"up": {"uv": [0, 0, 1, 4], "texture": "#0"},
				"down": {"uv": [0, 0, 1, 4], "texture": "#0"}
			}
		},
		{
			"from": [12, 3, 5.5],
			"to": [13, 10, 9.5],
			"faces": {
				"north": {"uv": [8, 5, 9, 12], "texture": "#0"},
				"east": {"uv": [8, 5, 12, 12], "texture": "#0"},
				"south": {"uv": [8, 5, 9, 12], "texture": "#0"},
				"west": {"uv": [8, 5, 12, 12], "texture": "#0"},
				"up": {"uv": [8, 5, 9, 9], "texture": "#0"},
				"down": {"uv": [8, 5, 9, 9], "texture": "#0"}
			}
		},
		{
			"from": [19, 3, 5.5],
			"to": [20, 10, 9.5],
			"faces": {
				"north": {"uv": [8, 5, 9, 12], "texture": "#0"},
				"east": {"uv": [8, 5, 12, 12], "texture": "#0"},
				"south": {"uv": [8, 5, 9, 12], "texture": "#0"},
				"west": {"uv": [8, 5, 12, 12], "texture": "#0"},
				"up": {"uv": [8, 5, 9, 9], "texture": "#0"},
				"down": {"uv": [8, 5, 9, 9], "texture": "#0"}
			}
		},
		{
			"from": [3, 3, 3],
			"to": [12.25, 17, 12.25],
			"faces": {
				"north": {"uv": [4, 0, 13, 14], "texture": "#0"},
				"east": {"uv": [4, 0, 13, 14], "texture": "#0"},
				"south": {"uv": [4, 0, 13, 14], "texture": "#0"},
				"west": {"uv": [4, 0, 13, 14], "texture": "#0"},
				"up": {"uv": [4, 0, 13, 9], "texture": "#0"},
				"down": {"uv": [4, 0, 13, 9], "texture": "#0"}
			}
		},
		{
			"from": [2, 18, 2],
			"to": [3, 19, 3],
			"rotation": {"angle": 0, "axis": "y", "origin": [7.5, 14, 7.5]},
			"faces": {
				"north": {"uv": [0, 0, 1, 1], "texture": "#0"},
				"east": {"uv": [0, 0, 1, 1], "texture": "#0"},
				"south": {"uv": [0, 0, 1, 1], "texture": "#0"},
				"west": {"uv": [0, 0, 1, 1], "texture": "#0"},
				"up": {"uv": [0, 0, 1, 1], "texture": "#0"},
				"down": {"uv": [0, 0, 1, 1], "texture": "#0"}
			}
		},
		{
			"from": [4, 18, 2],
			"to": [5, 19, 3],
			"rotation": {"angle": 0, "axis": "y", "origin": [7.5, 14, 7.5]},
			"faces": {
				"north": {"uv": [0, 0, 1, 1], "texture": "#0"},
				"east": {"uv": [0, 0, 1, 1], "texture": "#0"},
				"south": {"uv": [0, 0, 1, 1], "texture": "#0"},
				"west": {"uv": [0, 0, 1, 1], "texture": "#0"},
				"up": {"uv": [0, 0, 1, 1], "texture": "#0"},
				"down": {"uv": [0, 0, 1, 1], "texture": "#0"}
			}
		},
		{
			"from": [6, 18, 2],
			"to": [7, 19, 3],
			"rotation": {"angle": 0, "axis": "y", "origin": [7.5, 14, 7.5]},
			"faces": {
				"north": {"uv": [14, 12, 15, 13], "texture": "#0"},
				"east": {"uv": [14, 12, 15, 13], "texture": "#0"},
				"south": {"uv": [14, 12, 15, 13], "texture": "#0"},
				"west": {"uv": [14, 12, 15, 13], "texture": "#0"},
				"up": {"uv": [14, 12, 15, 13], "texture": "#0"},
				"down": {"uv": [14, 12, 15, 13], "texture": "#0"}
			}
		},
		{
			"from": [8, 18, 2],
			"to": [9, 19, 3],
			"rotation": {"angle": 0, "axis": "y", "origin": [7.5, 14, 7.5]},
			"faces": {
				"north": {"uv": [0, 0, 1, 1], "texture": "#0"},
				"east": {"uv": [0, 0, 1, 1], "texture": "#0"},
				"south": {"uv": [0, 0, 1, 1], "texture": "#0"},
				"west": {"uv": [0, 0, 1, 1], "texture": "#0"},
				"up": {"uv": [0, 0, 1, 1], "texture": "#0"},
				"down": {"uv": [0, 0, 1, 1], "texture": "#0"}
			}
		},
		{
			"from": [10, 18, 2],
			"to": [11, 19, 3],
			"rotation": {"angle": 0, "axis": "y", "origin": [7.5, 14, 7.5]},
			"faces": {
				"north": {"uv": [0, 0, 1, 1], "texture": "#0"},
				"east": {"uv": [0, 0, 1, 1], "texture": "#0"},
				"south": {"uv": [0, 0, 1, 1], "texture": "#0"},
				"west": {"uv": [0, 0, 1, 1], "texture": "#0"},
				"up": {"uv": [0, 0, 1, 1], "texture": "#0"},
				"down": {"uv": [0, 0, 1, 1], "texture": "#0"}
			}
		},
		{
			"from": [2, 16, 2],
			"to": [12, 18, 3],
			"faces": {
				"north": {"uv": [0, 0, 10, 2], "texture": "#0"},
				"east": {"uv": [0, 0, 1, 2], "texture": "#0"},
				"south": {"uv": [0, 0, 10, 2], "texture": "#0"},
				"west": {"uv": [0, 0, 1, 2], "texture": "#0"},
				"up": {"uv": [0, 0, 10, 1], "texture": "#0"},
				"down": {"uv": [0, 0, 10, 1], "texture": "#0"}
			}
		},
		{
			"from": [12, 12, 4.5],
			"to": [22, 14, 5.5],
			"faces": {
				"north": {"uv": [0, 0, 10, 2], "texture": "#0"},
				"east": {"uv": [0, 0, 1, 2], "texture": "#0"},
				"south": {"uv": [0, 0, 10, 2], "texture": "#0"},
				"west": {"uv": [0, 0, 1, 2], "texture": "#0"},
				"up": {"uv": [0, 0, 10, 1], "texture": "#0"},
				"down": {"uv": [0, 0, 10, 1], "texture": "#0"}
			}
		},
		{
			"from": [9, 13, 14],
			"to": [23, 15, 15],
			"faces": {
				"north": {"uv": [0, 0, 14, 2], "texture": "#0"},
				"east": {"uv": [0, 0, 1, 2], "texture": "#0"},
				"south": {"uv": [0, 0, 14, 2], "texture": "#0"},
				"west": {"uv": [0, 0, 1, 2], "texture": "#0"},
				"up": {"uv": [0, 0, 14, 1], "texture": "#0"},
				"down": {"uv": [0, 0, 14, 1], "texture": "#0"}
			}
		},
		{
			"from": [9, 13, 27],
			"to": [23, 15, 28],
			"faces": {
				"north": {"uv": [0, 0, 14, 2], "texture": "#0"},
				"east": {"uv": [0, 0, 1, 2], "texture": "#0"},
				"south": {"uv": [0, 0, 14, 2], "texture": "#0"},
				"west": {"uv": [0, 0, 1, 2], "texture": "#0"},
				"up": {"uv": [0, 0, 14, 1], "texture": "#0"},
				"down": {"uv": [0, 0, 14, 1], "texture": "#0"}
			}
		},
		{
			"from": [9, 13, 15],
			"to": [10, 15, 29],
			"rotation": {"angle": 0, "axis": "y", "origin": [16, 11, 14.5]},
			"faces": {
				"north": {"uv": [0, 0, 1, 2], "texture": "#0"},
				"east": {"uv": [0, 0, 14, 2], "texture": "#0"},
				"south": {"uv": [0, 0, 1, 2], "texture": "#0"},
				"west": {"uv": [0, 0, 14, 2], "texture": "#0"},
				"up": {"uv": [0, 0, 14, 1], "rotation": 90, "texture": "#0"},
				"down": {"uv": [0, 0, 14, 1], "rotation": 270, "texture": "#0"}
			}
		},
		{
			"from": [22, 13, 15],
			"to": [23, 15, 29],
			"rotation": {"angle": 0, "axis": "y", "origin": [16, 11, 14.5]},
			"faces": {
				"north": {"uv": [0, 0, 1, 2], "texture": "#0"},
				"east": {"uv": [0, 0, 14, 2], "texture": "#0"},
				"south": {"uv": [0, 0, 1, 2], "texture": "#0"},
				"west": {"uv": [0, 0, 14, 2], "texture": "#0"},
				"up": {"uv": [0, 0, 14, 1], "rotation": 90, "texture": "#0"},
				"down": {"uv": [0, 0, 14, 1], "rotation": 270, "texture": "#0"}
			}
		},
		{
			"from": [12, 12, 9.5],
			"to": [22, 14, 10.5],
			"faces": {
				"north": {"uv": [0, 0, 10, 2], "texture": "#0"},
				"east": {"uv": [0, 0, 1, 2], "texture": "#0"},
				"south": {"uv": [0, 0, 10, 2], "texture": "#0"},
				"west": {"uv": [0, 0, 1, 2], "texture": "#0"},
				"up": {"uv": [0, 0, 10, 1], "texture": "#0"},
				"down": {"uv": [0, 0, 10, 1], "texture": "#0"}
			}
		},
		{
			"from": [12, 18, 12],
			"to": [13, 19, 13],
			"rotation": {"angle": 0, "axis": "y", "origin": [7.5, 14, 7.5]},
			"faces": {
				"north": {"uv": [0, 0, 1, 1], "texture": "#0"},
				"east": {"uv": [0, 0, 1, 1], "texture": "#0"},
				"south": {"uv": [0, 0, 1, 1], "texture": "#0"},
				"west": {"uv": [0, 0, 1, 1], "texture": "#0"},
				"up": {"uv": [0, 0, 1, 1], "rotation": 180, "texture": "#0"},
				"down": {"uv": [0, 0, 1, 1], "rotation": 180, "texture": "#0"}
			}
		},
		{
			"from": [10, 18, 12],
			"to": [11, 19, 13],
			"rotation": {"angle": 0, "axis": "y", "origin": [7.5, 14, 7.5]},
			"faces": {
				"north": {"uv": [0, 0, 1, 1], "texture": "#0"},
				"east": {"uv": [0, 0, 1, 1], "texture": "#0"},
				"south": {"uv": [0, 0, 1, 1], "texture": "#0"},
				"west": {"uv": [0, 0, 1, 1], "texture": "#0"},
				"up": {"uv": [0, 0, 1, 1], "rotation": 180, "texture": "#0"},
				"down": {"uv": [0, 0, 1, 1], "rotation": 180, "texture": "#0"}
			}
		},
		{
			"from": [8, 18, 12],
			"to": [9, 19, 13],
			"rotation": {"angle": 0, "axis": "y", "origin": [7.5, 14, 7.5]},
			"faces": {
				"north": {"uv": [10, 10, 11, 11], "texture": "#0"},
				"east": {"uv": [10, 10, 11, 11], "texture": "#0"},
				"south": {"uv": [10, 10, 11, 11], "texture": "#0"},
				"west": {"uv": [10, 10, 11, 11], "texture": "#0"},
				"up": {"uv": [10, 10, 11, 11], "rotation": 180, "texture": "#0"},
				"down": {"uv": [10, 10, 11, 11], "rotation": 180, "texture": "#0"}
			}
		},
		{
			"from": [6, 18, 12],
			"to": [7, 19, 13],
			"rotation": {"angle": 0, "axis": "y", "origin": [7.5, 14, 7.5]},
			"faces": {
				"north": {"uv": [0, 0, 1, 1], "texture": "#0"},
				"east": {"uv": [0, 0, 1, 1], "texture": "#0"},
				"south": {"uv": [0, 0, 1, 1], "texture": "#0"},
				"west": {"uv": [0, 0, 1, 1], "texture": "#0"},
				"up": {"uv": [0, 0, 1, 1], "rotation": 180, "texture": "#0"},
				"down": {"uv": [0, 0, 1, 1], "rotation": 180, "texture": "#0"}
			}
		},
		{
			"from": [4, 18, 12],
			"to": [5, 19, 13],
			"rotation": {"angle": 0, "axis": "y", "origin": [7.5, 14, 7.5]},
			"faces": {
				"north": {"uv": [0, 0, 1, 1], "texture": "#0"},
				"east": {"uv": [0, 0, 1, 1], "texture": "#0"},
				"south": {"uv": [0, 0, 1, 1], "texture": "#0"},
				"west": {"uv": [0, 0, 1, 1], "texture": "#0"},
				"up": {"uv": [0, 0, 1, 1], "rotation": 180, "texture": "#0"},
				"down": {"uv": [0, 0, 1, 1], "rotation": 180, "texture": "#0"}
			}
		},
		{
			"from": [3, 16, 12],
			"to": [13, 18, 13],
			"rotation": {"angle": 0, "axis": "y", "origin": [7.5, 14, 7.5]},
			"faces": {
				"north": {"uv": [0, 0, 10, 2], "texture": "#0"},
				"east": {"uv": [0, 0, 1, 2], "texture": "#0"},
				"south": {"uv": [0, 0, 10, 2], "texture": "#0"},
				"west": {"uv": [0, 0, 1, 2], "texture": "#0"},
				"up": {"uv": [0, 0, 10, 1], "rotation": 180, "texture": "#0"},
				"down": {"uv": [0, 0, 10, 1], "rotation": 180, "texture": "#0"}
			}
		},
		{
			"from": [12, 18, 2],
			"to": [13, 19, 3],
			"rotation": {"angle": 0, "axis": "y", "origin": [7.5, 14, 7.5]},
			"faces": {
				"north": {"uv": [6, 1, 7, 2], "texture": "#0"},
				"east": {"uv": [6, 1, 7, 2], "texture": "#0"},
				"south": {"uv": [6, 1, 7, 2], "texture": "#0"},
				"west": {"uv": [6, 1, 7, 2], "texture": "#0"},
				"up": {"uv": [6, 1, 7, 2], "rotation": 90, "texture": "#0"},
				"down": {"uv": [6, 1, 7, 2], "rotation": 270, "texture": "#0"}
			}
		},
		{
			"from": [12, 18, 4],
			"to": [13, 19, 5],
			"rotation": {"angle": 0, "axis": "y", "origin": [7.5, 14, 7.5]},
			"faces": {
				"north": {"uv": [7, 0, 8, 1], "texture": "#0"},
				"east": {"uv": [7, 0, 8, 1], "texture": "#0"},
				"south": {"uv": [7, 0, 8, 1], "texture": "#0"},
				"west": {"uv": [7, 0, 8, 1], "texture": "#0"},
				"up": {"uv": [7, 0, 8, 1], "rotation": 90, "texture": "#0"},
				"down": {"uv": [7, 0, 8, 1], "rotation": 270, "texture": "#0"}
			}
		},
		{
			"from": [12, 18, 6],
			"to": [13, 19, 7],
			"rotation": {"angle": 0, "axis": "y", "origin": [7.5, 14, 7.5]},
			"faces": {
				"north": {"uv": [6, 1, 7, 2], "texture": "#0"},
				"east": {"uv": [6, 1, 7, 2], "texture": "#0"},
				"south": {"uv": [6, 1, 7, 2], "texture": "#0"},
				"west": {"uv": [6, 1, 7, 2], "texture": "#0"},
				"up": {"uv": [6, 1, 7, 2], "rotation": 90, "texture": "#0"},
				"down": {"uv": [6, 1, 7, 2], "rotation": 270, "texture": "#0"}
			}
		},
		{
			"from": [12, 18, 8],
			"to": [13, 19, 9],
			"rotation": {"angle": 0, "axis": "y", "origin": [7.5, 14, 7.5]},
			"faces": {
				"north": {"uv": [6, 1, 7, 2], "texture": "#0"},
				"east": {"uv": [6, 1, 7, 2], "texture": "#0"},
				"south": {"uv": [6, 1, 7, 2], "texture": "#0"},
				"west": {"uv": [6, 1, 7, 2], "texture": "#0"},
				"up": {"uv": [6, 1, 7, 2], "rotation": 90, "texture": "#0"},
				"down": {"uv": [6, 1, 7, 2], "rotation": 270, "texture": "#0"}
			}
		},
		{
			"from": [12, 18, 10],
			"to": [13, 19, 11],
			"rotation": {"angle": 0, "axis": "y", "origin": [7.5, 14, 7.5]},
			"faces": {
				"north": {"uv": [6, 1, 7, 2], "texture": "#0"},
				"east": {"uv": [6, 1, 7, 2], "texture": "#0"},
				"south": {"uv": [6, 1, 7, 2], "texture": "#0"},
				"west": {"uv": [6, 1, 7, 2], "texture": "#0"},
				"up": {"uv": [6, 1, 7, 2], "rotation": 90, "texture": "#0"},
				"down": {"uv": [6, 1, 7, 2], "rotation": 270, "texture": "#0"}
			}
		},
		{
			"from": [12, 16, 2],
			"to": [13, 18, 12],
			"rotation": {"angle": 0, "axis": "y", "origin": [7.5, 14, 7.5]},
			"faces": {
				"north": {"uv": [6, 0, 7, 2], "texture": "#0"},
				"east": {"uv": [6, 0, 16, 2], "texture": "#0"},
				"south": {"uv": [6, 0, 7, 2], "texture": "#0"},
				"west": {"uv": [6, 0, 16, 2], "texture": "#0"},
				"up": {"uv": [6, 0, 16, 1], "rotation": 90, "texture": "#0"},
				"down": {"uv": [6, 0, 16, 1], "rotation": 270, "texture": "#0"}
			}
		},
		{
			"from": [2, 18, 12],
			"to": [3, 19, 13],
			"rotation": {"angle": 0, "axis": "y", "origin": [7.5, 14, 7.5]},
			"faces": {
				"north": {"uv": [5, 4, 6, 5], "texture": "#0"},
				"east": {"uv": [5, 4, 6, 5], "texture": "#0"},
				"south": {"uv": [5, 4, 6, 5], "texture": "#0"},
				"west": {"uv": [5, 4, 6, 5], "texture": "#0"},
				"up": {"uv": [5, 4, 6, 5], "rotation": 270, "texture": "#0"},
				"down": {"uv": [5, 4, 6, 5], "rotation": 90, "texture": "#0"}
			}
		},
		{
			"from": [2, 18, 10],
			"to": [3, 19, 11],
			"rotation": {"angle": 0, "axis": "y", "origin": [7.5, 14, 7.5]},
			"faces": {
				"north": {"uv": [6, 1, 7, 2], "texture": "#0"},
				"east": {"uv": [6, 1, 7, 2], "texture": "#0"},
				"south": {"uv": [6, 1, 7, 2], "texture": "#0"},
				"west": {"uv": [6, 1, 7, 2], "texture": "#0"},
				"up": {"uv": [6, 1, 7, 2], "rotation": 270, "texture": "#0"},
				"down": {"uv": [6, 1, 7, 2], "rotation": 90, "texture": "#0"}
			}
		},
		{
			"from": [2, 18, 8],
			"to": [3, 19, 9],
			"rotation": {"angle": 0, "axis": "y", "origin": [7.5, 14, 7.5]},
			"faces": {
				"north": {"uv": [5, 4, 6, 5], "texture": "#0"},
				"east": {"uv": [5, 4, 6, 5], "texture": "#0"},
				"south": {"uv": [5, 4, 6, 5], "texture": "#0"},
				"west": {"uv": [5, 4, 6, 5], "texture": "#0"},
				"up": {"uv": [5, 4, 6, 5], "rotation": 270, "texture": "#0"},
				"down": {"uv": [5, 4, 6, 5], "rotation": 90, "texture": "#0"}
			}
		},
		{
			"from": [2, 18, 6],
			"to": [3, 19, 7],
			"rotation": {"angle": 0, "axis": "y", "origin": [7.5, 14, 7.5]},
			"faces": {
				"north": {"uv": [6, 1, 7, 2], "texture": "#0"},
				"east": {"uv": [6, 1, 7, 2], "texture": "#0"},
				"south": {"uv": [6, 1, 7, 2], "texture": "#0"},
				"west": {"uv": [6, 1, 7, 2], "texture": "#0"},
				"up": {"uv": [6, 1, 7, 2], "rotation": 270, "texture": "#0"},
				"down": {"uv": [6, 1, 7, 2], "rotation": 90, "texture": "#0"}
			}
		},
		{
			"from": [2, 18, 4],
			"to": [3, 19, 5],
			"rotation": {"angle": 0, "axis": "y", "origin": [7.5, 14, 7.5]},
			"faces": {
				"north": {"uv": [5, 9, 6, 10], "texture": "#0"},
				"east": {"uv": [5, 9, 6, 10], "texture": "#0"},
				"south": {"uv": [5, 9, 6, 10], "texture": "#0"},
				"west": {"uv": [5, 9, 6, 10], "texture": "#0"},
				"up": {"uv": [5, 9, 6, 10], "rotation": 270, "texture": "#0"},
				"down": {"uv": [5, 9, 6, 10], "rotation": 90, "texture": "#0"}
			}
		},
		{
			"from": [2, 16, 3],
			"to": [3, 18, 13],
			"rotation": {"angle": 0, "axis": "y", "origin": [7.5, 14, 7.5]},
			"faces": {
				"north": {"uv": [4, 0, 5, 2], "texture": "#0"},
				"east": {"uv": [4, 0, 14, 2], "texture": "#0"},
				"south": {"uv": [4, 0, 5, 2], "texture": "#0"},
				"west": {"uv": [4, 0, 14, 2], "texture": "#0"},
				"up": {"uv": [4, 0, 14, 1], "rotation": 270, "texture": "#0"},
				"down": {"uv": [4, 0, 14, 1], "rotation": 90, "texture": "#0"}
			}
		},
		{
			"from": [22.5, 3, 12],
			"to": [26.5, 12, 20],
			"faces": {
				"north": {"uv": [0, 0, 4, 9], "texture": "#0"},
				"east": {"uv": [0, 0, 8, 9], "texture": "#0"},
				"south": {"uv": [0, 0, 4, 9], "texture": "#0"},
				"west": {"uv": [0, 0, 8, 9], "texture": "#0"},
				"up": {"uv": [0, 0, 8, 4], "rotation": 90, "texture": "#0"},
				"down": {"uv": [0, 0, 8, 4], "rotation": 270, "texture": "#0"}
			}
		},
		{
			"from": [19.75, 3, 3],
			"to": [29, 17, 12.25],
			"faces": {
				"north": {"uv": [4, 0, 13, 14], "texture": "#0"},
				"east": {"uv": [4, 0, 13, 14], "texture": "#0"},
				"south": {"uv": [4, 0, 13, 14], "texture": "#0"},
				"west": {"uv": [4, 0, 13, 14], "texture": "#0"},
				"up": {"uv": [4, 0, 13, 9], "rotation": 90, "texture": "#0"},
				"down": {"uv": [4, 0, 13, 9], "rotation": 270, "texture": "#0"}
			}
		},
		{
			"from": [29, 18, 2],
			"to": [30, 19, 3],
			"rotation": {"angle": 0, "axis": "y", "origin": [-7.5, 14, 7.5]},
			"faces": {
				"north": {"uv": [0, 0, 1, 1], "texture": "#0"},
				"east": {"uv": [0, 0, 1, 1], "texture": "#0"},
				"south": {"uv": [0, 0, 1, 1], "texture": "#0"},
				"west": {"uv": [0, 0, 1, 1], "texture": "#0"},
				"up": {"uv": [0, 0, 1, 1], "rotation": 90, "texture": "#0"},
				"down": {"uv": [0, 0, 1, 1], "rotation": 270, "texture": "#0"}
			}
		},
		{
			"from": [29, 18, 4],
			"to": [30, 19, 5],
			"rotation": {"angle": 0, "axis": "y", "origin": [-7.5, 14, 7.5]},
			"faces": {
				"north": {"uv": [0, 0, 1, 1], "texture": "#0"},
				"east": {"uv": [0, 0, 1, 1], "texture": "#0"},
				"south": {"uv": [0, 0, 1, 1], "texture": "#0"},
				"west": {"uv": [0, 0, 1, 1], "texture": "#0"},
				"up": {"uv": [0, 0, 1, 1], "rotation": 90, "texture": "#0"},
				"down": {"uv": [0, 0, 1, 1], "rotation": 270, "texture": "#0"}
			}
		},
		{
			"from": [29, 18, 6],
			"to": [30, 19, 7],
			"rotation": {"angle": 0, "axis": "y", "origin": [-7.5, 14, 7.5]},
			"faces": {
				"north": {"uv": [6, 6, 7, 7], "texture": "#0"},
				"east": {"uv": [6, 6, 7, 7], "texture": "#0"},
				"south": {"uv": [6, 6, 7, 7], "texture": "#0"},
				"west": {"uv": [6, 6, 7, 7], "texture": "#0"},
				"up": {"uv": [6, 6, 7, 7], "rotation": 90, "texture": "#0"},
				"down": {"uv": [6, 6, 7, 7], "rotation": 270, "texture": "#0"}
			}
		},
		{
			"from": [29, 18, 8],
			"to": [30, 19, 9],
			"rotation": {"angle": 0, "axis": "y", "origin": [-7.5, 14, 7.5]},
			"faces": {
				"north": {"uv": [0, 0, 1, 1], "texture": "#0"},
				"east": {"uv": [0, 0, 1, 1], "texture": "#0"},
				"south": {"uv": [0, 0, 1, 1], "texture": "#0"},
				"west": {"uv": [0, 0, 1, 1], "texture": "#0"},
				"up": {"uv": [0, 0, 1, 1], "rotation": 90, "texture": "#0"},
				"down": {"uv": [0, 0, 1, 1], "rotation": 270, "texture": "#0"}
			}
		},
		{
			"from": [29, 18, 10],
			"to": [30, 19, 11],
			"rotation": {"angle": 0, "axis": "y", "origin": [-7.5, 14, 7.5]},
			"faces": {
				"north": {"uv": [0, 0, 1, 1], "texture": "#0"},
				"east": {"uv": [0, 0, 1, 1], "texture": "#0"},
				"south": {"uv": [0, 0, 1, 1], "texture": "#0"},
				"west": {"uv": [0, 0, 1, 1], "texture": "#0"},
				"up": {"uv": [0, 0, 1, 1], "rotation": 90, "texture": "#0"},
				"down": {"uv": [0, 0, 1, 1], "rotation": 270, "texture": "#0"}
			}
		},
		{
			"from": [29, 16, 2],
			"to": [30, 18, 12],
			"faces": {
				"north": {"uv": [0, 0, 1, 2], "texture": "#0"},
				"east": {"uv": [0, 0, 10, 2], "texture": "#0"},
				"south": {"uv": [0, 0, 1, 2], "texture": "#0"},
				"west": {"uv": [0, 0, 10, 2], "texture": "#0"},
				"up": {"uv": [0, 0, 10, 1], "rotation": 90, "texture": "#0"},
				"down": {"uv": [0, 0, 10, 1], "rotation": 270, "texture": "#0"}
			}
		},
		{
			"from": [19, 18, 12],
			"to": [20, 19, 13],
			"rotation": {"angle": 0, "axis": "y", "origin": [-7.5, 14, 7.5]},
			"faces": {
				"north": {"uv": [0, 0, 1, 1], "texture": "#0"},
				"east": {"uv": [0, 0, 1, 1], "texture": "#0"},
				"south": {"uv": [0, 0, 1, 1], "texture": "#0"},
				"west": {"uv": [0, 0, 1, 1], "texture": "#0"},
				"up": {"uv": [0, 0, 1, 1], "rotation": 270, "texture": "#0"},
				"down": {"uv": [0, 0, 1, 1], "rotation": 90, "texture": "#0"}
			}
		},
		{
			"from": [19, 18, 10],
			"to": [20, 19, 11],
			"rotation": {"angle": 0, "axis": "y", "origin": [-7.5, 14, 7.5]},
			"faces": {
				"north": {"uv": [0, 0, 1, 1], "texture": "#0"},
				"east": {"uv": [0, 0, 1, 1], "texture": "#0"},
				"south": {"uv": [0, 0, 1, 1], "texture": "#0"},
				"west": {"uv": [0, 0, 1, 1], "texture": "#0"},
				"up": {"uv": [0, 0, 1, 1], "rotation": 270, "texture": "#0"},
				"down": {"uv": [0, 0, 1, 1], "rotation": 90, "texture": "#0"}
			}
		},
		{
			"from": [19, 18, 8],
			"to": [20, 19, 9],
			"rotation": {"angle": 0, "axis": "y", "origin": [-7.5, 14, 7.5]},
			"faces": {
				"north": {"uv": [10, 10, 11, 11], "texture": "#0"},
				"east": {"uv": [10, 10, 11, 11], "texture": "#0"},
				"south": {"uv": [10, 10, 11, 11], "texture": "#0"},
				"west": {"uv": [10, 10, 11, 11], "texture": "#0"},
				"up": {"uv": [10, 10, 11, 11], "rotation": 270, "texture": "#0"},
				"down": {"uv": [10, 10, 11, 11], "rotation": 90, "texture": "#0"}
			}
		},
		{
			"from": [19, 18, 6],
			"to": [20, 19, 7],
			"rotation": {"angle": 0, "axis": "y", "origin": [-7.5, 14, 7.5]},
			"faces": {
				"north": {"uv": [0, 0, 1, 1], "texture": "#0"},
				"east": {"uv": [0, 0, 1, 1], "texture": "#0"},
				"south": {"uv": [0, 0, 1, 1], "texture": "#0"},
				"west": {"uv": [0, 0, 1, 1], "texture": "#0"},
				"up": {"uv": [0, 0, 1, 1], "rotation": 270, "texture": "#0"},
				"down": {"uv": [0, 0, 1, 1], "rotation": 90, "texture": "#0"}
			}
		},
		{
			"from": [19, 18, 4],
			"to": [20, 19, 5],
			"rotation": {"angle": 0, "axis": "y", "origin": [-7.5, 14, 7.5]},
			"faces": {
				"north": {"uv": [0, 0, 1, 1], "texture": "#0"},
				"east": {"uv": [0, 0, 1, 1], "texture": "#0"},
				"south": {"uv": [0, 0, 1, 1], "texture": "#0"},
				"west": {"uv": [0, 0, 1, 1], "texture": "#0"},
				"up": {"uv": [0, 0, 1, 1], "rotation": 270, "texture": "#0"},
				"down": {"uv": [0, 0, 1, 1], "rotation": 90, "texture": "#0"}
			}
		},
		{
			"from": [19, 16, 3],
			"to": [20, 18, 13],
			"rotation": {"angle": 0, "axis": "y", "origin": [-7.5, 14, 7.5]},
			"faces": {
				"north": {"uv": [0, 0, 1, 2], "texture": "#0"},
				"east": {"uv": [0, 0, 10, 2], "texture": "#0"},
				"south": {"uv": [0, 0, 1, 2], "texture": "#0"},
				"west": {"uv": [0, 0, 10, 2], "texture": "#0"},
				"up": {"uv": [0, 0, 10, 1], "rotation": 270, "texture": "#0"},
				"down": {"uv": [0, 0, 10, 1], "rotation": 90, "texture": "#0"}
			}
		},
		{
			"from": [29, 18, 12],
			"to": [30, 19, 13],
			"rotation": {"angle": 0, "axis": "y", "origin": [-7.5, 14, 7.5]},
			"faces": {
				"north": {"uv": [6, 1, 7, 2], "texture": "#0"},
				"east": {"uv": [6, 1, 7, 2], "texture": "#0"},
				"south": {"uv": [6, 1, 7, 2], "texture": "#0"},
				"west": {"uv": [6, 1, 7, 2], "texture": "#0"},
				"up": {"uv": [6, 1, 7, 2], "rotation": 180, "texture": "#0"},
				"down": {"uv": [6, 1, 7, 2], "rotation": 180, "texture": "#0"}
			}
		},
		{
			"from": [27, 18, 12],
			"to": [28, 19, 13],
			"rotation": {"angle": 0, "axis": "y", "origin": [-7.5, 14, 7.5]},
			"faces": {
				"north": {"uv": [7, 0, 8, 1], "texture": "#0"},
				"east": {"uv": [7, 0, 8, 1], "texture": "#0"},
				"south": {"uv": [7, 0, 8, 1], "texture": "#0"},
				"west": {"uv": [7, 0, 8, 1], "texture": "#0"},
				"up": {"uv": [7, 0, 8, 1], "rotation": 180, "texture": "#0"},
				"down": {"uv": [7, 0, 8, 1], "rotation": 180, "texture": "#0"}
			}
		},
		{
			"from": [25, 18, 12],
			"to": [26, 19, 13],
			"rotation": {"angle": 0, "axis": "y", "origin": [-7.5, 14, 7.5]},
			"faces": {
				"north": {"uv": [6, 1, 7, 2], "texture": "#0"},
				"east": {"uv": [6, 1, 7, 2], "texture": "#0"},
				"south": {"uv": [6, 1, 7, 2], "texture": "#0"},
				"west": {"uv": [6, 1, 7, 2], "texture": "#0"},
				"up": {"uv": [6, 1, 7, 2], "rotation": 180, "texture": "#0"},
				"down": {"uv": [6, 1, 7, 2], "rotation": 180, "texture": "#0"}
			}
		},
		{
			"from": [23, 18, 12],
			"to": [24, 19, 13],
			"rotation": {"angle": 0, "axis": "y", "origin": [-7.5, 14, 7.5]},
			"faces": {
				"north": {"uv": [6, 1, 7, 2], "texture": "#0"},
				"east": {"uv": [6, 1, 7, 2], "texture": "#0"},
				"south": {"uv": [6, 1, 7, 2], "texture": "#0"},
				"west": {"uv": [6, 1, 7, 2], "texture": "#0"},
				"up": {"uv": [6, 1, 7, 2], "rotation": 180, "texture": "#0"},
				"down": {"uv": [6, 1, 7, 2], "rotation": 180, "texture": "#0"}
			}
		},
		{
			"from": [21, 18, 12],
			"to": [22, 19, 13],
			"rotation": {"angle": 0, "axis": "y", "origin": [-7.5, 14, 7.5]},
			"faces": {
				"north": {"uv": [6, 1, 7, 2], "texture": "#0"},
				"east": {"uv": [6, 1, 7, 2], "texture": "#0"},
				"south": {"uv": [6, 1, 7, 2], "texture": "#0"},
				"west": {"uv": [6, 1, 7, 2], "texture": "#0"},
				"up": {"uv": [6, 1, 7, 2], "rotation": 180, "texture": "#0"},
				"down": {"uv": [6, 1, 7, 2], "rotation": 180, "texture": "#0"}
			}
		},
		{
			"from": [20, 16, 12],
			"to": [30, 18, 13],
			"rotation": {"angle": 0, "axis": "y", "origin": [-7.5, 14, 7.5]},
			"faces": {
				"north": {"uv": [6, 0, 16, 2], "texture": "#0"},
				"east": {"uv": [6, 0, 7, 2], "texture": "#0"},
				"south": {"uv": [6, 0, 16, 2], "texture": "#0"},
				"west": {"uv": [6, 0, 7, 2], "texture": "#0"},
				"up": {"uv": [6, 0, 16, 1], "rotation": 180, "texture": "#0"},
				"down": {"uv": [6, 0, 16, 1], "rotation": 180, "texture": "#0"}
			}
		},
		{
			"from": [19, 18, 2],
			"to": [20, 19, 3],
			"rotation": {"angle": 0, "axis": "y", "origin": [-7.5, 14, 7.5]},
			"faces": {
				"north": {"uv": [5, 4, 6, 5], "texture": "#0"},
				"east": {"uv": [5, 4, 6, 5], "texture": "#0"},
				"south": {"uv": [5, 4, 6, 5], "texture": "#0"},
				"west": {"uv": [5, 4, 6, 5], "texture": "#0"},
				"up": {"uv": [5, 4, 6, 5], "texture": "#0"},
				"down": {"uv": [5, 4, 6, 5], "texture": "#0"}
			}
		},
		{
			"from": [21, 18, 2],
			"to": [22, 19, 3],
			"rotation": {"angle": 0, "axis": "y", "origin": [-7.5, 14, 7.5]},
			"faces": {
				"north": {"uv": [6, 1, 7, 2], "texture": "#0"},
				"east": {"uv": [6, 1, 7, 2], "texture": "#0"},
				"south": {"uv": [6, 1, 7, 2], "texture": "#0"},
				"west": {"uv": [6, 1, 7, 2], "texture": "#0"},
				"up": {"uv": [6, 1, 7, 2], "texture": "#0"},
				"down": {"uv": [6, 1, 7, 2], "texture": "#0"}
			}
		},
		{
			"from": [23, 18, 2],
			"to": [24, 19, 3],
			"rotation": {"angle": 0, "axis": "y", "origin": [-7.5, 14, 7.5]},
			"faces": {
				"north": {"uv": [5, 4, 6, 5], "texture": "#0"},
				"east": {"uv": [5, 4, 6, 5], "texture": "#0"},
				"south": {"uv": [5, 4, 6, 5], "texture": "#0"},
				"west": {"uv": [5, 4, 6, 5], "texture": "#0"},
				"up": {"uv": [5, 4, 6, 5], "texture": "#0"},
				"down": {"uv": [5, 4, 6, 5], "texture": "#0"}
			}
		},
		{
			"from": [25, 18, 2],
			"to": [26, 19, 3],
			"rotation": {"angle": 0, "axis": "y", "origin": [-7.5, 14, 7.5]},
			"faces": {
				"north": {"uv": [6, 1, 7, 2], "texture": "#0"},
				"east": {"uv": [6, 1, 7, 2], "texture": "#0"},
				"south": {"uv": [6, 1, 7, 2], "texture": "#0"},
				"west": {"uv": [6, 1, 7, 2], "texture": "#0"},
				"up": {"uv": [6, 1, 7, 2], "texture": "#0"},
				"down": {"uv": [6, 1, 7, 2], "texture": "#0"}
			}
		},
		{
			"from": [27, 18, 2],
			"to": [28, 19, 3],
			"rotation": {"angle": 0, "axis": "y", "origin": [-7.5, 14, 7.5]},
			"faces": {
				"north": {"uv": [5, 9, 6, 10], "texture": "#0"},
				"east": {"uv": [5, 9, 6, 10], "texture": "#0"},
				"south": {"uv": [5, 9, 6, 10], "texture": "#0"},
				"west": {"uv": [5, 9, 6, 10], "texture": "#0"},
				"up": {"uv": [5, 9, 6, 10], "texture": "#0"},
				"down": {"uv": [5, 9, 6, 10], "texture": "#0"}
			}
		},
		{
			"from": [19, 16, 2],
			"to": [29, 18, 3],
			"rotation": {"angle": 0, "axis": "y", "origin": [-7.5, 14, 7.5]},
			"faces": {
				"north": {"uv": [4, 0, 14, 2], "texture": "#0"},
				"east": {"uv": [4, 0, 5, 2], "texture": "#0"},
				"south": {"uv": [4, 0, 14, 2], "texture": "#0"},
				"west": {"uv": [4, 0, 5, 2], "texture": "#0"},
				"up": {"uv": [4, 0, 14, 1], "texture": "#0"},
				"down": {"uv": [4, 0, 14, 1], "texture": "#0"}
			}
		},
		{
			"from": [19, 3, 10],
			"to": [20, 4, 11],
			"faces": {
				"north": {"uv": [0, 0, 16, 16], "texture": "#1"},
				"east": {"uv": [0, 0, 16, 16], "texture": "#1"},
				"south": {"uv": [0, 0, 16, 16], "texture": "#1"},
				"west": {"uv": [0, 0, 16, 16], "texture": "#1"},
				"up": {"uv": [0, 0, 16, 16], "texture": "#2"},
				"down": {"uv": [0, 0, 16, 16], "texture": "#2"}
			}
		},
		{
			"from": [18, 3, 10],
			"to": [19, 4, 11],
			"faces": {
				"north": {"uv": [0, 0, 16, 16], "texture": "#1"},
				"east": {"uv": [0, 0, 16, 16], "texture": "#1"},
				"south": {"uv": [0, 0, 16, 16], "texture": "#1"},
				"west": {"uv": [0, 0, 16, 16], "texture": "#1"},
				"up": {"uv": [0, 0, 16, 16], "texture": "#2"},
				"down": {"uv": [0, 0, 16, 16], "texture": "#2"}
			}
		},
		{
			"from": [19, 4, 10],
			"to": [20, 5, 11],
			"faces": {
				"north": {"uv": [0, 0, 16, 16], "texture": "#1"},
				"east": {"uv": [0, 0, 16, 16], "texture": "#1"},
				"south": {"uv": [0, 0, 16, 16], "texture": "#1"},
				"west": {"uv": [0, 0, 16, 16], "texture": "#1"},
				"up": {"uv": [0, 0, 16, 16], "texture": "#2"},
				"down": {"uv": [0, 0, 16, 16], "texture": "#2"}
			}
		},
		{
			"from": [19, 3, 11],
			"to": [20, 4, 12],
			"faces": {
				"north": {"uv": [0, 0, 16, 16], "texture": "#1"},
				"east": {"uv": [0, 0, 16, 16], "texture": "#1"},
				"south": {"uv": [0, 0, 16, 16], "texture": "#1"},
				"west": {"uv": [0, 0, 16, 16], "texture": "#1"},
				"up": {"uv": [0, 0, 16, 16], "texture": "#2"},
				"down": {"uv": [0, 0, 16, 16], "texture": "#2"}
			}
		},
		{
			"from": [19, 3, 12],
			"to": [20, 4, 13],
			"faces": {
				"north": {"uv": [0, 0, 16, 16], "texture": "#1"},
				"east": {"uv": [0, 0, 16, 16], "texture": "#1"},
				"south": {"uv": [0, 0, 16, 16], "texture": "#1"},
				"west": {"uv": [0, 0, 16, 16], "texture": "#1"},
				"up": {"uv": [0, 0, 16, 16], "texture": "#2"},
				"down": {"uv": [0, 0, 16, 16], "texture": "#2"}
			}
		},
		{
			"from": [18, 3, 11],
			"to": [19, 4, 12],
			"faces": {
				"north": {"uv": [0, 0, 16, 16], "texture": "#1"},
				"east": {"uv": [0, 0, 16, 16], "texture": "#1"},
				"south": {"uv": [0, 0, 16, 16], "texture": "#1"},
				"west": {"uv": [0, 0, 16, 16], "texture": "#1"},
				"up": {"uv": [0, 0, 16, 16], "texture": "#2"},
				"down": {"uv": [0, 0, 16, 16], "texture": "#2"}
			}
		},
		{
			"from": [10, 3, 15],
			"to": [22, 14, 27],
			"rotation": {"angle": 0, "axis": "y", "origin": [16, 0, 16]},
			"faces": {
				"north": {"uv": [4, 0, 13, 14], "texture": "#0"},
				"east": {"uv": [4, 0, 13, 14], "texture": "#0"},
				"south": {"uv": [4, 0, 13, 14], "texture": "#0"},
				"west": {"uv": [4, 0, 13, 14], "texture": "#0"},
				"up": {"uv": [13, 9, 4, 0], "rotation": 90, "texture": "#0"},
				"down": {"uv": [13, 9, 4, 0], "rotation": 270, "texture": "#0"}
			}
		},
		{
			"from": [9, 17, 22.5],
			"to": [9.5, 27, 23],
			"faces": {
				"north": {"uv": [0, 0, 0.5, 10], "texture": "#3"},
				"east": {"uv": [0, 0, 0.5, 10], "texture": "#3"},
				"south": {"uv": [0, 0, 0.5, 10], "texture": "#3"},
				"west": {"uv": [0, 0, 0.5, 10], "texture": "#3"},
				"up": {"uv": [0, 0, 0.5, 0.5], "texture": "#3"},
				"down": {"uv": [0, 0, 0.5, 0.5], "texture": "#3"}
			}
		},
		{
			"from": [7, 22.5, 22.75],
			"to": [9, 26.5, 22.75],
			"faces": {
				"north": {"uv": [0, 0, 2, 4], "texture": "#4"},
				"east": {"uv": [0, 0, 0, 4], "texture": "#4"},
				"south": {"uv": [0, 0, 2, 4], "texture": "#4"},
				"west": {"uv": [0, 0, 0, 4], "texture": "#4"},
				"up": {"uv": [0, 0, 2, 0], "texture": "#4"},
				"down": {"uv": [0, 0, 2, 0], "texture": "#4"}
			}
		},
		{
			"from": [4, 23.5, 22.75],
			"to": [7, 27.5, 22.75],
			"faces": {
				"north": {"uv": [0, 0, 3, 4], "texture": "#4"},
				"east": {"uv": [0, 0, 0, 4], "texture": "#4"},
				"south": {"uv": [0, 0, 3, 4], "texture": "#4"},
				"west": {"uv": [0, 0, 0, 4], "texture": "#4"},
				"up": {"uv": [0, 0, 3, 0], "texture": "#4"},
				"down": {"uv": [0, 0, 3, 0], "texture": "#4"}
			}
		},
		{
			"from": [3, 23.5, 22.75],
			"to": [4, 26.5, 22.75],
			"faces": {
				"north": {"uv": [0, 0, 1, 3], "texture": "#4"},
				"east": {"uv": [0, 0, 0, 3], "texture": "#4"},
				"south": {"uv": [0, 0, 1, 3], "texture": "#4"},
				"west": {"uv": [0, 0, 0, 3], "texture": "#4"},
				"up": {"uv": [0, 0, 1, 0], "texture": "#4"},
				"down": {"uv": [0, 0, 1, 0], "texture": "#4"}
			}
		},
		{
			"from": [1, 24.5, 22.75],
			"to": [3, 26.5, 22.75],
			"faces": {
				"north": {"uv": [0, 0, 2, 2], "texture": "#4"},
				"east": {"uv": [0, 0, 0, 2], "texture": "#4"},
				"south": {"uv": [0, 0, 2, 2], "texture": "#4"},
				"west": {"uv": [0, 0, 0, 2], "texture": "#4"},
				"up": {"uv": [0, 0, 2, 0], "texture": "#4"},
				"down": {"uv": [0, 0, 2, 0], "texture": "#4"}
			}
		},
		{
			"from": [0, 24.5, 22.75],
			"to": [1, 25.5, 22.75],
			"faces": {
				"north": {"uv": [0, 0, 1, 1], "texture": "#4"},
				"east": {"uv": [0, 0, 0, 1], "texture": "#4"},
				"south": {"uv": [0, 0, 1, 1], "texture": "#4"},
				"west": {"uv": [0, 0, 0, 1], "texture": "#4"},
				"up": {"uv": [0, 0, 1, 0], "texture": "#4"},
				"down": {"uv": [0, 0, 1, 0], "texture": "#4"}
			}
		},
		{
			"from": [8.25, 7.25, 2.75],
			"to": [10.25, 9.25, 2.75],
			"rotation": {"angle": 0, "axis": "x", "origin": [10.25, 4.75, 2.75]},
			"faces": {
				"north": {"uv": [0, 0, 2, 2], "texture": "#4"},
				"east": {"uv": [0, 0, 0, 2], "texture": "#4"},
				"south": {"uv": [0, 0, 2, 2], "texture": "#4"},
				"west": {"uv": [0, 0, 0, 2], "texture": "#4"},
				"up": {"uv": [0, 0, 2, 0], "texture": "#4"},
				"down": {"uv": [0, 0, 2, 0], "texture": "#4"}
			}
		},
		{
			"from": [8.75, 6.75, 2.75],
			"to": [9.75, 7.25, 2.75],
			"rotation": {"angle": 0, "axis": "x", "origin": [10.25, 4.75, 2.75]},
			"faces": {
				"north": {"uv": [0, 0, 1, 0.5], "texture": "#4"},
				"east": {"uv": [0, 0, 0, 0.5], "texture": "#4"},
				"south": {"uv": [0, 0, 1, 0.5], "texture": "#4"},
				"west": {"uv": [0, 0, 0, 0.5], "texture": "#4"},
				"up": {"uv": [0, 0, 1, 0], "texture": "#4"},
				"down": {"uv": [0, 0, 1, 0], "texture": "#4"}
			}
		},
		{
			"from": [8, 9, 2.5],
			"to": [10.5, 9.5, 3],
			"rotation": {"angle": 0, "axis": "x", "origin": [10.25, 4.75, 2.75]},
			"faces": {
				"north": {"uv": [0, 0, 2.5, 0.5], "texture": "#3"},
				"east": {"uv": [0, 0, 0.5, 0.5], "texture": "#3"},
				"south": {"uv": [0, 0, 2.5, 0.5], "texture": "#3"},
				"west": {"uv": [0, 0, 0.5, 0.5], "texture": "#3"},
				"up": {"uv": [0, 0, 2.5, 0.5], "texture": "#3"},
				"down": {"uv": [0, 0, 2.5, 0.5], "texture": "#3"}
			}
		},
		{
			"from": [21.5, 9, 2.5],
			"to": [24, 9.5, 3],
			"rotation": {"angle": 0, "axis": "x", "origin": [10.25, 4.75, 2.75]},
			"faces": {
				"north": {"uv": [0, 0, 2.5, 0.5], "texture": "#3"},
				"east": {"uv": [0, 0, 0.5, 0.5], "texture": "#3"},
				"south": {"uv": [0, 0, 2.5, 0.5], "texture": "#3"},
				"west": {"uv": [0, 0, 0.5, 0.5], "texture": "#3"},
				"up": {"uv": [0, 0, 2.5, 0.5], "texture": "#3"},
				"down": {"uv": [0, 0, 2.5, 0.5], "texture": "#3"}
			}
		},
		{
			"from": [21.75, 7.25, 2.75],
			"to": [23.75, 9.25, 2.75],
			"rotation": {"angle": 0, "axis": "x", "origin": [10.25, 4.75, 2.75]},
			"faces": {
				"north": {"uv": [0, 0, 2, 2], "texture": "#4"},
				"east": {"uv": [0, 0, 0, 2], "texture": "#4"},
				"south": {"uv": [0, 0, 2, 2], "texture": "#4"},
				"west": {"uv": [0, 0, 0, 2], "texture": "#4"},
				"up": {"uv": [0, 0, 2, 0], "texture": "#4"},
				"down": {"uv": [0, 0, 2, 0], "texture": "#4"}
			}
		},
		{
			"from": [22.25, 6.75, 2.75],
			"to": [23.25, 7.25, 2.75],
			"rotation": {"angle": 0, "axis": "x", "origin": [10.25, 4.75, 2.75]},
			"faces": {
				"north": {"uv": [0, 0, 1, 0.5], "texture": "#4"},
				"east": {"uv": [0, 0, 0, 0.5], "texture": "#4"},
				"south": {"uv": [0, 0, 1, 0.5], "texture": "#4"},
				"west": {"uv": [0, 0, 0, 0.5], "texture": "#4"},
				"up": {"uv": [0, 0, 1, 0], "texture": "#4"},
				"down": {"uv": [0, 0, 1, 0], "texture": "#4"}
			}
		},
		{
			"from": [13, 0, -8.5],
			"to": [19, 0.5, 0.5],
			"faces": {
				"north": {"uv": [0, 0, 6, 0.5], "texture": "#3"},
				"east": {"uv": [0, 0, 9, 0.5], "texture": "#3"},
				"south": {"uv": [0, 0, 6, 0.5], "texture": "#3"},
				"west": {"uv": [0, 0, 9, 0.5], "texture": "#3"},
				"up": {"uv": [0, 0, 6, 9], "texture": "#3"},
				"down": {"uv": [0, 0, 6, 9], "texture": "#3"}
			}
		},
		{
			"from": [13.25, 0.25, -0.25],
			"to": [13.75, 0.75, 0.25],
			"faces": {
				"north": {"uv": [0, 0, 0.5, 0.5], "texture": "#5"},
				"east": {"uv": [0, 0, 0.5, 0.5], "texture": "#5"},
				"south": {"uv": [0, 0, 0.5, 0.5], "texture": "#5"},
				"west": {"uv": [0, 0, 0.5, 0.5], "texture": "#5"},
				"up": {"uv": [0, 0, 0.5, 0.5], "texture": "#5"},
				"down": {"uv": [0, 0, 0.5, 0.5], "texture": "#5"}
			}
		},
		{
			"from": [18.25, 0.25, -0.25],
			"to": [18.75, 0.75, 0.25],
			"faces": {
				"north": {"uv": [0, 0, 0.5, 0.5], "texture": "#5"},
				"east": {"uv": [0, 0, 0.5, 0.5], "texture": "#5"},
				"south": {"uv": [0, 0, 0.5, 0.5], "texture": "#5"},
				"west": {"uv": [0, 0, 0.5, 0.5], "texture": "#5"},
				"up": {"uv": [0, 0, 0.5, 0.5], "texture": "#5"},
				"down": {"uv": [0, 0, 0.5, 0.5], "texture": "#5"}
			}
		},
		{
			"from": [13.25, 0.25, -8.25],
			"to": [13.75, 0.75, -7.75],
			"faces": {
				"north": {"uv": [0, 0, 0.5, 0.5], "texture": "#5"},
				"east": {"uv": [0, 0, 0.5, 0.5], "texture": "#5"},
				"south": {"uv": [0, 0, 0.5, 0.5], "texture": "#5"},
				"west": {"uv": [0, 0, 0.5, 0.5], "texture": "#5"},
				"up": {"uv": [0, 0, 0.5, 0.5], "texture": "#5"},
				"down": {"uv": [0, 0, 0.5, 0.5], "texture": "#5"}
			}
		},
		{
			"from": [18.25, 0.25, -8.25],
			"to": [18.75, 0.75, -7.75],
			"faces": {
				"north": {"uv": [0, 0, 0.5, 0.5], "texture": "#5"},
				"east": {"uv": [0, 0, 0.5, 0.5], "texture": "#5"},
				"south": {"uv": [0, 0, 0.5, 0.5], "texture": "#5"},
				"west": {"uv": [0, 0, 0.5, 0.5], "texture": "#5"},
				"up": {"uv": [0, 0, 0.5, 0.5], "texture": "#5"},
				"down": {"uv": [0, 0, 0.5, 0.5], "texture": "#5"}
			}
		},
		{
			"from": [2, 0, 5],
			"to": [30, 3, 30],
			"faces": {
				"north": {"uv": [0, 0, 16, 3], "texture": "#0"},
				"east": {"uv": [0, 0, 16, 3], "texture": "#0"},
				"south": {"uv": [0, 0, 16, 3], "texture": "#0"},
				"west": {"uv": [0, 0, 16, 3], "texture": "#0"},
				"up": {"uv": [0, 0, 16, 16], "texture": "#0"},
				"down": {"uv": [0, 0, 16, 16], "texture": "#0"}
			}
		},
		{
			"from": [2, 0, 2],
			"to": [13, 3, 5],
			"faces": {
				"north": {"uv": [0, 0, 11, 3], "texture": "#0"},
				"east": {"uv": [0, 0, 3, 3], "texture": "#0"},
				"south": {"uv": [0, 0, 11, 3], "texture": "#0"},
				"west": {"uv": [0, 0, 3, 3], "texture": "#0"},
				"up": {"uv": [0, 0, 11, 3], "texture": "#0"},
				"down": {"uv": [0, 0, 11, 3], "texture": "#0"}
			}
		},
		{
			"from": [13, 0, 4],
			"to": [19, 2, 5],
			"faces": {
				"north": {"uv": [0, 0, 6, 2], "texture": "#0"},
				"east": {"uv": [0, 0, 1, 2], "texture": "#0"},
				"south": {"uv": [0, 0, 6, 2], "texture": "#0"},
				"west": {"uv": [0, 0, 1, 2], "texture": "#0"},
				"up": {"uv": [0, 0, 6, 1], "texture": "#0"},
				"down": {"uv": [0, 0, 6, 1], "texture": "#0"}
			}
		},
		{
			"from": [13, 0, 3],
			"to": [19, 1, 4],
			"faces": {
				"north": {"uv": [0, 0, 6, 1], "texture": "#0"},
				"east": {"uv": [0, 0, 1, 1], "texture": "#0"},
				"south": {"uv": [0, 0, 6, 1], "texture": "#0"},
				"west": {"uv": [0, 0, 1, 1], "texture": "#0"},
				"up": {"uv": [0, 0, 6, 1], "texture": "#0"},
				"down": {"uv": [0, 0, 6, 1], "texture": "#0"}
			}
		},
		{
			"from": [19, 0, 2],
			"to": [30, 3, 5],
			"faces": {
				"north": {"uv": [0, 0, 11, 3], "texture": "#0"},
				"east": {"uv": [0, 0, 3, 3], "texture": "#0"},
				"south": {"uv": [0, 0, 11, 3], "texture": "#0"},
				"west": {"uv": [0, 0, 3, 3], "texture": "#0"},
				"up": {"uv": [0, 0, 11, 3], "texture": "#0"},
				"down": {"uv": [0, 0, 11, 3], "texture": "#0"}
			}
		},
		{
			"from": [14, 3, 14.75],
			"to": [15.5, 5.5, 15.25],
			"faces": {
				"north": {"uv": [0, 0, 6.5, 9.5], "texture": "#3"},
				"east": {"uv": [0, 0, 5.5, 9.5], "texture": "#3"},
				"south": {"uv": [0, 0, 6.5, 9.5], "texture": "#3"},
				"west": {"uv": [0, 0, 5.5, 9.5], "texture": "#3"},
				"up": {"uv": [0, 0, 6.5, 7.5], "texture": "#3"},
				"down": {"uv": [0, 0, 6.5, 7.5], "texture": "#3"}
			}
		},
		{
			"from": [13.5, -1.15, 15.475],
			"to": [13.7, -0.15, 15.675],
			"rotation": {"angle": -22.5, "axis": "x", "origin": [13.1, 0.5, 0.1]},
			"faces": {
				"north": {"uv": [7, 6, 9, 16], "texture": "#6"},
				"east": {"uv": [7, 6, 9, 16], "texture": "#6"},
				"south": {"uv": [7, 6, 9, 16], "texture": "#6"},
				"west": {"uv": [7, 6, 9, 16], "texture": "#6"},
				"up": {"uv": [7, 6, 9, 7.2], "texture": "#6"},
				"down": {"uv": [7, 6, 9, 15.2], "texture": "#6"}
			}
		},
		{
			"from": [15.75, -1.15, 15.475],
			"to": [15.95, -0.15, 15.675],
			"rotation": {"angle": -22.5, "axis": "x", "origin": [13.1, 0.5, 0.1]},
			"faces": {
				"north": {"uv": [7, 6, 9, 16], "texture": "#6"},
				"east": {"uv": [7, 6, 9, 16], "texture": "#6"},
				"south": {"uv": [7, 6, 9, 16], "texture": "#6"},
				"west": {"uv": [7, 6, 9, 16], "texture": "#6"},
				"up": {"uv": [7, 6, 9, 7.2], "texture": "#6"},
				"down": {"uv": [7, 6, 9, 15.2], "texture": "#6"}
			}
		},
		{
			"from": [17.45, 8.35, 6.025],
			"to": [17.65, 10.05, 6.225],
			"faces": {
				"north": {"uv": [0, 0, 0.2, 1.7], "texture": "#7"},
				"east": {"uv": [0, 0, 0.2, 1.7], "texture": "#7"},
				"south": {"uv": [0, 0, 0.2, 1.7], "texture": "#7"},
				"west": {"uv": [0, 0, 0.2, 1.7], "texture": "#7"},
				"up": {"uv": [0, 0, 0.2, 0.2], "texture": "#7"},
				"down": {"uv": [0, 0, 0.2, 0.2], "texture": "#7"}
			}
		},
		{
			"from": [16.7, 8.35, 6.025],
			"to": [16.9, 10.05, 6.225],
			"faces": {
				"north": {"uv": [0, 0, 0.2, 1.7], "texture": "#7"},
				"east": {"uv": [0, 0, 0.2, 1.7], "texture": "#7"},
				"south": {"uv": [0, 0, 0.2, 1.7], "texture": "#7"},
				"west": {"uv": [0, 0, 0.2, 1.7], "texture": "#7"},
				"up": {"uv": [0, 0, 0.2, 0.2], "texture": "#7"},
				"down": {"uv": [0, 0, 0.2, 0.2], "texture": "#7"}
			}
		},
		{
			"from": [13.7, 9.6, 6.025],
			"to": [18.7, 9.8, 6.225],
			"faces": {
				"north": {"uv": [0, 0, 5, 0.2], "texture": "#7"},
				"east": {"uv": [0, 0, 0.2, 0.2], "texture": "#7"},
				"south": {"uv": [0, 0, 5, 0.2], "texture": "#7"},
				"west": {"uv": [0, 0, 0.2, 0.2], "texture": "#7"},
				"up": {"uv": [0, 0, 5, 0.2], "texture": "#7"},
				"down": {"uv": [0, 0, 5, 0.2], "texture": "#7"}
			}
		},
		{
			"from": [13.7, 9.1, 6.025],
			"to": [18.7, 9.3, 6.225],
			"faces": {
				"north": {"uv": [0, 0, 5, 0.2], "texture": "#7"},
				"east": {"uv": [0, 0, 0.2, 0.2], "texture": "#7"},
				"south": {"uv": [0, 0, 5, 0.2], "texture": "#7"},
				"west": {"uv": [0, 0, 0.2, 0.2], "texture": "#7"},
				"up": {"uv": [0, 0, 5, 0.2], "texture": "#7"},
				"down": {"uv": [0, 0, 5, 0.2], "texture": "#7"}
			}
		},
		{
			"from": [13.7, 8.6, 6.025],
			"to": [18.7, 8.8, 6.225],
			"faces": {
				"north": {"uv": [0, 0, 5, 0.2], "texture": "#7"},
				"east": {"uv": [0, 0, 0.2, 0.2], "texture": "#7"},
				"south": {"uv": [0, 0, 5, 0.2], "texture": "#7"},
				"west": {"uv": [0, 0, 0.2, 0.2], "texture": "#7"},
				"up": {"uv": [0, 0, 5, 0.2], "texture": "#7"},
				"down": {"uv": [0, 0, 5, 0.2], "texture": "#7"}
			}
		},
		{
			"from": [15.95, 8.35, 6.025],
			"to": [16.15, 10.05, 6.225],
			"faces": {
				"north": {"uv": [0, 0, 0.2, 1.7], "texture": "#7"},
				"east": {"uv": [0, 0, 0.2, 1.7], "texture": "#7"},
				"south": {"uv": [0, 0, 0.2, 1.7], "texture": "#7"},
				"west": {"uv": [0, 0, 0.2, 1.7], "texture": "#7"},
				"up": {"uv": [0, 0, 0.2, 0.2], "texture": "#7"},
				"down": {"uv": [0, 0, 0.2, 0.2], "texture": "#7"}
			}
		},
		{
			"from": [15.2, 8.35, 6.025],
			"to": [15.4, 10.05, 6.225],
			"faces": {
				"north": {"uv": [0, 0, 0.2, 1.7], "texture": "#7"},
				"east": {"uv": [0, 0, 0.2, 1.7], "texture": "#7"},
				"south": {"uv": [0, 0, 0.2, 1.7], "texture": "#7"},
				"west": {"uv": [0, 0, 0.2, 1.7], "texture": "#7"},
				"up": {"uv": [0, 0, 0.2, 0.2], "texture": "#7"},
				"down": {"uv": [0, 0, 0.2, 0.2], "texture": "#7"}
			}
		},
		{
			"from": [14.45, 8.35, 6.025],
			"to": [14.65, 10.05, 6.225],
			"faces": {
				"north": {"uv": [0, 0, 0.2, 1.7], "texture": "#7"},
				"east": {"uv": [0, 0, 0.2, 1.7], "texture": "#7"},
				"south": {"uv": [0, 0, 0.2, 1.7], "texture": "#7"},
				"west": {"uv": [0, 0, 0.2, 1.7], "texture": "#7"},
				"up": {"uv": [0, 0, 0.2, 0.2], "texture": "#7"},
				"down": {"uv": [0, 0, 0.2, 0.2], "texture": "#7"}
			}
		},
		{
			"from": [18.2, 8.35, 6.025],
			"to": [18.4, 10.05, 6.225],
			"faces": {
				"north": {"uv": [0, 0, 0.2, 1.7], "texture": "#7"},
				"east": {"uv": [0, 0, 0.2, 1.7], "texture": "#7"},
				"south": {"uv": [0, 0, 0.2, 1.7], "texture": "#7"},
				"west": {"uv": [0, 0, 0.2, 1.7], "texture": "#7"},
				"up": {"uv": [0, 0, 0.2, 0.2], "texture": "#7"},
				"down": {"uv": [0, 0, 0.2, 0.2], "texture": "#7"}
			}
		}
	],
	"display": {
		"fixed": {
			"rotation": [-90, 0, 0],
			"translation": [0, 0, 16],
			"scale": [2, 2, 2]
		}
	},
	"groups": [
		{
			"name": "group",
			"origin": [8, 8, 8],
			"color": 0,
			"nbt": "{}",
			"armAnimationEnabled": false,
			"children": [
				{
					"name": "group",
					"origin": [8, 8, 8],
					"color": 0,
					"nbt": "{}",
					"armAnimationEnabled": false,
					"children": [
						{
							"name": "group",
							"origin": [8, 8, 8],
							"color": 0,
							"nbt": "{}",
							"armAnimationEnabled": false,
							"children": [
								0,
								{
									"name": "group",
									"origin": [0, 0, 0],
									"color": 0,
									"nbt": "{}",
									"armAnimationEnabled": false,
									"children": [1, 2, 3, 4, 5, 6, 7, 8, 9, 10, 11, 12]
								},
								{
									"name": "group",
									"origin": [0, 0, 0],
									"color": 0,
									"nbt": "{}",
									"armAnimationEnabled": false,
									"children": [13, 14, 15, 16, 17, 18, 19, 20, 21, 22, 23, 24]
								}
							]
						},
						{
							"name": "group",
							"origin": [8, 8, 8],
							"color": 0,
							"nbt": "{}",
							"armAnimationEnabled": false,
							"children": [
								25,
								26,
								{
									"name": "group",
									"origin": [0, 0, 0],
									"color": 0,
									"nbt": "{}",
									"armAnimationEnabled": false,
									"children": [27, 28, 29, 30, 31, 32, 33, 34, 35, 36, 37, 38]
								},
								{
									"name": "group",
									"origin": [0, 0, 0],
									"color": 0,
									"nbt": "{}",
									"armAnimationEnabled": false,
									"children": [39, 40, 41, 42, 43, 44, 45, 46, 47, 48, 49, 50]
								}
							]
						}
					]
				},
				{
					"name": "group",
					"origin": [8, 8, 8],
					"color": 0,
					"nbt": "{}",
					"armAnimationEnabled": false,
					"children": [
						{
							"name": "group",
							"origin": [8, 8, 8],
							"color": 0,
							"nbt": "{}",
							"armAnimationEnabled": false,
							"children": [
								51,
								52,
								53,
								54,
								55,
								56,
								57,
								58,
								{
									"name": "group",
									"origin": [0, 0, 0],
									"color": 0,
									"nbt": "{}",
									"armAnimationEnabled": false,
									"children": [59, 60, 61, 62, 63, 64, 65, 66, 67, 68, 69, 70, 71, 72, 73, 74, 75, 76]
								},
								{
									"name": "group",
									"origin": [0, 0, 0],
									"color": 0,
									"nbt": "{}",
									"armAnimationEnabled": false,
									"children": [77, 78, 79, 80, 81, 82, 83, 84, 85, 86, 87, 88]
								}
							]
						},
						{
							"name": "group",
							"origin": [8, 8, 8],
							"color": 0,
							"nbt": "{}",
							"armAnimationEnabled": false,
							"children": [
								89,
								90,
								{
									"name": "group",
									"origin": [0, 0, 0],
									"color": 0,
									"nbt": "{}",
									"armAnimationEnabled": false,
									"children": [91, 92, 93, 94, 95, 96, 97, 98, 99, 100, 101, 102]
								},
								{
									"name": "group",
									"origin": [0, 0, 0],
									"color": 0,
									"nbt": "{}",
									"armAnimationEnabled": false,
									"children": [103, 104, 105, 106, 107, 108, 109, 110, 111, 112, 113, 114]
								}
							]
						}
					]
				},
				115,
				116,
				117,
				118,
				119,
				120,
				121,
				122,
				123,
				124,
				125,
				126,
				127,
				128,
				129,
				130,
				131,
				132,
				133,
				134,
				135,
				136,
				137,
				138,
				139,
				140,
				141,
				142,
				143,
				144,
				145,
				146
			]
		},
		{
			"name": "doorway",
			"origin": [0, 0, 0],
			"color": 0,
			"nbt": "{}",
			"armAnimationEnabled": false,
			"children": [147, 148, 149, 150, 151, 152, 153, 154, 155]
		}
	]
}