{
	"credit": "Made with Blockbench",
	"texture_size": [128, 128],
	"textures": {
		"1": "custom/ubmrella_big_blue",
		"particle": "custom/ubmrella_big_blue"
	},
	"elements": [
		{
			"from": [2, -16, 2],
			"to": [14, -12, 14],
			"faces": {
				"north": {"uv": [5.75, 4, 7.25, 4.5], "texture": "#1"},
				"east": {"uv": [5.75, 4.5, 7.25, 5], "texture": "#1"},
				"south": {"uv": [5.75, 5, 7.25, 5.5], "texture": "#1"},
				"west": {"uv": [5.75, 5.5, 7.25, 6], "texture": "#1"},
				"up": {"uv": [7.25, 2.5, 5.75, 1], "texture": "#1"},
				"down": {"uv": [7.25, 2.5, 5.75, 4], "texture": "#1"}
			}
		},
		{
			"from": [7.5, -12, 7.5],
			"to": [8.5, 25, 8.5],
			"rotation": {"angle": 0, "axis": "y", "origin": [7.5, 0, 7.5]},
			"faces": {
				"north": {"uv": [5.75, 6, 5.875, 10.625], "texture": "#1"},
				"east": {"uv": [5.875, 6, 6, 10.625], "texture": "#1"},
				"south": {"uv": [6, 6, 6.125, 10.625], "texture": "#1"},
				"west": {"uv": [6.125, 6, 6.25, 10.625], "texture": "#1"},
				"up": {"uv": [6.875, 6.625, 6.75, 6.5], "texture": "#1"},
				"down": {"uv": [6.875, 6.625, 6.75, 6.75], "texture": "#1"}
			}
		},
		{
			"from": [6, 25.001, 6],
			"to": [10, 26.001, 10],
			"rotation": {"angle": 0, "axis": "y", "origin": [7, 0, 7]},
			"faces": {
				"north": {"uv": [6.75, 6, 7.25, 6.125], "texture": "#1"},
				"east": {"uv": [6.75, 6.125, 7.25, 6.25], "texture": "#1"},
				"south": {"uv": [6.75, 6.25, 7.25, 6.375], "texture": "#1"},
				"west": {"uv": [6.75, 6.375, 7.25, 6.5], "texture": "#1"},
				"up": {"uv": [6.75, 6.5, 6.25, 6], "texture": "#1"},
				"down": {"uv": [6.75, 6.5, 6.25, 7], "texture": "#1"}
			}
		},
		{
			"from": [-15, 21, -15],
			"to": [31, 25, 31],
			"rotation": {"angle": 0, "axis": "z", "origin": [8.75, 20, 8.75]},
			"faces": {
				"north": {"uv": [7.25, 1.5, 13, 2], "texture": "#1"},
				"east": {"uv": [13, 1, 7.25, 1.5], "texture": "#1"},
				"south": {"uv": [5.75, 0.5, 11.5, 1], "texture": "#1"},
				"west": {"uv": [5.75, 0, 11.5, 0.5], "texture": "#1"},
				"up": {"uv": [5.75, 5.75, 0, 0], "texture": "#1"},
				"down": {"uv": [5.75, 5.75, 0, 11.5], "texture": "#1"}
			}
		},
		{
			"from": [-15, 21, -15],
			"to": [31, 25, -15],
			"rotation": {"angle": 0, "axis": "z", "origin": [7.25, 20, 8.75]},
			"faces": {
				"north": {"uv": [7.25, 1.5, 13, 2], "texture": "#1"},
				"east": {"uv": [13, 1, 13, 1], "texture": "#1"},
				"south": {"uv": [13, 1.5, 7.25, 2], "texture": "#1"},
				"west": {"uv": [6.75, 1.5, 6.75, 1.5], "texture": "#1"},
				"up": {"uv": [0, 5.75, 0, 0], "texture": "#1"},
				"down": {"uv": [0, 0, 0, 5.75], "texture": "#1"}
			}
		}
	],
	"display": {
		"thirdperson_righthand": {
			"translation": [0, 4, 0],
			"scale": [0.5, 0.5, 0.5]
		},
		"thirdperson_lefthand": {
			"translation": [0, 4, 0],
			"scale": [0.5, 0.5, 0.5]
		},
		"firstperson_righthand": {
			"translation": [0, 2, 0],
			"scale": [0.2, 0.2, 0.2]
		},
		"firstperson_lefthand": {
			"translation": [0, 2, 0],
			"scale": [0.2, 0.2, 0.2]
		},
		"ground": {
			"translation": [0, 16, 0],
			"scale": [0.8, 0.8, 0.8]
		},
		"gui": {
			"rotation": [25, 45, 0],
			"translation": [0, -0.25, 0],
			"scale": [0.3, 0.3, 0.3]
		},
		"head": {
			"translation": [0, 8, 0],
			"scale": [0.5, 0.5, 0.5]
		},
		"fixed": {
			"rotation": [-90, 0, 0],
			"translation": [0, 0, -48],
			"scale": [2, 2, 2]
		}
	}
}