{
	"credit": "Made with Blockbench",
	"textures": {
		"1": "custom/dnaparkour"
	},
	"elements": [
		{
			"from": [-11.2, 0, 8],
			"to": [27.2, 21.6, 8],
			"rotation": {"angle": 0, "axis": "y", "origin": [8, 11.6, -5]},
			"faces": {
				"north": {"uv": [0, 0, 16, 16], "texture": "#1"},
				"east": {"uv": [0, 0, 0, 12], "texture": "#1"},
				"south": {"uv": [0, 0, 16, 16], "texture": "#1"},
				"west": {"uv": [0, 0, 0, 12], "texture": "#1"},
				"up": {"uv": [0, 0, 16, 0], "texture": "#1"},
				"down": {"uv": [0, 0, 16, 0], "texture": "#1"}
			}
		}
	],
	"display": {
		"fixed": {
			"translation": [0, -21.5, -0.25],
			"scale": [0, 0, 0]
		}
	}
}