{
	"__credit": "Generated using Animated Java (https://animated-java.dev/)",
	"textures": {
		"0": "minecraft:custom/bee"
	},
	"elements": [
		{
			"faces": {
				"north": {"uv": [7, 0.25, 7.75, 0.75], "texture": "#0"},
				"east": {"uv": [7, 0.25, 7, 0.75], "texture": "#0"},
				"south": {"uv": [7, 0.25, 7.75, 0.75], "texture": "#0"},
				"west": {"uv": [7.75, 0.25, 7.75, 0.75], "texture": "#0"},
				"up": {"uv": [7.75, 0.25, 7, 0.25], "texture": "#0"},
				"down": {"uv": [8.5, 0.25, 7.75, 0.25], "texture": "#0"}
			},
			"to": [10.4, 0.8, 8.8],
			"from": [6.8, -1.6, 8.8],
			"rotation": {"angle": 0, "axis": "y", "origin": [7.4, -3.2, 9.6]}
		}
	],
	"display": {
		"head": {
			"translation": [0, 5.6, 0],
			"scale": [4, 4, 4],
			"rotation": [0, 0, 0]
		}
	}
}