{
	"credit": "Made with Blockbench",
	"textures": {
		"0": "custom/arrow_bg",
		"1": "block/black_concrete_powder",
		"2": "block/red_concrete_powder",
		"particle": "custom/arrow_bg"
	},
	"elements": [
		{
			"from": [0, 0, 0],
			"to": [16, 12, 1],
			"faces": {
				"north": {"uv": [0, 0, 16, 12], "texture": "#0"},
				"east": {"uv": [0, 0, 1, 12], "texture": "#0"},
				"south": {"uv": [0, 0, 16, 12], "texture": "#0"},
				"west": {"uv": [15, 0, 16, 12], "texture": "#0"},
				"up": {"uv": [0, 0, 16, 1], "texture": "#0"},
				"down": {"uv": [0, 11, 16, 12], "texture": "#0"}
			}
		},
		{
			"from": [10.125, 4.875, -0.3125],
			"to": [16.375, 9.875, 0],
			"rotation": {"angle": -45, "axis": "z", "origin": [7.75, 10, -0.23437]},
			"faces": {
				"north": {"uv": [0, 4, 5, 0], "texture": "#1"},
				"east": {"uv": [0, 4, 0.25, 0], "texture": "#1"},
				"south": {"uv": [0, 4, 5, 0], "texture": "#1"},
				"west": {"uv": [0, 4, 0.25, 0], "texture": "#1"},
				"up": {"uv": [0, 0.25, 5, 0], "texture": "#1"},
				"down": {"uv": [0, 0.25, 5, 0], "texture": "#1"}
			}
		},
		{
			"from": [9.5, 5.5, -0.625],
			"to": [15.75, 9.25, 0],
			"rotation": {"angle": -45, "axis": "z", "origin": [7.75, 10, -0.23437]},
			"faces": {
				"north": {"uv": [0, 3, 5, 0], "texture": "#2"},
				"east": {"uv": [0, 3, 0.5, 0], "texture": "#2"},
				"south": {"uv": [0, 3, 5, 0], "texture": "#2"},
				"west": {"uv": [0, 3, 0.5, 0], "texture": "#2"},
				"up": {"uv": [0, 0.5, 5, 0], "texture": "#2"},
				"down": {"uv": [0, 0.5, 5, 0], "texture": "#2"}
			}
		},
		{
			"from": [8.25, 3, -0.625],
			"to": [9.5, 11.75, 0],
			"rotation": {"angle": -45, "axis": "z", "origin": [7.75, 10, -0.23437]},
			"faces": {
				"north": {"uv": [0, 7, 1, 0], "texture": "#2"},
				"east": {"uv": [0, 7, 0.5, 0], "texture": "#2"},
				"south": {"uv": [0, 7, 1, 0], "texture": "#2"},
				"west": {"uv": [0, 7, 0.5, 0], "texture": "#2"},
				"up": {"uv": [0, 0.5, 1, 0], "texture": "#2"},
				"down": {"uv": [0, 0.5, 1, 0], "texture": "#2"}
			}
		},
		{
			"from": [7, 4.25, -0.625],
			"to": [8.25, 10.5, 0],
			"rotation": {"angle": -45, "axis": "z", "origin": [7.75, 10, -0.23437]},
			"faces": {
				"north": {"uv": [0, 5, 1, 0], "texture": "#2"},
				"east": {"uv": [0, 5, 0.5, 0], "texture": "#2"},
				"south": {"uv": [0, 5, 1, 0], "texture": "#2"},
				"west": {"uv": [0, 5, 0.5, 0], "texture": "#2"},
				"up": {"uv": [0, 0.5, 1, 0], "texture": "#2"},
				"down": {"uv": [0, 0.5, 1, 0], "texture": "#2"}
			}
		},
		{
			"from": [5.75, 5.5, -0.625],
			"to": [7, 9.25, 0],
			"rotation": {"angle": -45, "axis": "z", "origin": [7.75, 10, -0.23437]},
			"faces": {
				"north": {"uv": [0, 3, 1, 0], "texture": "#2"},
				"east": {"uv": [0, 3, 0.5, 0], "texture": "#2"},
				"south": {"uv": [0, 3, 1, 0], "texture": "#2"},
				"west": {"uv": [0, 3, 0.5, 0], "texture": "#2"},
				"up": {"uv": [0, 0.5, 1, 0], "texture": "#2"},
				"down": {"uv": [0, 0.5, 1, 0], "texture": "#2"}
			}
		},
		{
			"from": [4.5, 6.75, -0.625],
			"to": [5.75, 8, 0],
			"rotation": {"angle": -45, "axis": "z", "origin": [7.75, 10, -0.23437]},
			"faces": {
				"north": {"uv": [0, 1, 1, 0], "texture": "#2"},
				"east": {"uv": [0, 1, 0.5, 0], "texture": "#2"},
				"south": {"uv": [0, 1, 1, 0], "texture": "#2"},
				"west": {"uv": [0, 1, 0.5, 0], "texture": "#2"},
				"up": {"uv": [0, 0.5, 1, 0], "texture": "#2"},
				"down": {"uv": [0, 0.5, 1, 0], "texture": "#2"}
			}
		},
		{
			"from": [3.875, 6.125, -0.3125],
			"to": [5.125, 8.625, 0],
			"rotation": {"angle": -45, "axis": "z", "origin": [7.75, 10, -0.23437]},
			"faces": {
				"north": {"uv": [0, 2, 1, 0], "texture": "#1"},
				"east": {"uv": [0, 2, 0.25, 0], "texture": "#1"},
				"south": {"uv": [0, 2, 1, 0], "texture": "#1"},
				"west": {"uv": [0, 2, 0.25, 0], "texture": "#1"},
				"up": {"uv": [0, 0.25, 1, 0], "texture": "#1"},
				"down": {"uv": [0, 0.25, 1, 0], "texture": "#1"}
			}
		},
		{
			"from": [5.125, 4.875, -0.3125],
			"to": [6.375, 9.875, 0],
			"rotation": {"angle": -45, "axis": "z", "origin": [7.75, 10, -0.23437]},
			"faces": {
				"north": {"uv": [0, 4, 1, 0], "texture": "#1"},
				"east": {"uv": [0, 4, 0.25, 0], "texture": "#1"},
				"south": {"uv": [0, 4, 1, 0], "texture": "#1"},
				"west": {"uv": [0, 4, 0.25, 0], "texture": "#1"},
				"up": {"uv": [0, 0.25, 1, 0], "texture": "#1"},
				"down": {"uv": [0, 0.25, 1, 0], "texture": "#1"}
			}
		},
		{
			"from": [6.375, 3.625, -0.3125],
			"to": [7.625, 11.125, 0],
			"rotation": {"angle": -45, "axis": "z", "origin": [7.75, 10, -0.23437]},
			"faces": {
				"north": {"uv": [0, 6, 1, 0], "texture": "#1"},
				"east": {"uv": [0, 6, 0.25, 0], "texture": "#1"},
				"south": {"uv": [0, 6, 1, 0], "texture": "#1"},
				"west": {"uv": [0, 6, 0.25, 0], "texture": "#1"},
				"up": {"uv": [0, 0.25, 1, 0], "texture": "#1"},
				"down": {"uv": [0, 0.25, 1, 0], "texture": "#1"}
			}
		},
		{
			"from": [7.625, 2.375, -0.3125],
			"to": [10.125, 12.375, 0],
			"rotation": {"angle": -45, "axis": "z", "origin": [7.75, 10, -0.23437]},
			"faces": {
				"north": {"uv": [0, 8, 2, 0], "texture": "#1"},
				"east": {"uv": [0, 8, 0.25, 0], "texture": "#1"},
				"south": {"uv": [0, 8, 2, 0], "texture": "#1"},
				"west": {"uv": [0, 8, 0.25, 0], "texture": "#1"},
				"up": {"uv": [0, 0.25, 2, 0], "texture": "#1"},
				"down": {"uv": [0, 0.25, 2, 0], "texture": "#1"}
			}
		}
	],
	"display": {
		"thirdperson_righthand": {
			"rotation": [45, 0, 0],
			"translation": [0, -6.25, 5.25]
		}
	},
	"groups": [
		0,
		{
			"name": "group",
			"origin": [6.75, 7.5, -2.23437],
			"color": 0,
			"nbt": "{}",
			"armAnimationEnabled": false,
			"children": [1, 2, 3, 4, 5, 6, 7, 8, 9, 10]
		}
	]
}