{
	"credit": "Made with Blockbench",
	"textures": {
		"0": "custom/arrow_bg",
		"1": "block/black_concrete_powder",
		"2": "block/red_concrete_powder",
		"particle": "custom/arrow_bg"
	},
	"elements": [
		{
			"from": [0, 0, 0],
			"to": [16, 12, 1],
			"faces": {
				"north": {"uv": [0, 0, 16, 12], "texture": "#0"},
				"east": {"uv": [0, 0, 1, 12], "texture": "#0"},
				"south": {"uv": [0, 0, 16, 12], "texture": "#0"},
				"west": {"uv": [15, 0, 16, 12], "texture": "#0"},
				"up": {"uv": [0, 0, 16, 1], "texture": "#0"},
				"down": {"uv": [0, 11, 16, 12], "texture": "#0"}
			}
		},
		{
			"from": [7.375, 4.125, -0.625],
			"to": [13.625, 7.875, 0],
			"rotation": {"angle": 0, "axis": "y", "origin": [6.75, 7.5, -2.23437]},
			"faces": {
				"north": {"uv": [0, 0, 5, 3], "texture": "#2"},
				"east": {"uv": [0, 0, 0.5, 3], "texture": "#2"},
				"south": {"uv": [0, 0, 5, 3], "texture": "#2"},
				"west": {"uv": [0, 0, 0.5, 3], "texture": "#2"},
				"up": {"uv": [0, 0, 5, 0.5], "texture": "#2"},
				"down": {"uv": [0, 0, 5, 0.5], "texture": "#2"}
			}
		},
		{
			"from": [6.125, 1.625, -0.625],
			"to": [7.375, 10.375, 0],
			"rotation": {"angle": 0, "axis": "y", "origin": [6.75, 7.5, -2.23437]},
			"faces": {
				"north": {"uv": [0, 0, 1, 7], "texture": "#2"},
				"east": {"uv": [0, 0, 0.5, 7], "texture": "#2"},
				"south": {"uv": [0, 0, 1, 7], "texture": "#2"},
				"west": {"uv": [0, 0, 0.5, 7], "texture": "#2"},
				"up": {"uv": [0, 0, 1, 0.5], "texture": "#2"},
				"down": {"uv": [0, 0, 1, 0.5], "texture": "#2"}
			}
		},
		{
			"from": [4.875, 2.875, -0.625],
			"to": [6.125, 9.125, 0],
			"rotation": {"angle": 0, "axis": "y", "origin": [6.75, 7.5, -2.23437]},
			"faces": {
				"north": {"uv": [0, 0, 1, 5], "texture": "#2"},
				"east": {"uv": [0, 0, 0.5, 5], "texture": "#2"},
				"south": {"uv": [0, 0, 1, 5], "texture": "#2"},
				"west": {"uv": [0, 0, 0.5, 5], "texture": "#2"},
				"up": {"uv": [0, 0, 1, 0.5], "texture": "#2"},
				"down": {"uv": [0, 0, 1, 0.5], "texture": "#2"}
			}
		},
		{
			"from": [3.625, 4.125, -0.625],
			"to": [4.875, 7.875, 0],
			"rotation": {"angle": 0, "axis": "y", "origin": [6.75, 7.5, -2.23437]},
			"faces": {
				"north": {"uv": [0, 0, 1, 3], "texture": "#2"},
				"east": {"uv": [0, 0, 0.5, 3], "texture": "#2"},
				"south": {"uv": [0, 0, 1, 3], "texture": "#2"},
				"west": {"uv": [0, 0, 0.5, 3], "texture": "#2"},
				"up": {"uv": [0, 0, 1, 0.5], "texture": "#2"},
				"down": {"uv": [0, 0, 1, 0.5], "texture": "#2"}
			}
		},
		{
			"from": [2.375, 5.375, -0.625],
			"to": [3.625, 6.625, 0],
			"rotation": {"angle": 0, "axis": "y", "origin": [6.75, 7.5, -2.23437]},
			"faces": {
				"north": {"uv": [0, 0, 1, 1], "texture": "#2"},
				"east": {"uv": [0, 0, 0.5, 1], "texture": "#2"},
				"south": {"uv": [0, 0, 1, 1], "texture": "#2"},
				"west": {"uv": [0, 0, 0.5, 1], "texture": "#2"},
				"up": {"uv": [0, 0, 1, 0.5], "texture": "#2"},
				"down": {"uv": [0, 0, 1, 0.5], "texture": "#2"}
			}
		},
		{
			"from": [1.75, 4.75, -0.3125],
			"to": [3, 7.25, 0],
			"rotation": {"angle": 0, "axis": "y", "origin": [6.75, 7.5, -2.23437]},
			"faces": {
				"north": {"uv": [0, 0, 1, 2], "texture": "#1"},
				"east": {"uv": [0, 0, 0.25, 2], "texture": "#1"},
				"south": {"uv": [0, 0, 1, 2], "texture": "#1"},
				"west": {"uv": [0, 0, 0.25, 2], "texture": "#1"},
				"up": {"uv": [0, 0, 1, 0.25], "texture": "#1"},
				"down": {"uv": [0, 0, 1, 0.25], "texture": "#1"}
			}
		},
		{
			"from": [3, 3.5, -0.3125],
			"to": [4.25, 8.5, 0],
			"rotation": {"angle": 0, "axis": "y", "origin": [6.75, 7.5, -2.23437]},
			"faces": {
				"north": {"uv": [0, 0, 1, 4], "texture": "#1"},
				"east": {"uv": [0, 0, 0.25, 4], "texture": "#1"},
				"south": {"uv": [0, 0, 1, 4], "texture": "#1"},
				"west": {"uv": [0, 0, 0.25, 4], "texture": "#1"},
				"up": {"uv": [0, 0, 1, 0.25], "texture": "#1"},
				"down": {"uv": [0, 0, 1, 0.25], "texture": "#1"}
			}
		},
		{
			"from": [4.25, 2.25, -0.3125],
			"to": [5.5, 9.75, 0],
			"rotation": {"angle": 0, "axis": "y", "origin": [6.75, 7.5, -2.23437]},
			"faces": {
				"north": {"uv": [0, 0, 1, 6], "texture": "#1"},
				"east": {"uv": [0, 0, 0.25, 6], "texture": "#1"},
				"south": {"uv": [0, 0, 1, 6], "texture": "#1"},
				"west": {"uv": [0, 0, 0.25, 6], "texture": "#1"},
				"up": {"uv": [0, 0, 1, 0.25], "texture": "#1"},
				"down": {"uv": [0, 0, 1, 0.25], "texture": "#1"}
			}
		},
		{
			"from": [5.5, 1, -0.3125],
			"to": [8, 11, 0],
			"rotation": {"angle": 0, "axis": "y", "origin": [6.75, 7.5, -2.23437]},
			"faces": {
				"north": {"uv": [0, 0, 2, 8], "texture": "#1"},
				"east": {"uv": [0, 0, 0.25, 8], "texture": "#1"},
				"south": {"uv": [0, 0, 2, 8], "texture": "#1"},
				"west": {"uv": [0, 0, 0.25, 8], "texture": "#1"},
				"up": {"uv": [0, 0, 2, 0.25], "texture": "#1"},
				"down": {"uv": [0, 0, 2, 0.25], "texture": "#1"}
			}
		},
		{
			"from": [8, 3.5, -0.3125],
			"to": [14.25, 8.5, 0],
			"rotation": {"angle": 0, "axis": "y", "origin": [6.75, 7.5, -2.23437]},
			"faces": {
				"north": {"uv": [0, 0, 5, 4], "texture": "#1"},
				"east": {"uv": [0, 0, 0.25, 4], "texture": "#1"},
				"south": {"uv": [0, 0, 5, 4], "texture": "#1"},
				"west": {"uv": [0, 0, 0.25, 4], "texture": "#1"},
				"up": {"uv": [0, 0, 5, 0.25], "texture": "#1"},
				"down": {"uv": [0, 0, 5, 0.25], "texture": "#1"}
			}
		}
	],
	"display": {
		"thirdperson_righthand": {
			"rotation": [45, 0, 0],
			"translation": [0, -6.25, 5.25]
		}
	}
}