{
	"credit": "Made with Blockbench",
	"textures": {
		"0": "custom/arrow_bg",
		"1": "block/black_concrete_powder",
		"2": "block/red_concrete_powder",
		"particle": "custom/arrow_bg"
	},
	"elements": [
		{
			"from": [0, 0, 0],
			"to": [16, 12, 1],
			"faces": {
				"north": {"uv": [0, 0, 16, 12], "texture": "#0"},
				"east": {"uv": [0, 0, 1, 12], "texture": "#0"},
				"south": {"uv": [0, 0, 16, 12], "texture": "#0"},
				"west": {"uv": [15, 0, 16, 12], "texture": "#0"},
				"up": {"uv": [0, 0, 16, 1], "texture": "#0"},
				"down": {"uv": [0, 11, 16, 12], "texture": "#0"}
			}
		},
		{
			"from": [1.75, 3.5, -0.3125],
			"to": [8, 8.5, 0],
			"rotation": {"angle": 0, "axis": "y", "origin": [9.25, 6, -0.23437]},
			"faces": {
				"north": {"uv": [5, 0, 0, 4], "texture": "#1"},
				"east": {"uv": [0.25, 0, 0, 4], "texture": "#1"},
				"south": {"uv": [5, 0, 0, 4], "texture": "#1"},
				"west": {"uv": [0.25, 0, 0, 4], "texture": "#1"},
				"up": {"uv": [5, 0, 0, 0.25], "texture": "#1"},
				"down": {"uv": [5, 0, 0, 0.25], "texture": "#1"}
			}
		},
		{
			"from": [2.375, 4.125, -0.625],
			"to": [8.625, 7.875, 0],
			"rotation": {"angle": 0, "axis": "y", "origin": [9.25, 6, -0.23437]},
			"faces": {
				"north": {"uv": [5, 0, 0, 3], "texture": "#2"},
				"east": {"uv": [0.5, 0, 0, 3], "texture": "#2"},
				"south": {"uv": [5, 0, 0, 3], "texture": "#2"},
				"west": {"uv": [0.5, 0, 0, 3], "texture": "#2"},
				"up": {"uv": [5, 0, 0, 0.5], "texture": "#2"},
				"down": {"uv": [5, 0, 0, 0.5], "texture": "#2"}
			}
		},
		{
			"from": [8.625, 1.625, -0.625],
			"to": [9.875, 10.375, 0],
			"rotation": {"angle": 0, "axis": "y", "origin": [9.25, 6, -0.23437]},
			"faces": {
				"north": {"uv": [1, 0, 0, 7], "texture": "#2"},
				"east": {"uv": [0.5, 0, 0, 7], "texture": "#2"},
				"south": {"uv": [1, 0, 0, 7], "texture": "#2"},
				"west": {"uv": [0.5, 0, 0, 7], "texture": "#2"},
				"up": {"uv": [1, 0, 0, 0.5], "texture": "#2"},
				"down": {"uv": [1, 0, 0, 0.5], "texture": "#2"}
			}
		},
		{
			"from": [9.875, 2.875, -0.625],
			"to": [11.125, 9.125, 0],
			"rotation": {"angle": 0, "axis": "y", "origin": [9.25, 6, -0.23437]},
			"faces": {
				"north": {"uv": [1, 0, 0, 5], "texture": "#2"},
				"east": {"uv": [0.5, 0, 0, 5], "texture": "#2"},
				"south": {"uv": [1, 0, 0, 5], "texture": "#2"},
				"west": {"uv": [0.5, 0, 0, 5], "texture": "#2"},
				"up": {"uv": [1, 0, 0, 0.5], "texture": "#2"},
				"down": {"uv": [1, 0, 0, 0.5], "texture": "#2"}
			}
		},
		{
			"from": [11.125, 4.125, -0.625],
			"to": [12.375, 7.875, 0],
			"rotation": {"angle": 0, "axis": "y", "origin": [9.25, 6, -0.23437]},
			"faces": {
				"north": {"uv": [1, 0, 0, 3], "texture": "#2"},
				"east": {"uv": [0.5, 0, 0, 3], "texture": "#2"},
				"south": {"uv": [1, 0, 0, 3], "texture": "#2"},
				"west": {"uv": [0.5, 0, 0, 3], "texture": "#2"},
				"up": {"uv": [1, 0, 0, 0.5], "texture": "#2"},
				"down": {"uv": [1, 0, 0, 0.5], "texture": "#2"}
			}
		},
		{
			"from": [12.375, 5.375, -0.625],
			"to": [13.625, 6.625, 0],
			"rotation": {"angle": 0, "axis": "y", "origin": [9.25, 6, -0.23437]},
			"faces": {
				"north": {"uv": [1, 0, 0, 1], "texture": "#2"},
				"east": {"uv": [0.5, 0, 0, 1], "texture": "#2"},
				"south": {"uv": [1, 0, 0, 1], "texture": "#2"},
				"west": {"uv": [0.5, 0, 0, 1], "texture": "#2"},
				"up": {"uv": [1, 0, 0, 0.5], "texture": "#2"},
				"down": {"uv": [1, 0, 0, 0.5], "texture": "#2"}
			}
		},
		{
			"from": [13, 4.75, -0.3125],
			"to": [14.25, 7.25, 0],
			"rotation": {"angle": 0, "axis": "y", "origin": [9.25, 6, -0.23437]},
			"faces": {
				"north": {"uv": [1, 0, 0, 2], "texture": "#1"},
				"east": {"uv": [0.25, 0, 0, 2], "texture": "#1"},
				"south": {"uv": [1, 0, 0, 2], "texture": "#1"},
				"west": {"uv": [0.25, 0, 0, 2], "texture": "#1"},
				"up": {"uv": [1, 0, 0, 0.25], "texture": "#1"},
				"down": {"uv": [1, 0, 0, 0.25], "texture": "#1"}
			}
		},
		{
			"from": [11.75, 3.5, -0.3125],
			"to": [13, 8.5, 0],
			"rotation": {"angle": 0, "axis": "y", "origin": [9.25, 6, -0.23437]},
			"faces": {
				"north": {"uv": [1, 0, 0, 4], "texture": "#1"},
				"east": {"uv": [0.25, 0, 0, 4], "texture": "#1"},
				"south": {"uv": [1, 0, 0, 4], "texture": "#1"},
				"west": {"uv": [0.25, 0, 0, 4], "texture": "#1"},
				"up": {"uv": [1, 0, 0, 0.25], "texture": "#1"},
				"down": {"uv": [1, 0, 0, 0.25], "texture": "#1"}
			}
		},
		{
			"from": [10.5, 2.25, -0.3125],
			"to": [11.75, 9.75, 0],
			"rotation": {"angle": 0, "axis": "y", "origin": [9.25, 6, -0.23437]},
			"faces": {
				"north": {"uv": [1, 0, 0, 6], "texture": "#1"},
				"east": {"uv": [0.25, 0, 0, 6], "texture": "#1"},
				"south": {"uv": [1, 0, 0, 6], "texture": "#1"},
				"west": {"uv": [0.25, 0, 0, 6], "texture": "#1"},
				"up": {"uv": [1, 0, 0, 0.25], "texture": "#1"},
				"down": {"uv": [1, 0, 0, 0.25], "texture": "#1"}
			}
		},
		{
			"from": [8, 1, -0.3125],
			"to": [10.5, 11, 0],
			"rotation": {"angle": 0, "axis": "y", "origin": [9.25, 6, -0.23437]},
			"faces": {
				"north": {"uv": [2, 0, 0, 8], "texture": "#1"},
				"east": {"uv": [0.25, 0, 0, 8], "texture": "#1"},
				"south": {"uv": [2, 0, 0, 8], "texture": "#1"},
				"west": {"uv": [0.25, 0, 0, 8], "texture": "#1"},
				"up": {"uv": [2, 0, 0, 0.25], "texture": "#1"},
				"down": {"uv": [2, 0, 0, 0.25], "texture": "#1"}
			}
		}
	],
	"display": {
		"thirdperson_righthand": {
			"rotation": [45, 0, 0],
			"translation": [0, -6.25, 5.25]
		}
	},
	"groups": [
		0,
		{
			"name": "group",
			"origin": [6.75, 7.5, -2.23437],
			"color": 0,
			"nbt": "{}",
			"armAnimationEnabled": false,
			"children": [1, 2, 3, 4, 5, 6, 7, 8, 9, 10]
		}
	]
}