{
	"credit": "Made with Blockbench",
	"textures": {
		"0": "custom/arrow_bg",
		"1": "block/black_concrete_powder",
		"2": "block/red_concrete_powder",
		"particle": "custom/arrow_bg"
	},
	"elements": [
		{
			"from": [0, 0, 0],
			"to": [16, 12, 1],
			"faces": {
				"north": {"uv": [0, 0, 16, 12], "texture": "#0"},
				"east": {"uv": [0, 0, 1, 12], "texture": "#0"},
				"south": {"uv": [0, 0, 16, 12], "texture": "#0"},
				"west": {"uv": [15, 0, 16, 12], "texture": "#0"},
				"up": {"uv": [0, 0, 16, 1], "texture": "#0"},
				"down": {"uv": [0, 11, 16, 12], "texture": "#0"}
			}
		},
		{
			"from": [5.5, 0.75, -0.3125],
			"to": [10.5, 5, 0],
			"rotation": {"angle": 0, "axis": "z", "origin": [8, 6, -0.23437]},
			"faces": {
				"north": {"uv": [0, 0, 5, 4], "rotation": 270, "texture": "#1"},
				"east": {"uv": [0, 0, 5, 0.25], "rotation": 90, "texture": "#1"},
				"south": {"uv": [0, 0, 5, 4], "rotation": 90, "texture": "#1"},
				"west": {"uv": [0, 0, 5, 0.25], "rotation": 90, "texture": "#1"},
				"up": {"uv": [0, 0, 0.25, 4], "rotation": 90, "texture": "#1"},
				"down": {"uv": [0, 0, 0.25, 4], "rotation": 90, "texture": "#1"}
			}
		},
		{
			"from": [6.125, 1.375, -0.625],
			"to": [9.875, 5.625, 0],
			"rotation": {"angle": 0, "axis": "z", "origin": [8, 6, -0.23437]},
			"faces": {
				"north": {"uv": [0, 0, 5, 3], "rotation": 270, "texture": "#2"},
				"east": {"uv": [0, 0, 5, 0.5], "rotation": 90, "texture": "#2"},
				"south": {"uv": [0, 0, 5, 3], "rotation": 90, "texture": "#2"},
				"west": {"uv": [0, 0, 5, 0.5], "rotation": 90, "texture": "#2"},
				"up": {"uv": [0, 0, 0.5, 3], "rotation": 90, "texture": "#2"},
				"down": {"uv": [0, 0, 0.5, 3], "rotation": 90, "texture": "#2"}
			}
		},
		{
			"from": [3.625, 5.625, -0.625],
			"to": [12.375, 6.875, 0],
			"rotation": {"angle": 0, "axis": "z", "origin": [8, 6, -0.23437]},
			"faces": {
				"north": {"uv": [0, 0, 1, 7], "rotation": 270, "texture": "#2"},
				"east": {"uv": [0, 0, 1, 0.5], "rotation": 90, "texture": "#2"},
				"south": {"uv": [0, 0, 1, 7], "rotation": 90, "texture": "#2"},
				"west": {"uv": [0, 0, 1, 0.5], "rotation": 90, "texture": "#2"},
				"up": {"uv": [0, 0, 0.5, 7], "rotation": 90, "texture": "#2"},
				"down": {"uv": [0, 0, 0.5, 7], "rotation": 90, "texture": "#2"}
			}
		},
		{
			"from": [4.875, 6.875, -0.625],
			"to": [11.125, 8.125, 0],
			"rotation": {"angle": 0, "axis": "z", "origin": [8, 6, -0.23437]},
			"faces": {
				"north": {"uv": [0, 0, 1, 5], "rotation": 270, "texture": "#2"},
				"east": {"uv": [0, 0, 1, 0.5], "rotation": 90, "texture": "#2"},
				"south": {"uv": [0, 0, 1, 5], "rotation": 90, "texture": "#2"},
				"west": {"uv": [0, 0, 1, 0.5], "rotation": 90, "texture": "#2"},
				"up": {"uv": [0, 0, 0.5, 5], "rotation": 90, "texture": "#2"},
				"down": {"uv": [0, 0, 0.5, 5], "rotation": 90, "texture": "#2"}
			}
		},
		{
			"from": [6.125, 8.125, -0.625],
			"to": [9.875, 9.375, 0],
			"rotation": {"angle": 0, "axis": "z", "origin": [8, 6, -0.23437]},
			"faces": {
				"north": {"uv": [0, 0, 1, 3], "rotation": 270, "texture": "#2"},
				"east": {"uv": [0, 0, 1, 0.5], "rotation": 90, "texture": "#2"},
				"south": {"uv": [0, 0, 1, 3], "rotation": 90, "texture": "#2"},
				"west": {"uv": [0, 0, 1, 0.5], "rotation": 90, "texture": "#2"},
				"up": {"uv": [0, 0, 0.5, 3], "rotation": 90, "texture": "#2"},
				"down": {"uv": [0, 0, 0.5, 3], "rotation": 90, "texture": "#2"}
			}
		},
		{
			"from": [7.375, 9.375, -0.625],
			"to": [8.625, 10.625, 0],
			"rotation": {"angle": 0, "axis": "z", "origin": [8, 6, -0.23437]},
			"faces": {
				"north": {"uv": [0, 0, 1, 1], "rotation": 270, "texture": "#2"},
				"east": {"uv": [0, 0, 1, 0.5], "rotation": 90, "texture": "#2"},
				"south": {"uv": [0, 0, 1, 1], "rotation": 90, "texture": "#2"},
				"west": {"uv": [0, 0, 1, 0.5], "rotation": 90, "texture": "#2"},
				"up": {"uv": [0, 0, 0.5, 1], "rotation": 90, "texture": "#2"},
				"down": {"uv": [0, 0, 0.5, 1], "rotation": 90, "texture": "#2"}
			}
		},
		{
			"from": [6.75, 10, -0.3125],
			"to": [9.25, 11.25, 0],
			"rotation": {"angle": 0, "axis": "z", "origin": [8, 6, -0.23437]},
			"faces": {
				"north": {"uv": [0, 0, 1, 2], "rotation": 270, "texture": "#1"},
				"east": {"uv": [0, 0, 1, 0.25], "rotation": 90, "texture": "#1"},
				"south": {"uv": [0, 0, 1, 2], "rotation": 90, "texture": "#1"},
				"west": {"uv": [0, 0, 1, 0.25], "rotation": 90, "texture": "#1"},
				"up": {"uv": [0, 0, 0.25, 2], "rotation": 90, "texture": "#1"},
				"down": {"uv": [0, 0, 0.25, 2], "rotation": 90, "texture": "#1"}
			}
		},
		{
			"from": [5.5, 8.75, -0.3125],
			"to": [10.5, 10, 0],
			"rotation": {"angle": 0, "axis": "z", "origin": [8, 6, -0.23437]},
			"faces": {
				"north": {"uv": [0, 0, 1, 4], "rotation": 270, "texture": "#1"},
				"east": {"uv": [0, 0, 1, 0.25], "rotation": 90, "texture": "#1"},
				"south": {"uv": [0, 0, 1, 4], "rotation": 90, "texture": "#1"},
				"west": {"uv": [0, 0, 1, 0.25], "rotation": 90, "texture": "#1"},
				"up": {"uv": [0, 0, 0.25, 4], "rotation": 90, "texture": "#1"},
				"down": {"uv": [0, 0, 0.25, 4], "rotation": 90, "texture": "#1"}
			}
		},
		{
			"from": [4.25, 7.5, -0.3125],
			"to": [11.75, 8.75, 0],
			"rotation": {"angle": 0, "axis": "z", "origin": [8, 6, -0.23437]},
			"faces": {
				"north": {"uv": [0, 0, 1, 6], "rotation": 270, "texture": "#1"},
				"east": {"uv": [0, 0, 1, 0.25], "rotation": 90, "texture": "#1"},
				"south": {"uv": [0, 0, 1, 6], "rotation": 90, "texture": "#1"},
				"west": {"uv": [0, 0, 1, 0.25], "rotation": 90, "texture": "#1"},
				"up": {"uv": [0, 0, 0.25, 6], "rotation": 90, "texture": "#1"},
				"down": {"uv": [0, 0, 0.25, 6], "rotation": 90, "texture": "#1"}
			}
		},
		{
			"from": [3, 5, -0.3125],
			"to": [13, 7.5, 0],
			"rotation": {"angle": 0, "axis": "z", "origin": [8, 6, -0.23437]},
			"faces": {
				"north": {"uv": [0, 0, 2, 8], "rotation": 270, "texture": "#1"},
				"east": {"uv": [0, 0, 2, 0.25], "rotation": 90, "texture": "#1"},
				"south": {"uv": [0, 0, 2, 8], "rotation": 90, "texture": "#1"},
				"west": {"uv": [0, 0, 2, 0.25], "rotation": 90, "texture": "#1"},
				"up": {"uv": [0, 0, 0.25, 8], "rotation": 90, "texture": "#1"},
				"down": {"uv": [0, 0, 0.25, 8], "rotation": 90, "texture": "#1"}
			}
		}
	],
	"display": {
		"thirdperson_righthand": {
			"rotation": [45, 0, 0],
			"translation": [0, -6.25, 5.25]
		}
	},
	"groups": [
		0,
		{
			"name": "group",
			"origin": [6.75, 7.5, -2.23437],
			"color": 0,
			"nbt": "{}",
			"armAnimationEnabled": false,
			"children": [1, 2, 3, 4, 5, 6, 7, 8, 9, 10]
		}
	]
}