{
	"credit": "Made with Blockbench",
	"textures": {
		"0": "custom/arrow_bg",
		"1": "block/black_concrete_powder",
		"2": "block/red_concrete_powder",
		"particle": "custom/arrow_bg"
	},
	"elements": [
		{
			"from": [0, 0, 0],
			"to": [16, 12, 1],
			"faces": {
				"north": {"uv": [0, 0, 16, 12], "texture": "#0"},
				"east": {"uv": [0, 0, 1, 12], "texture": "#0"},
				"south": {"uv": [0, 0, 16, 12], "texture": "#0"},
				"west": {"uv": [15, 0, 16, 12], "texture": "#0"},
				"up": {"uv": [0, 0, 16, 1], "texture": "#0"},
				"down": {"uv": [0, 11, 16, 12], "texture": "#0"}
			}
		},
		{
			"from": [-0.375, 4.875, -0.3125],
			"to": [5.875, 9.875, 0],
			"rotation": {"angle": 45, "axis": "z", "origin": [8.25, 10, -0.23437]},
			"faces": {
				"north": {"uv": [5, 4, 0, 0], "texture": "#1"},
				"east": {"uv": [0.25, 4, 0, 0], "texture": "#1"},
				"south": {"uv": [5, 4, 0, 0], "texture": "#1"},
				"west": {"uv": [0.25, 4, 0, 0], "texture": "#1"},
				"up": {"uv": [5, 0.25, 0, 0], "texture": "#1"},
				"down": {"uv": [5, 0.25, 0, 0], "texture": "#1"}
			}
		},
		{
			"from": [0.25, 5.5, -0.625],
			"to": [6.5, 9.25, 0],
			"rotation": {"angle": 45, "axis": "z", "origin": [8.25, 10, -0.23437]},
			"faces": {
				"north": {"uv": [5, 3, 0, 0], "texture": "#2"},
				"east": {"uv": [0.5, 3, 0, 0], "texture": "#2"},
				"south": {"uv": [5, 3, 0, 0], "texture": "#2"},
				"west": {"uv": [0.5, 3, 0, 0], "texture": "#2"},
				"up": {"uv": [5, 0.5, 0, 0], "texture": "#2"},
				"down": {"uv": [5, 0.5, 0, 0], "texture": "#2"}
			}
		},
		{
			"from": [6.5, 3, -0.625],
			"to": [7.75, 11.75, 0],
			"rotation": {"angle": 45, "axis": "z", "origin": [8.25, 10, -0.23437]},
			"faces": {
				"north": {"uv": [1, 7, 0, 0], "texture": "#2"},
				"east": {"uv": [0.5, 7, 0, 0], "texture": "#2"},
				"south": {"uv": [1, 7, 0, 0], "texture": "#2"},
				"west": {"uv": [0.5, 7, 0, 0], "texture": "#2"},
				"up": {"uv": [1, 0.5, 0, 0], "texture": "#2"},
				"down": {"uv": [1, 0.5, 0, 0], "texture": "#2"}
			}
		},
		{
			"from": [7.75, 4.25, -0.625],
			"to": [9, 10.5, 0],
			"rotation": {"angle": 45, "axis": "z", "origin": [8.25, 10, -0.23437]},
			"faces": {
				"north": {"uv": [1, 5, 0, 0], "texture": "#2"},
				"east": {"uv": [0.5, 5, 0, 0], "texture": "#2"},
				"south": {"uv": [1, 5, 0, 0], "texture": "#2"},
				"west": {"uv": [0.5, 5, 0, 0], "texture": "#2"},
				"up": {"uv": [1, 0.5, 0, 0], "texture": "#2"},
				"down": {"uv": [1, 0.5, 0, 0], "texture": "#2"}
			}
		},
		{
			"from": [9, 5.5, -0.625],
			"to": [10.25, 9.25, 0],
			"rotation": {"angle": 45, "axis": "z", "origin": [8.25, 10, -0.23437]},
			"faces": {
				"north": {"uv": [1, 3, 0, 0], "texture": "#2"},
				"east": {"uv": [0.5, 3, 0, 0], "texture": "#2"},
				"south": {"uv": [1, 3, 0, 0], "texture": "#2"},
				"west": {"uv": [0.5, 3, 0, 0], "texture": "#2"},
				"up": {"uv": [1, 0.5, 0, 0], "texture": "#2"},
				"down": {"uv": [1, 0.5, 0, 0], "texture": "#2"}
			}
		},
		{
			"from": [10.25, 6.75, -0.625],
			"to": [11.5, 8, 0],
			"rotation": {"angle": 45, "axis": "z", "origin": [8.25, 10, -0.23437]},
			"faces": {
				"north": {"uv": [1, 1, 0, 0], "texture": "#2"},
				"east": {"uv": [0.5, 1, 0, 0], "texture": "#2"},
				"south": {"uv": [1, 1, 0, 0], "texture": "#2"},
				"west": {"uv": [0.5, 1, 0, 0], "texture": "#2"},
				"up": {"uv": [1, 0.5, 0, 0], "texture": "#2"},
				"down": {"uv": [1, 0.5, 0, 0], "texture": "#2"}
			}
		},
		{
			"from": [10.875, 6.125, -0.3125],
			"to": [12.125, 8.625, 0],
			"rotation": {"angle": 45, "axis": "z", "origin": [8.25, 10, -0.23437]},
			"faces": {
				"north": {"uv": [1, 2, 0, 0], "texture": "#1"},
				"east": {"uv": [0.25, 2, 0, 0], "texture": "#1"},
				"south": {"uv": [1, 2, 0, 0], "texture": "#1"},
				"west": {"uv": [0.25, 2, 0, 0], "texture": "#1"},
				"up": {"uv": [1, 0.25, 0, 0], "texture": "#1"},
				"down": {"uv": [1, 0.25, 0, 0], "texture": "#1"}
			}
		},
		{
			"from": [9.625, 4.875, -0.3125],
			"to": [10.875, 9.875, 0],
			"rotation": {"angle": 45, "axis": "z", "origin": [8.25, 10, -0.23437]},
			"faces": {
				"north": {"uv": [1, 4, 0, 0], "texture": "#1"},
				"east": {"uv": [0.25, 4, 0, 0], "texture": "#1"},
				"south": {"uv": [1, 4, 0, 0], "texture": "#1"},
				"west": {"uv": [0.25, 4, 0, 0], "texture": "#1"},
				"up": {"uv": [1, 0.25, 0, 0], "texture": "#1"},
				"down": {"uv": [1, 0.25, 0, 0], "texture": "#1"}
			}
		},
		{
			"from": [8.375, 3.625, -0.3125],
			"to": [9.625, 11.125, 0],
			"rotation": {"angle": 45, "axis": "z", "origin": [8.25, 10, -0.23437]},
			"faces": {
				"north": {"uv": [1, 6, 0, 0], "texture": "#1"},
				"east": {"uv": [0.25, 6, 0, 0], "texture": "#1"},
				"south": {"uv": [1, 6, 0, 0], "texture": "#1"},
				"west": {"uv": [0.25, 6, 0, 0], "texture": "#1"},
				"up": {"uv": [1, 0.25, 0, 0], "texture": "#1"},
				"down": {"uv": [1, 0.25, 0, 0], "texture": "#1"}
			}
		},
		{
			"from": [5.875, 2.375, -0.3125],
			"to": [8.375, 12.375, 0],
			"rotation": {"angle": 45, "axis": "z", "origin": [8.25, 10, -0.23437]},
			"faces": {
				"north": {"uv": [2, 8, 0, 0], "texture": "#1"},
				"east": {"uv": [0.25, 8, 0, 0], "texture": "#1"},
				"south": {"uv": [2, 8, 0, 0], "texture": "#1"},
				"west": {"uv": [0.25, 8, 0, 0], "texture": "#1"},
				"up": {"uv": [2, 0.25, 0, 0], "texture": "#1"},
				"down": {"uv": [2, 0.25, 0, 0], "texture": "#1"}
			}
		}
	],
	"display": {
		"thirdperson_righthand": {
			"rotation": [45, 0, 0],
			"translation": [0, -6.25, 5.25]
		}
	},
	"groups": [
		0,
		{
			"name": "group",
			"origin": [6.75, 7.5, -2.23437],
			"color": 0,
			"nbt": "{}",
			"armAnimationEnabled": false,
			"children": [1, 2, 3, 4, 5, 6, 7, 8, 9, 10]
		}
	]
}