{
 "parent": "item/handheld",
 "textures": {
  "layer0": "item/carrot_on_a_stick"
 },

 "overrides": [
  { "predicate": {"custom_model_data": 1}, "model": "custom/collect/checker"},
  { "predicate": {"custom_model_data": 2}, "model": "custom/restarter"},
  { "predicate": {"custom_model_data": 3}, "model": "custom/respawner"},
  { "predicate": {"custom_model_data": 4}, "model": "custom/collect/snowglobe"},
  { "predicate": {"custom_model_data": 5}, "model": "custom/collect/diamondstar"},
  { "predicate": {"custom_model_data": 6}, "model": "custom/collect/cloud"},
  { "predicate": {"custom_model_data": 7}, "model": "custom/collect/dualaxis"},
  { "predicate": {"custom_model_data": 8}, "model": "custom/intro"},
  { "predicate": {"custom_model_data": 900000}, "model": "people/amirkakahead"},
  { "predicate": {"custom_model_data": 910000}, "model": "people/stemister"},
  { "predicate": {"custom_model_data": 920000}, "model": "people/liontack"},
  { "predicate": {"custom_model_data": 930000}, "model": "people/happy"},
  { "predicate": {"custom_model_data": 940000}, "model": "people/snakerattler"},
  { "predicate": {"custom_model_data": 950000}, "model": "people/thayus"},
  { "predicate": {"custom_model_data": 960000}, "model": "people/msroohy"},
  { "predicate": {"custom_model_data": 970000}, "model": "people/tigerjess12"},
  { "predicate": {"custom_model_data": 980000}, "model": "people/murtletheturtle"}
 ]

 
}