{
 "parent": "item/handheld",
 "textures": {
  "layer0": "item/carved_pumpkin"
 },

 "overrides": [
  { "predicate": {"custom_model_data": 1}, "model": "people/amirkakahead"},
  { "predicate": {"custom_model_data": 2}, "model": "people/stemister"},
  { "predicate": {"custom_model_data": 3}, "model": "people/liontack"},
  { "predicate": {"custom_model_data": 4}, "model": "people/happy"},
  { "predicate": {"custom_model_data": 5}, "model": "people/snakerattler"},
  { "predicate": {"custom_model_data": 6}, "model": "people/msroohy"},
  { "predicate": {"custom_model_data": 7}, "model": "people/tigerjess12"},
  { "predicate": {"custom_model_data": 8}, "model": "people/murtletheturtle"},
  { "predicate": {"custom_model_data": 9}, "model": "people/ashlie9596"},
  { "predicate": {"custom_model_data": 10}, "model": "people/emperorvalentine"},
  { "predicate": {"custom_model_data": 11}, "model": "people/shootzki"},
  { "predicate": {"custom_model_data": 12}, "model": "people/unicomics"},
  { "predicate": {"custom_model_data": 13}, "model": "people/yourpalross"},
  { "predicate": {"custom_model_data": 14}, "model": "people/captainsparklez"},
  { "predicate": {"custom_model_data": 15}, "model": "custom/collect/mohawk"},
  { "predicate": {"custom_model_data": 16}, "model": "custom/collect/warden"},
  { "predicate": {"custom_model_data": 17}, "model": "custom/collect/headphones"}
 ]

 
}