{
	"parent": "item/generated",
	"textures": {
		"layer0": "item/lime_dye"
	},
	"overrides": [
		{
			"predicate": {
				"custom_model_data": 1
			},
			"model": "minecraft:animation/amirkaka/head"
		},
		{
			"predicate": {
				"custom_model_data": 2
			},
			"model": "minecraft:animation/amirkaka/body"
		},
		{
			"predicate": {
				"custom_model_data": 3
			},
			"model": "minecraft:animation/amirkaka/rightarm"
		},
		{
			"predicate": {
				"custom_model_data": 4
			},
			"model": "minecraft:animation/amirkaka/leftarm"
		},
		{
			"predicate": {
				"custom_model_data": 5
			},
			"model": "minecraft:animation/amirkaka/rightleg"
		},
		{
			"predicate": {
				"custom_model_data": 6
			},
			"model": "minecraft:animation/amirkaka/leftleg"
		},
		{
			"predicate": {
				"custom_model_data": 7
			},
			"model": "minecraft:animation/birdhouse"
		},
		{
			"predicate": {
				"custom_model_data": 8
			},
			"model": "minecraft:animation/body"
		},
		{
			"predicate": {
				"custom_model_data": 9
			},
			"model": "minecraft:animation/tail"
		},
		{
			"predicate": {
				"custom_model_data": 10
			},
			"model": "minecraft:animation/r_wing"
		},
		{
			"predicate": {
				"custom_model_data": 11
			},
			"model": "minecraft:animation/l_wing"
		},
		{
			"predicate": {
				"custom_model_data": 12
			},
			"model": "minecraft:animation/head"
		},
		{
			"predicate": {
				"custom_model_data": 13
			},
			"model": "minecraft:animation/paddle_right"
		},
		{
			"predicate": {
				"custom_model_data": 14
			},
			"model": "minecraft:animation/paddle_left"
		},
		{
			"predicate": {
				"custom_model_data": 15
			},
			"model": "minecraft:animation/back"
		},
		{
			"predicate": {
				"custom_model_data": 16
			},
			"model": "minecraft:animation/front"
		},
		{
			"predicate": {
				"custom_model_data": 17
			},
			"model": "minecraft:animation/left"
		},
		{
			"predicate": {
				"custom_model_data": 18
			},
			"model": "minecraft:animation/right"
		},
		{
			"predicate": {
				"custom_model_data": 19
			},
			"model": "minecraft:animation/bottom"
		},
		{
			"predicate": {
				"custom_model_data": 20
			},
			"model": "minecraft:animation/bottom_no_water"
		},
		{
			"predicate": {
				"custom_model_data": 21
			},
			"model": "minecraft:animation/glare/fi"
		},
		{
			"predicate": {
				"custom_model_data": 22
			},
			"model": "minecraft:animation/glare/fo"
		},
		{
			"predicate": {
				"custom_model_data": 23
			},
			"model": "minecraft:animation/glare/head"
		},
		{
			"predicate": {
				"custom_model_data": 24
			},
			"model": "minecraft:animation/glare/outer"
		},
		{
			"predicate": {
				"custom_model_data": 25
			},
			"model": "minecraft:animation/glare/inner"
		},
		{
			"predicate": {
				"custom_model_data": 26
			},
			"model": "minecraft:animation/cobblestone/bone"
		},
		{
			"predicate": {
				"custom_model_data": 27
			},
			"model": "minecraft:animation/cobblestone/head"
		},
		{
			"predicate": {
				"custom_model_data": 28
			},
			"model": "minecraft:animation/cobblestone/face"
		},
		{
			"predicate": {
				"custom_model_data": 29
			},
			"model": "minecraft:animation/cob/group"
		},
		{
			"predicate": {
				"custom_model_data": 30
			},
			"model": "minecraft:animation/cob/face"
		},
		{
			"predicate": {
				"custom_model_data": 31
			},
			"model": "minecraft:animation/cob/head"
		},
		{
			"predicate": {
				"custom_model_data": 32
			},
			"model": "minecraft:animation/wheelguy/legl"
		},
		{
			"predicate": {
				"custom_model_data": 33
			},
			"model": "minecraft:animation/wheelguy/footl"
		},
		{
			"predicate": {
				"custom_model_data": 34
			},
			"model": "minecraft:animation/wheelguy/legr"
		},
		{
			"predicate": {
				"custom_model_data": 35
			},
			"model": "minecraft:animation/wheelguy/footr"
		},
		{
			"predicate": {
				"custom_model_data": 36
			},
			"model": "minecraft:animation/wheelguy/wheel"
		},
		{
			"predicate": {
				"custom_model_data": 37
			},
			"model": "minecraft:animation/wheelguy/wheel2"
		}
	],
	"aj": {
		"includedRigs": {
			"cc95edd0-0113-0be2-6eb6-03fe74a0a3c1": {
				"name": "amirkaka",
				"usedIDs": [
					[1, 6]
				]
			},
			"3d457669-95ee-350a-72db-8f73697f987a": {
				"name": "bluejay",
				"usedIDs": [
					[7, 12]
				]
			},
			"ef08d6dd-0092-64d3-ff8c-a1b3abe3b5b6": {
				"name": "boat",
				"usedIDs": [
					[13, 20]
				]
			},
			"cfa0868e-2abe-745c-5d38-f41b7ef5ff52": {
				"name": "glare",
				"usedIDs": [
					[21, 25]
				]
			},
			"421d86f6-8328-d686-da55-d717f46168db": {
				"name": "cobblestone",
				"usedIDs": [
					[26, 28]
				]
			},
			"9b9cbaec-2214-f9fb-8023-1dbbe2552ea3": {
				"name": "cob",
				"usedIDs": [
					[29, 31]
				]
			},
			"8aeec698-5ffe-3aa2-955a-9e925ff4e496": {
				"name": "wheelguy",
				"usedIDs": [
					[32, 37]
				]
			}
		}
	}
}