{
 "parent": "item/handheld",
 "textures": {
  "layer0": "item/orange_dye"
 },

 "overrides": [
  { "predicate": {"custom_model_data": 1}, "model": "custom/arrows/oak"},
  { "predicate": {"custom_model_data": 11}, "model": "custom/arrows/air1"},
  { "predicate": {"custom_model_data": 12}, "model": "custom/arrows/air2"},
  { "predicate": {"custom_model_data": 13}, "model": "custom/arrows/air3"},
  { "predicate": {"custom_model_data": 14}, "model": "custom/arrows/air4"},
  { "predicate": {"custom_model_data": 15}, "model": "custom/utility/jumpboost"},
  { "predicate": {"custom_model_data": 16}, "model": "custom/utility/levitate"},
  { "predicate": {"custom_model_data": 17}, "model": "custom/utility/teleport"},
  { "predicate": {"custom_model_data": 18}, "model": "custom/utility/trainingsign"},
  { "predicate": {"custom_model_data": 19}, "model": "custom/utility/start/30soff"},
  { "predicate": {"custom_model_data": 20}, "model": "custom/utility/start/30son"},
  { "predicate": {"custom_model_data": 21}, "model": "custom/utility/start/halfoff"},
  { "predicate": {"custom_model_data": 22}, "model": "custom/utility/start/halfon"},
  { "predicate": {"custom_model_data": 23}, "model": "custom/utility/start/nocheckoff"},
  { "predicate": {"custom_model_data": 24}, "model": "custom/utility/start/nocheckon"},
  { "predicate": {"custom_model_data": 25}, "model": "custom/utility/start/challengebg"},
  { "predicate": {"custom_model_data": 26}, "model": "custom/utility/start/day"},
  { "predicate": {"custom_model_data": 27}, "model": "custom/utility/start/night"},
  { "predicate": {"custom_model_data": 28}, "model": "custom/utility/finallvlsign"},
  { "predicate": {"custom_model_data": 29}, "model": "custom/utility/start/pvpoff"},
  { "predicate": {"custom_model_data": 30}, "model": "custom/utility/start/pvpon"},
  { "predicate": {"custom_model_data": 31}, "model": "custom/utility/start/dnabg"},
  { "predicate": {"custom_model_data": 32}, "model": "custom/utility/start/settingsbg"},
  { "predicate": {"custom_model_data": 33}, "model": "custom/utility/finish/hexaparkour"},
  { "predicate": {"custom_model_data": 34}, "model": "custom/utility/finish/planetparkour"},
  { "predicate": {"custom_model_data": 35}, "model": "custom/utility/finish/planetparkour2"},
  { "predicate": {"custom_model_data": 36}, "model": "custom/utility/finish/thegreatfall"},
  { "predicate": {"custom_model_data": 37}, "model": "custom/utility/finish/parkourislands"},
  { "predicate": {"custom_model_data": 38}, "model": "custom/utility/finish/mymaps"},
  { "predicate": {"custom_model_data": 39}, "model": "custom/utility/finish/howimadethismap"},
  { "predicate": {"custom_model_data": 40}, "model": "custom/arrows/framearrow"},
  { "predicate": {"custom_model_data": 41}, "model": "custom/collect/snowglobeshake"},
  { "predicate": {"custom_model_data": 42}, "model": "custom/collect/cloud"},
  { "predicate": {"custom_model_data": 43}, "model": "custom/utility/finish/dnaparkour"},
  { "predicate": {"custom_model_data": 44}, "model": "custom/collectexplain"},
  { "predicate": {"custom_model_data": 45}, "model": "custom/utility/finish/dnaparkourfill"},
  { "predicate": {"custom_model_data": 46}, "model": "custom/frozenwarden"},
  { "predicate": {"custom_model_data": 101}, "model": "custom/number/1"},
  { "predicate": {"custom_model_data": 102}, "model": "custom/number/2"},
  { "predicate": {"custom_model_data": 103}, "model": "custom/number/3"},
  { "predicate": {"custom_model_data": 104}, "model": "custom/number/4"},
  { "predicate": {"custom_model_data": 105}, "model": "custom/number/5"},
  { "predicate": {"custom_model_data": 106}, "model": "custom/number/6"},
  { "predicate": {"custom_model_data": 107}, "model": "custom/number/7"},
  { "predicate": {"custom_model_data": 108}, "model": "custom/number/8"},
  { "predicate": {"custom_model_data": 109}, "model": "custom/number/9"},
  { "predicate": {"custom_model_data": 110}, "model": "custom/number/10"},
  { "predicate": {"custom_model_data": 111}, "model": "custom/number/11"},
  { "predicate": {"custom_model_data": 112}, "model": "custom/number/12"},
  { "predicate": {"custom_model_data": 113}, "model": "custom/number/13"},
  { "predicate": {"custom_model_data": 114}, "model": "custom/number/14"},
  { "predicate": {"custom_model_data": 115}, "model": "custom/number/15"},
  { "predicate": {"custom_model_data": 116}, "model": "custom/number/16"},
  { "predicate": {"custom_model_data": 117}, "model": "custom/number/17"},
  { "predicate": {"custom_model_data": 118}, "model": "custom/number/18"},
  { "predicate": {"custom_model_data": 119}, "model": "custom/number/19"},
  { "predicate": {"custom_model_data": 120}, "model": "custom/number/20"},
  { "predicate": {"custom_model_data": 121}, "model": "custom/number/21"},
  { "predicate": {"custom_model_data": 122}, "model": "custom/number/22"},
  { "predicate": {"custom_model_data": 123}, "model": "custom/number/23"},
  { "predicate": {"custom_model_data": 124}, "model": "custom/number/24"},
  { "predicate": {"custom_model_data": 125}, "model": "custom/number/25"},
  { "predicate": {"custom_model_data": 126}, "model": "custom/utility/elytraglow1"},
  { "predicate": {"custom_model_data": 127}, "model": "custom/utility/elytraglow2"},
  { "predicate": {"custom_model_data": 128}, "model": "custom/utility/elytraglow3"},
  { "predicate": {"custom_model_data": 150}, "model": "custom/arrows/allayr"},
  { "predicate": {"custom_model_data": 151}, "model": "custom/arrows/allayru"},
  { "predicate": {"custom_model_data": 152}, "model": "custom/arrows/allayrd"},
  { "predicate": {"custom_model_data": 153}, "model": "custom/arrows/allayl"},
  { "predicate": {"custom_model_data": 154}, "model": "custom/arrows/allaylu"},
  { "predicate": {"custom_model_data": 155}, "model": "custom/arrows/allayld"},
  { "predicate": {"custom_model_data": 156}, "model": "custom/arrows/allayu"},
  { "predicate": {"custom_model_data": 157}, "model": "custom/arrows/allayd"}
 ]

 
}