{
	"parent": "item/generated",
	"textures": {
		"layer0": "item/pink_dye"
	},
	"overrides": [
		{
			"predicate": {
				"custom_model_data": 1
			},
			"model": "minecraft:animation/bee/left_wing"
		},
		{
			"predicate": {
				"custom_model_data": 2
			},
			"model": "minecraft:animation/bee/torso"
		},
		{
			"predicate": {
				"custom_model_data": 3
			},
			"model": "minecraft:animation/bee/right_antenna"
		},
		{
			"predicate": {
				"custom_model_data": 4
			},
			"model": "minecraft:animation/bee/stinger"
		},
		{
			"predicate": {
				"custom_model_data": 5
			},
			"model": "minecraft:animation/bee/left_antenna"
		},
		{
			"predicate": {
				"custom_model_data": 6
			},
			"model": "minecraft:animation/bee/back_legs"
		},
		{
			"predicate": {
				"custom_model_data": 7
			},
			"model": "minecraft:animation/bee/middle_legs"
		},
		{
			"predicate": {
				"custom_model_data": 8
			},
			"model": "minecraft:animation/bee/front_legs"
		},
		{
			"predicate": {
				"custom_model_data": 9
			},
			"model": "minecraft:animation/bee/right_wing"
		}
	],
	"aj": {
		"includedRigs": {
			"2a024409-76d6-86c2-59a2-9ad892d20cff": {
				"name": "bee",
				"usedIDs": [
					[1, 9]
				]
			}
		}
	}
}