{
 "parent": "item/handheld",
 "textures": {
  "layer0": "item/warped_fungus_on_a_stick"
 },

 "overrides": [
  { "predicate": {"custom_model_data": 1}, "model": "custom/intro/1"},
  { "predicate": {"custom_model_data": 2}, "model": "custom/intro/2"},
  { "predicate": {"custom_model_data": 3}, "model": "custom/intro/3"},
  { "predicate": {"custom_model_data": 4}, "model": "custom/intro/4"},
  { "predicate": {"custom_model_data": 5}, "model": "custom/intro/5"},
  { "predicate": {"custom_model_data": 6}, "model": "custom/intro/6"}
 ]

 
}