{
 "parent": "item/handheld",
 "textures": {
  "layer0": "item/white_dye"
 },

 "overrides": [
  { "predicate": {"custom_model_data": 1}, "model": "custom/amirkaka"},
  { "predicate": {"custom_model_data": 2}, "model": "custom/sandcastle"},
  { "predicate": {"custom_model_data": 3}, "model": "custom/candycane"},
  { "predicate": {"custom_model_data": 4}, "model": "custom/candycaneextend"},
  { "predicate": {"custom_model_data": 5}, "model": "custom/camera"},
  { "predicate": {"custom_model_data": 6}, "model": "custom/umbrellabigblue"},
  { "predicate": {"custom_model_data": 7}, "model": "custom/drawer"}
 ]

 
}