{
	"__credit": "Generated using Animated Java (https://animated-java.dev/)",
	"textures": {
		"0": "minecraft:block/yellow_concrete",
		"1": "minecraft:block/andesite",
		"2": "minecraft:block/blast_furnace_top"
	},
	"elements": [
		{
			"faces": {
				"north": {"uv": [1, 0, 2, 1], "texture": "#0"},
				"east": {"uv": [1, 0, 2, 1], "texture": "#0"},
				"south": {"uv": [1, 0, 2, 1], "texture": "#0"},
				"west": {"uv": [1, 0, 2, 1], "texture": "#0"},
				"up": {"uv": [0, 1, 1, 2], "texture": "#0"},
				"down": {"uv": [0, 1, 1, 2], "texture": "#0"}
			},
			"to": [9.07602, 3.15696, 8.3],
			"from": [8.67602, 2.95696, 8.1],
			"rotation": {"angle": 45, "axis": "z", "origin": [7.73102, 3.27696, 6.7]}
		},
		{
			"faces": {
				"north": {"uv": [1, 0, 2, 1], "texture": "#0"},
				"east": {"uv": [1, 0, 2, 1], "texture": "#0"},
				"south": {"uv": [1, 0, 2, 1], "texture": "#0"},
				"west": {"uv": [1, 0, 2, 1], "texture": "#0"},
				"up": {"uv": [0, 1, 1, 2], "texture": "#0"},
				"down": {"uv": [0, 1, 1, 2], "texture": "#0"}
			},
			"to": [9.07602, 3.15696, 7.9],
			"from": [8.67602, 2.95696, 7.7],
			"rotation": {"angle": 45, "axis": "z", "origin": [7.73102, 3.27696, 6.7]}
		},
		{
			"faces": {
				"north": {"uv": [5, 0, 10, 1], "texture": "#0"},
				"east": {"uv": [3, 0, 6, 1], "texture": "#0"},
				"south": {"uv": [5, 0, 10, 1], "texture": "#0"},
				"west": {"uv": [3, 0, 6, 1], "texture": "#0"},
				"up": {"uv": [0, 3, 5, 6], "texture": "#0"},
				"down": {"uv": [0, 3, 5, 6], "texture": "#0"}
			},
			"to": [8.26602, 3.76196, 8.3],
			"from": [7.26602, 3.56196, 7.7],
			"rotation": {"angle": 0, "axis": "y", "origin": [7.86602, 3.56196, 6.7]}
		},
		{
			"faces": {
				"north": {"uv": [10, 3, 7, 3.2], "texture": "#1"},
				"east": {"uv": [9, 3, 7, 3.2], "texture": "#1"},
				"south": {"uv": [10, 3, 7, 3.2], "texture": "#1"},
				"west": {"uv": [9, 3, 7, 3.2], "texture": "#1"},
				"up": {"uv": [7, 5, 10, 3], "texture": "#1"},
				"down": {"uv": [7, 5, 10, 3], "texture": "#1"}
			},
			"to": [8.56602, 3.80196, 8.2],
			"from": [7.96602, 3.76196, 7.8],
			"rotation": {"angle": 0, "axis": "y", "origin": [7.86602, 3.56196, 6.7]}
		},
		{
			"faces": {
				"north": {"uv": [0.2, 0, 0.4, 0.6], "texture": "#1"},
				"east": {"uv": [2, 0, 4, 0.6], "texture": "#1"},
				"south": {"uv": [0.2, 0, 0.4, 0.6], "texture": "#1"},
				"west": {"uv": [2, 0, 4, 0.6], "texture": "#1"},
				"up": {"uv": [0, 2, 0.2, 4], "texture": "#1"},
				"down": {"uv": [0, 2, 0.2, 4], "texture": "#1"}
			},
			"to": [7.96852, 3.88196, 8.2],
			"from": [7.92852, 3.76196, 7.8],
			"rotation": {"angle": 0, "axis": "y", "origin": [7.86602, 3.56196, 6.7]}
		},
		{
			"faces": {
				"north": {"uv": [8.5, 5, 8, 5.8], "texture": "#2"},
				"east": {"uv": [8.5, 5, 8, 5.8], "texture": "#2"},
				"south": {"uv": [8.5, 5, 8, 5.8], "texture": "#2"},
				"west": {"uv": [8.5, 5, 8, 5.8], "texture": "#2"},
				"up": {"uv": [8, 5.5, 8.5, 5], "texture": "#2"},
				"down": {"uv": [8, 5.5, 8.5, 5], "texture": "#2"}
			},
			"to": [8.41602, 3.78196, 8.05],
			"from": [8.31602, 3.62196, 7.95],
			"rotation": {"angle": 22.5, "axis": "z", "origin": [8.01602, 3.80196, 8.15]}
		},
		{
			"faces": {
				"north": {"uv": [2, 0, 4, 1], "texture": "#0"},
				"east": {"uv": [2, 0, 4, 1], "texture": "#0"},
				"south": {"uv": [2, 0, 4, 1], "texture": "#0"},
				"west": {"uv": [2, 0, 4, 1], "texture": "#0"},
				"up": {"uv": [0, 2, 2, 4], "texture": "#0"},
				"down": {"uv": [0, 2, 2, 4], "texture": "#0"}
			},
			"to": [7.27852, 3.78696, 8.2],
			"from": [6.87852, 3.58696, 7.8],
			"rotation": {"angle": 0, "axis": "z", "origin": [7.06602, 3.66196, 8]}
		},
		{
			"faces": {
				"north": {"uv": [1.25, 0, 2.5, 1], "texture": "#0"},
				"east": {"uv": [0.5, 0, 1, 1], "texture": "#0"},
				"south": {"uv": [1.25, 0, 2.5, 1], "texture": "#0"},
				"west": {"uv": [0.5, 0, 1, 1], "texture": "#0"},
				"up": {"uv": [0, 0.5, 1.25, 1], "texture": "#0"},
				"down": {"uv": [0, 0.5, 1.25, 1], "texture": "#0"}
			},
			"to": [7.29602, 3.82696, 8.3],
			"from": [7.04602, 3.62696, 8.2],
			"rotation": {"angle": -22.5, "axis": "z", "origin": [7.14102, 3.66196, 8.25]}
		},
		{
			"faces": {
				"north": {"uv": [1.25, 0, 2.5, 1], "texture": "#0"},
				"east": {"uv": [0.5, 0, 1, 1], "texture": "#0"},
				"south": {"uv": [1.25, 0, 2.5, 1], "texture": "#0"},
				"west": {"uv": [0.5, 0, 1, 1], "texture": "#0"},
				"up": {"uv": [0, 0.5, 1.25, 1], "texture": "#0"},
				"down": {"uv": [0, 0.5, 1.25, 1], "texture": "#0"}
			},
			"to": [7.29602, 3.82696, 7.8],
			"from": [7.04602, 3.62696, 7.7],
			"rotation": {"angle": -22.5, "axis": "z", "origin": [7.14102, 3.66196, 8.25]}
		},
		{
			"faces": {
				"north": {"uv": [2, 0, 4, 1], "texture": "#0"},
				"east": {"uv": [3, 0, 6, 1], "texture": "#0"},
				"south": {"uv": [2, 0, 4, 1], "texture": "#0"},
				"west": {"uv": [3, 0, 6, 1], "texture": "#0"},
				"up": {"uv": [0, 3, 2, 6], "texture": "#0"},
				"down": {"uv": [0, 3, 2, 6], "texture": "#0"}
			},
			"to": [8.68102, 3.61196, 8.3],
			"from": [8.28102, 3.41196, 7.7],
			"rotation": {"angle": 22.5, "axis": "z", "origin": [7.88102, 3.46196, 6.7]}
		},
		{
			"faces": {
				"north": {"uv": [7, 4, 6, 12], "texture": "#2"},
				"east": {"uv": [7, 4, 6, 12], "texture": "#2"},
				"south": {"uv": [7, 4, 6, 12], "texture": "#2"},
				"west": {"uv": [7, 4, 6, 12], "texture": "#2"},
				"up": {"uv": [6, 5, 7, 4], "texture": "#2"},
				"down": {"uv": [6, 5, 7, 4], "texture": "#2"}
			},
			"to": [7.66602, 5.16196, 8.1],
			"from": [7.46602, 3.56196, 7.9],
			"rotation": {"angle": -22.5, "axis": "z", "origin": [7.86602, 3.56196, 6.7]}
		}
	],
	"display": {
		"head": {
			"translation": [0, 5.6, 0],
			"scale": [4, 4, 4],
			"rotation": [0, 0, 0]
		}
	}
}