{
	"__credit": "Generated using Animated Java (https://animated-java.dev/)",
	"textures": {
		"2": "minecraft:block/blast_furnace_top"
	},
	"elements": [
		{
			"faces": {
				"north": {"uv": [7, 6, 8, 7], "rotation": 90, "texture": "#2"},
				"east": {"uv": [7, 6, 8, 9], "rotation": 270, "texture": "#2"},
				"south": {"uv": [7, 6, 8, 7], "rotation": 270, "texture": "#2"},
				"west": {"uv": [7, 6, 8, 9], "rotation": 270, "texture": "#2"},
				"up": {"uv": [7, 6, 10, 7], "rotation": 270, "texture": "#2"},
				"down": {"uv": [7, 6, 10, 7], "rotation": 270, "texture": "#2"}
			},
			"to": [8.11915, 5.10565, 8.3975],
			"from": [7.91915, 4.90565, 7.7975],
			"rotation": {"angle": -22.5, "axis": "z", "origin": [7.98915, 5.01065, 8.8025]}
		},
		{
			"faces": {
				"north": {"uv": [7, 6, 8, 11], "rotation": 90, "texture": "#2"},
				"east": {"uv": [7, 6, 8, 7], "rotation": 270, "texture": "#2"},
				"south": {"uv": [7, 6, 8, 11], "rotation": 270, "texture": "#2"},
				"west": {"uv": [7, 6, 8, 7], "rotation": 270, "texture": "#2"},
				"up": {"uv": [7, 6, 8, 11], "rotation": 270, "texture": "#2"},
				"down": {"uv": [7, 6, 8, 11], "rotation": 270, "texture": "#2"}
			},
			"to": [8.94915, 4.85065, 8.0025],
			"from": [7.94915, 4.65065, 7.8025],
			"rotation": {"angle": -22.5, "axis": "z", "origin": [8.44915, 4.75065, 7.9025]}
		}
	],
	"display": {
		"head": {
			"translation": [0, 5.6, 0],
			"scale": [4, 4, 4],
			"rotation": [0, 0, 0]
		}
	}
}