{
	"__credit": "Generated using Animated Java (https://animated-java.dev/)",
	"textures": {
		"2": "minecraft:block/blast_furnace_top"
	},
	"elements": [
		{
			"faces": {
				"north": {"uv": [8, 6, 9, 11], "rotation": 90, "texture": "#2"},
				"east": {"uv": [7, 7, 8, 8], "rotation": 270, "texture": "#2"},
				"south": {"uv": [8, 6, 9, 11], "rotation": 270, "texture": "#2"},
				"west": {"uv": [7, 7, 8, 8], "rotation": 270, "texture": "#2"},
				"up": {"uv": [8, 6, 9, 11], "rotation": 270, "texture": "#2"},
				"down": {"uv": [8, 6, 9, 11], "rotation": 270, "texture": "#2"}
			},
			"to": [8.94915, 4.85065, 8.1975],
			"from": [7.94915, 4.65065, 7.9975],
			"rotation": {"angle": -22.5, "axis": "z", "origin": [8.44915, 4.75065, 8.0975]}
		},
		{
			"faces": {
				"north": {"uv": [8, 6, 9, 7], "rotation": 90, "texture": "#2"},
				"east": {"uv": [7, 9, 8, 12], "rotation": 270, "texture": "#2"},
				"south": {"uv": [8, 6, 9, 7], "rotation": 270, "texture": "#2"},
				"west": {"uv": [7, 9, 8, 12], "rotation": 270, "texture": "#2"},
				"up": {"uv": [10, 6, 13, 7], "rotation": 270, "texture": "#2"},
				"down": {"uv": [10, 6, 13, 7], "rotation": 270, "texture": "#2"}
			},
			"to": [8.11915, 5.10565, 8.2025],
			"from": [7.91915, 4.90565, 7.6025],
			"rotation": {"angle": -22.5, "axis": "z", "origin": [7.98915, 5.01065, 7.1975]}
		}
	],
	"display": {
		"head": {
			"translation": [0, 5.6, 0],
			"scale": [4, 4, 4],
			"rotation": [0, 0, 0]
		}
	}
}