{
	"__credit": "Generated using Animated Java (https://animated-java.dev/)",
	"textures": {
		"1": "minecraft:block/andesite"
	},
	"elements": [
		{
			"faces": {
				"north": {"uv": [10, 4, 12, 5], "rotation": 180, "texture": "#1"},
				"east": {"uv": [10, 4, 11.5, 5], "rotation": 180, "texture": "#1"},
				"south": {"uv": [10, 4, 12, 5], "rotation": 180, "texture": "#1"},
				"west": {"uv": [10, 4, 11.5, 5], "rotation": 180, "texture": "#1"},
				"up": {"uv": [10, 4, 12, 5.5], "rotation": 180, "texture": "#1"},
				"down": {"uv": [10, 4, 12, 5.5], "rotation": 180, "texture": "#1"}
			},
			"to": [8.56715, 6.45829, 8.065],
			"from": [7.36715, 6.37829, 7.865],
			"rotation": {"angle": 0, "axis": "z", "origin": [7.96715, 4.99069, 7.96]}
		},
		{
			"faces": {
				"north": {"uv": [10, 4, 12, 5], "rotation": 90, "texture": "#1"},
				"east": {"uv": [10, 4, 12, 5.5], "rotation": 270, "texture": "#1"},
				"south": {"uv": [10, 4, 12, 5], "rotation": 270, "texture": "#1"},
				"west": {"uv": [10, 4, 12, 5.5], "rotation": 270, "texture": "#1"},
				"up": {"uv": [10, 4, 11.5, 5], "rotation": 270, "texture": "#1"},
				"down": {"uv": [10, 4, 11.5, 5], "rotation": 270, "texture": "#1"}
			},
			"to": [9.43475, 5.59069, 8.065],
			"from": [9.35475, 4.39069, 7.865],
			"rotation": {"angle": 0, "axis": "z", "origin": [7.96715, 4.99069, 7.96]}
		},
		{
			"faces": {
				"north": {"uv": [10, 4, 12, 5], "rotation": 270, "texture": "#1"},
				"east": {"uv": [10, 4, 12, 5.5], "rotation": 90, "texture": "#1"},
				"south": {"uv": [10, 4, 12, 5], "rotation": 90, "texture": "#1"},
				"west": {"uv": [10, 4, 12, 5.5], "rotation": 90, "texture": "#1"},
				"up": {"uv": [10, 4, 11.5, 5], "rotation": 90, "texture": "#1"},
				"down": {"uv": [10, 4, 11.5, 5], "rotation": 90, "texture": "#1"}
			},
			"to": [6.57954, 5.5907, 8.065],
			"from": [6.49954, 4.3907, 7.865],
			"rotation": {"angle": 0, "axis": "z", "origin": [7.96715, 4.99069, 7.96]}
		},
		{
			"faces": {
				"north": {"uv": [10, 4, 12, 5], "texture": "#1"},
				"east": {"uv": [10, 4, 11.5, 5], "texture": "#1"},
				"south": {"uv": [10, 4, 12, 5], "texture": "#1"},
				"west": {"uv": [10, 4, 11.5, 5], "texture": "#1"},
				"up": {"uv": [10, 4, 12, 5.5], "texture": "#1"},
				"down": {"uv": [10, 4, 12, 5.5], "texture": "#1"}
			},
			"to": [8.56714, 3.60309, 8.065],
			"from": [7.36714, 3.52309, 7.865],
			"rotation": {"angle": 0, "axis": "z", "origin": [7.96715, 4.99069, 7.96]}
		},
		{
			"faces": {
				"north": {"uv": [10, 4, 12, 5], "rotation": 270, "texture": "#1"},
				"east": {"uv": [10, 4, 12, 5.5], "rotation": 90, "texture": "#1"},
				"south": {"uv": [10, 4, 12, 5], "rotation": 90, "texture": "#1"},
				"west": {"uv": [10, 4, 12, 5.5], "rotation": 90, "texture": "#1"},
				"up": {"uv": [10, 4, 11.5, 5], "rotation": 90, "texture": "#1"},
				"down": {"uv": [10, 4, 11.5, 5], "rotation": 90, "texture": "#1"}
			},
			"to": [6.57954, 5.5907, 8.065],
			"from": [6.49954, 4.3907, 7.865],
			"rotation": {"angle": 45, "axis": "z", "origin": [7.96715, 4.99069, 7.96]}
		},
		{
			"faces": {
				"north": {"uv": [10, 4, 12, 5], "rotation": 180, "texture": "#1"},
				"east": {"uv": [10, 4, 11.5, 5], "rotation": 180, "texture": "#1"},
				"south": {"uv": [10, 4, 12, 5], "rotation": 180, "texture": "#1"},
				"west": {"uv": [10, 4, 11.5, 5], "rotation": 180, "texture": "#1"},
				"up": {"uv": [10, 4, 12, 5.5], "rotation": 180, "texture": "#1"},
				"down": {"uv": [10, 4, 12, 5.5], "rotation": 180, "texture": "#1"}
			},
			"to": [8.56715, 6.45829, 8.065],
			"from": [7.36715, 6.37829, 7.865],
			"rotation": {"angle": 45, "axis": "z", "origin": [7.96715, 4.99069, 7.96]}
		},
		{
			"faces": {
				"north": {"uv": [10, 4, 12, 5], "texture": "#1"},
				"east": {"uv": [10, 4, 11.5, 5], "texture": "#1"},
				"south": {"uv": [10, 4, 12, 5], "texture": "#1"},
				"west": {"uv": [10, 4, 11.5, 5], "texture": "#1"},
				"up": {"uv": [10, 4, 12, 5.5], "texture": "#1"},
				"down": {"uv": [10, 4, 12, 5.5], "texture": "#1"}
			},
			"to": [8.56714, 3.60309, 8.065],
			"from": [7.36714, 3.52309, 7.865],
			"rotation": {"angle": 45, "axis": "z", "origin": [7.96715, 4.99069, 7.96]}
		},
		{
			"faces": {
				"north": {"uv": [10, 4, 12, 5], "rotation": 90, "texture": "#1"},
				"east": {"uv": [10, 4, 12, 5.5], "rotation": 270, "texture": "#1"},
				"south": {"uv": [10, 4, 12, 5], "rotation": 270, "texture": "#1"},
				"west": {"uv": [10, 4, 12, 5.5], "rotation": 270, "texture": "#1"},
				"up": {"uv": [10, 4, 11.5, 5], "rotation": 270, "texture": "#1"},
				"down": {"uv": [10, 4, 11.5, 5], "rotation": 270, "texture": "#1"}
			},
			"to": [9.43475, 5.59069, 8.065],
			"from": [9.35475, 4.39069, 7.865],
			"rotation": {"angle": 45, "axis": "z", "origin": [7.96715, 4.99069, 7.96]}
		}
	],
	"display": {
		"head": {
			"translation": [0, 5.6, 0],
			"scale": [4, 4, 4],
			"rotation": [0, 0, 0]
		}
	}
}