{
	"__credit": "Generated using Animated Java (https://animated-java.dev/)",
	"textures": {
		"0": "minecraft:block/yellow_concrete",
		"2": "minecraft:block/blast_furnace_top",
		"3": "minecraft:block/black_concrete_powder",
		"4": "minecraft:block/bone_block_top"
	},
	"elements": [
		{
			"faces": {
				"north": {"uv": [0, 0, 2, 1], "rotation": 180, "texture": "#3"},
				"east": {"uv": [0, 0, 1.5, 1], "rotation": 180, "texture": "#3"},
				"south": {"uv": [0, 0, 2, 1], "rotation": 180, "texture": "#3"},
				"west": {"uv": [0, 0, 1.5, 1], "rotation": 180, "texture": "#3"},
				"up": {"uv": [0, 0, 2, 1.5], "rotation": 180, "texture": "#3"},
				"down": {"uv": [0, 0, 2, 1.5], "rotation": 180, "texture": "#3"}
			},
			"to": [8.56714, 6.62327, 8.15],
			"from": [7.36714, 6.42327, 7.85],
			"rotation": {"angle": 0, "axis": "z", "origin": [7.96715, 4.99069, 8.005]}
		},
		{
			"faces": {
				"north": {"uv": [0, 0, 2, 1], "rotation": 90, "texture": "#3"},
				"east": {"uv": [0, 0, 2, 1.5], "rotation": 270, "texture": "#3"},
				"south": {"uv": [0, 0, 2, 1], "rotation": 270, "texture": "#3"},
				"west": {"uv": [0, 0, 2, 1.5], "rotation": 270, "texture": "#3"},
				"up": {"uv": [0, 0, 1.5, 1], "rotation": 270, "texture": "#3"},
				"down": {"uv": [0, 0, 1.5, 1], "rotation": 270, "texture": "#3"}
			},
			"to": [9.59973, 5.5907, 8.15],
			"from": [9.39973, 4.3907, 7.85],
			"rotation": {"angle": 0, "axis": "z", "origin": [7.96715, 4.99069, 8.005]}
		},
		{
			"faces": {
				"north": {"uv": [0, 0, 2, 1], "rotation": 270, "texture": "#3"},
				"east": {"uv": [0, 0, 2, 1.5], "rotation": 90, "texture": "#3"},
				"south": {"uv": [0, 0, 2, 1], "rotation": 90, "texture": "#3"},
				"west": {"uv": [0, 0, 2, 1.5], "rotation": 90, "texture": "#3"},
				"up": {"uv": [0, 0, 1.5, 1], "rotation": 90, "texture": "#3"},
				"down": {"uv": [0, 0, 1.5, 1], "rotation": 90, "texture": "#3"}
			},
			"to": [6.53456, 5.59069, 8.15],
			"from": [6.33456, 4.39069, 7.85],
			"rotation": {"angle": 0, "axis": "z", "origin": [7.96715, 4.99069, 8.005]}
		},
		{
			"faces": {
				"north": {"uv": [0, 0, 2, 1], "texture": "#3"},
				"east": {"uv": [0, 0, 1.5, 1], "texture": "#3"},
				"south": {"uv": [0, 0, 2, 1], "texture": "#3"},
				"west": {"uv": [0, 0, 1.5, 1], "texture": "#3"},
				"up": {"uv": [0, 0, 2, 1.5], "texture": "#3"},
				"down": {"uv": [0, 0, 2, 1.5], "texture": "#3"}
			},
			"to": [8.56715, 3.55811, 8.15],
			"from": [7.36715, 3.35811, 7.85],
			"rotation": {"angle": 0, "axis": "z", "origin": [7.96715, 4.99069, 8.005]}
		},
		{
			"faces": {
				"north": {"uv": [0, 0, 2, 1], "rotation": 270, "texture": "#3"},
				"east": {"uv": [0, 0, 2, 1.5], "rotation": 90, "texture": "#3"},
				"south": {"uv": [0, 0, 2, 1], "rotation": 90, "texture": "#3"},
				"west": {"uv": [0, 0, 2, 1.5], "rotation": 90, "texture": "#3"},
				"up": {"uv": [0, 0, 1.5, 1], "rotation": 90, "texture": "#3"},
				"down": {"uv": [0, 0, 1.5, 1], "rotation": 90, "texture": "#3"}
			},
			"to": [6.53456, 5.59069, 8.15],
			"from": [6.33456, 4.39069, 7.85],
			"rotation": {"angle": 45, "axis": "z", "origin": [7.96715, 4.99069, 8.005]}
		},
		{
			"faces": {
				"north": {"uv": [0, 0, 2, 1], "rotation": 180, "texture": "#3"},
				"east": {"uv": [0, 0, 1.5, 1], "rotation": 180, "texture": "#3"},
				"south": {"uv": [0, 0, 2, 1], "rotation": 180, "texture": "#3"},
				"west": {"uv": [0, 0, 1.5, 1], "rotation": 180, "texture": "#3"},
				"up": {"uv": [0, 0, 2, 1.5], "rotation": 180, "texture": "#3"},
				"down": {"uv": [0, 0, 2, 1.5], "rotation": 180, "texture": "#3"}
			},
			"to": [8.56714, 6.62327, 8.15],
			"from": [7.36714, 6.42327, 7.85],
			"rotation": {"angle": 45, "axis": "z", "origin": [7.96715, 4.99069, 8.005]}
		},
		{
			"faces": {
				"north": {"uv": [0, 0, 2, 1], "texture": "#3"},
				"east": {"uv": [0, 0, 1.5, 1], "texture": "#3"},
				"south": {"uv": [0, 0, 2, 1], "texture": "#3"},
				"west": {"uv": [0, 0, 1.5, 1], "texture": "#3"},
				"up": {"uv": [0, 0, 2, 1.5], "texture": "#3"},
				"down": {"uv": [0, 0, 2, 1.5], "texture": "#3"}
			},
			"to": [8.56715, 3.55811, 8.15],
			"from": [7.36715, 3.35811, 7.85],
			"rotation": {"angle": 45, "axis": "z", "origin": [7.96715, 4.99069, 8.005]}
		},
		{
			"faces": {
				"north": {"uv": [0, 0, 2, 1], "rotation": 90, "texture": "#3"},
				"east": {"uv": [0, 0, 2, 1.5], "rotation": 270, "texture": "#3"},
				"south": {"uv": [0, 0, 2, 1], "rotation": 270, "texture": "#3"},
				"west": {"uv": [0, 0, 2, 1.5], "rotation": 270, "texture": "#3"},
				"up": {"uv": [0, 0, 1.5, 1], "rotation": 270, "texture": "#3"},
				"down": {"uv": [0, 0, 1.5, 1], "rotation": 270, "texture": "#3"}
			},
			"to": [9.59973, 5.5907, 8.15],
			"from": [9.39973, 4.3907, 7.85],
			"rotation": {"angle": 45, "axis": "z", "origin": [7.96715, 4.99069, 8.005]}
		},
		{
			"faces": {
				"north": {"uv": [5, 1, 5.4, 16], "texture": "#4"},
				"east": {"uv": [5, 1, 5.25, 16], "texture": "#4"},
				"south": {"uv": [5, 1, 5.4, 16], "texture": "#4"},
				"west": {"uv": [5, 1, 5.25, 16], "texture": "#4"},
				"up": {"uv": [5, 1, 5.4, 1.25], "texture": "#4"},
				"down": {"uv": [5, 1, 5.4, 1.25], "texture": "#4"}
			},
			"to": [8.01527, 6.50319, 8.02],
			"from": [7.93527, 3.50319, 7.97],
			"rotation": {"angle": 0, "axis": "y", "origin": [7.97527, 5.00319, 7.995]}
		},
		{
			"faces": {
				"north": {"uv": [5, 1, 5.4, 16], "rotation": 90, "texture": "#4"},
				"east": {"uv": [5, 1, 5.4, 1.25], "rotation": 270, "texture": "#4"},
				"south": {"uv": [5, 1, 5.4, 16], "rotation": 270, "texture": "#4"},
				"west": {"uv": [5, 1, 5.4, 1.25], "rotation": 270, "texture": "#4"},
				"up": {"uv": [5, 1, 5.25, 16], "rotation": 270, "texture": "#4"},
				"down": {"uv": [5, 1, 5.25, 16], "rotation": 270, "texture": "#4"}
			},
			"to": [9.47527, 5.04319, 8.02],
			"from": [6.47527, 4.96319, 7.97],
			"rotation": {"angle": 0, "axis": "z", "origin": [7.97527, 5.00319, 7.995]}
		},
		{
			"faces": {
				"north": {"uv": [5, 1, 5.4, 16], "rotation": 180, "texture": "#4"},
				"east": {"uv": [5, 1, 5.25, 16], "rotation": 180, "texture": "#4"},
				"south": {"uv": [5, 1, 5.4, 16], "rotation": 180, "texture": "#4"},
				"west": {"uv": [5, 1, 5.25, 16], "rotation": 180, "texture": "#4"},
				"up": {"uv": [5, 1, 5.4, 1.25], "rotation": 180, "texture": "#4"},
				"down": {"uv": [5, 1, 5.4, 1.25], "rotation": 180, "texture": "#4"}
			},
			"to": [8.01527, 6.50319, 8.02],
			"from": [7.93527, 3.50319, 7.97],
			"rotation": {"angle": -45, "axis": "z", "origin": [7.97527, 5.00319, 7.995]}
		},
		{
			"faces": {
				"north": {"uv": [5, 1, 5.4, 16], "texture": "#4"},
				"east": {"uv": [5, 1, 5.25, 16], "texture": "#4"},
				"south": {"uv": [5, 1, 5.4, 16], "texture": "#4"},
				"west": {"uv": [5, 1, 5.25, 16], "texture": "#4"},
				"up": {"uv": [5, 1, 5.4, 1.25], "texture": "#4"},
				"down": {"uv": [5, 1, 5.4, 1.25], "texture": "#4"}
			},
			"to": [8.01527, 6.50319, 8.02],
			"from": [7.93527, 3.50319, 7.97],
			"rotation": {"angle": 45, "axis": "z", "origin": [7.97527, 5.00319, 7.995]}
		},
		{
			"faces": {
				"north": {"uv": [5, 1, 5.4, 16], "texture": "#0"},
				"east": {"uv": [5, 1, 5.25, 16], "texture": "#0"},
				"south": {"uv": [5, 1, 5.4, 16], "texture": "#0"},
				"west": {"uv": [5, 1, 5.25, 16], "texture": "#0"},
				"up": {"uv": [5, 1, 5.4, 1.25], "texture": "#0"},
				"down": {"uv": [5, 1, 5.4, 1.25], "texture": "#0"}
			},
			"to": [8.03527, 6.17819, 8.045],
			"from": [7.91527, 5.87819, 7.945],
			"rotation": {"angle": 0, "axis": "y", "origin": [7.97527, 5.00319, 7.995]}
		},
		{
			"faces": {
				"north": {"uv": [7, 6, 7.5, 6.5], "rotation": 90, "texture": "#2"},
				"east": {"uv": [7, 6, 7.5, 10], "rotation": 270, "texture": "#2"},
				"south": {"uv": [7, 6, 7.5, 6.5], "rotation": 270, "texture": "#2"},
				"west": {"uv": [7, 6, 7.5, 10], "rotation": 270, "texture": "#2"},
				"up": {"uv": [7, 6, 11, 6.5], "rotation": 270, "texture": "#2"},
				"down": {"uv": [7, 6, 11, 6.5], "rotation": 270, "texture": "#2"}
			},
			"to": [8.04238, 5.0864, 8.295],
			"from": [7.94238, 4.9864, 7.495],
			"rotation": {"angle": -45, "axis": "z", "origin": [7.96238, 5.0414, 7.9]}
		}
	],
	"display": {
		"head": {
			"translation": [0, 5.6, 0],
			"scale": [4, 4, 4],
			"rotation": [0, 0, 0]
		}
	}
}