{
	"credit": "Made with Blockbench",
	"textures": {
		"0": "custom/intro/3",
		"particle": "custom/intro/3"
	},
	"elements": [
		{
			"from": [0, 0, 0],
			"to": [16, 9, 0.1],
			"faces": {
				"north": {"uv": [0, 0, 16, 16], "texture": "#0"},
				"east": {"uv": [0, 0, 1, 9], "texture": "#0"},
				"south": {"uv": [0, 0, 16, 0.91667], "texture": "#0"},
				"west": {"uv": [0, 0, 1, 9], "texture": "#0"},
				"up": {"uv": [0, 0, 16, 1], "texture": "#0"},
				"down": {"uv": [0, 0, 16, 1], "texture": "#0"}
			}
		}
	],
	"display": {
		"thirdperson_righthand": {
			"scale": [0, 1, 1]
		},
		"thirdperson_lefthand": {
			"scale": [0, 1, 1]
		},
		"firstperson_righthand": {
			"rotation": [0, -180, 0],
			"translation": [-9.5, 11.75, -3.25]
		},
		"firstperson_lefthand": {
			"rotation": [0, -180, 0],
			"translation": [-8.5, 11.75, -3.25]
		},
		"ground": {
			"scale": [0, 1, 1]
		},
		"head": {
			"scale": [0, 1, 1]
		},
		"fixed": {
			"scale": [0, 1, 1]
		}
	}
}