{
    "providers": [
        {
            "type": "bitmap",
            "file": "minecraft:custom/slime1.png",
            "ascent": 12,
            "height": 24,
            "chars": ["\uE000"]
        },
        {
            "type": "bitmap",
            "file": "minecraft:custom/slime2.png",
            "ascent": 12,
            "height": 24,
            "chars": ["\uE001"]
        },
        {
            "type": "bitmap",
            "file": "minecraft:custom/half1.png",
            "ascent": 12,
            "height": 24,
            "chars": ["\uE002"]
        },
        {
            "type": "bitmap",
            "file": "minecraft:custom/half2.png",
            "ascent": 12,
            "height": 24,
            "chars": ["\uE003"]
        },
        {
            "type": "bitmap",
            "file": "minecraft:custom/half3.png",
            "ascent": 12,
            "height": 24,
            "chars": ["\uE004"]
        },
        {
            "type": "bitmap",
            "file": "minecraft:custom/half4.png",
            "ascent": 12,
            "height": 24,
            "chars": ["\uE005"]
        },
        {
            "type": "bitmap",
            "file": "minecraft:custom/hay1.png",
            "ascent": 12,
            "height": 24,
            "chars": ["\uE006"]
        },
        {
            "type": "bitmap",
            "file": "minecraft:custom/black.png",
            "ascent": 128,
            "height": 256,
            "chars": ["\uE007"]
        },
        {
            "type": "bitmap",
            "file": "minecraft:custom/white.png",
            "ascent": 128,
            "height": 256,
            "chars": ["\uE008"]
        },
        {
            "type": "bitmap",
            "file": "minecraft:custom/minecart1.png",
            "ascent": 16,
            "height": 32,
            "chars": ["\uE009"]
        },
        {
            "type": "bitmap",
            "file": "minecraft:custom/minecart2.png",
            "ascent": 16,
            "height": 32,
            "chars": ["\uE010"]
        },
        {
            "type": "bitmap",
            "file": "minecraft:custom/minecart3.png",
            "ascent": 16,
            "height": 32,
            "chars": ["\uE011"]
        },
        {
            "type": "bitmap",
            "file": "minecraft:custom/minecart4.png",
            "ascent": 16,
            "height": 32,
            "chars": ["\uE012"]
        },
        {
            "type": "bitmap",
            "file": "minecraft:custom/water1.png",
            "ascent": 18,
            "height": 36,
            "chars": ["\uE013"]
        },
        {
            "type": "bitmap",
            "file": "minecraft:custom/water2.png",
            "ascent": 18,
            "height": 36,
            "chars": ["\uE014"]
        },
        {
            "type": "bitmap",
            "file": "minecraft:custom/water3.png",
            "ascent": 18,
            "height": 36,
            "chars": ["\uE015"]
        },
        {
            "type": "bitmap",
            "file": "minecraft:custom/water4.png",
            "ascent": 18,
            "height": 36,
            "chars": ["\uE016"]
        },
        {
            "type": "bitmap",
            "file": "minecraft:custom/strider1.png",
            "ascent": 18,
            "height": 36,
            "chars": ["\uE017"]
        },
        {
            "type": "bitmap",
            "file": "minecraft:custom/strider2.png",
            "ascent": 18,
            "height": 36,
            "chars": ["\uE018"]
        },
        {
            "type": "bitmap",
            "file": "minecraft:custom/collect/unkown.png",
            "ascent": 7,
            "height": 28,
            "chars": ["\uE019"]
        },
        {
            "type": "bitmap",
            "file": "minecraft:custom/collect/mohawk.png",
            "ascent": 7,
            "height": 28,
            "chars": ["\uE020"]
        },
        {
            "type": "bitmap",
            "file": "minecraft:custom/collect/snowglobe.png",
            "ascent": 7,
            "height": 28,
            "chars": ["\uE021"]
        },
        {
            "type": "bitmap",
            "file": "minecraft:custom/collect/dualaxis.png",
            "ascent": 7,
            "height": 28,
            "chars": ["\uE022"]
        },
        {
            "type": "bitmap",
            "file": "minecraft:custom/collect/headphones.png",
            "ascent": 7,
            "height": 28,
            "chars": ["\uE023"]
        },
        {
            "type": "bitmap",
            "file": "minecraft:custom/collect/drawerpotion.png",
            "ascent": 7,
            "height": 28,
            "chars": ["\uE024"]
        },
        {
            "type": "bitmap",
            "file": "minecraft:custom/collect/warden.png",
            "ascent": 7,
            "height": 28,
            "chars": ["\uE025"]
        },
        {
            "type": "bitmap",
            "file": "minecraft:custom/collect/cloud.png",
            "ascent": 7,
            "height": 28,
            "chars": ["\uE026"]
        },
        {
            "type": "bitmap",
            "file": "minecraft:custom/collect/diamondstar.png",
            "ascent": 7,
            "height": 28,
            "chars": ["\uE027"]
        },
        {
            "type": "bitmap",
            "file": "minecraft:custom/collect/checker.png",
            "ascent": 7,
            "height": 28,
            "chars": ["\uE028"]
        },
        {
            "type": "bitmap",
            "file": "minecraft:custom/amirkaka1.png",
            "ascent": 7,
            "height": 28,
            "chars": ["\uE029"]
        },
        {
            "type": "bitmap",
            "file": "minecraft:custom/amirkaka2.png",
            "ascent": 7,
            "height": 28,
            "chars": ["\uE030"]
        },
        {
            "type": "bitmap",
            "file": "minecraft:custom/dualaxis/1.png",
            "ascent": 8,
            "height": 32,
            "chars": ["\uE101"]
        },
        {
            "type": "bitmap",
            "file": "minecraft:custom/dualaxis/2.png",
            "ascent": 16,
            "height": 32,
            "chars": ["\uE102"]
        },
        {
            "type": "bitmap",
            "file": "minecraft:custom/dualaxis/3.png",
            "ascent": 16,
            "height": 32,
            "chars": ["\uE103"]
        },
        {
            "type": "bitmap",
            "file": "minecraft:custom/dualaxis/4.png",
            "ascent": 16,
            "height": 32,
            "chars": ["\uE104"]
        },
        {
            "type": "bitmap",
            "file": "minecraft:custom/dualaxis/5.png",
            "ascent": 16,
            "height": 32,
            "chars": ["\uE105"]
        },
        {
            "type": "bitmap",
            "file": "minecraft:custom/dualaxis/6.png",
            "ascent": 16,
            "height": 32,
            "chars": ["\uE106"]
        },
        {
            "type": "bitmap",
            "file": "minecraft:custom/dualaxis/7.png",
            "ascent": 16,
            "height": 32,
            "chars": ["\uE107"]
        },
        {
            "type": "bitmap",
            "file": "minecraft:custom/dualaxis/8.png",
            "ascent": 16,
            "height": 32,
            "chars": ["\uE108"]
        },
        {
            "type": "bitmap",
            "file": "minecraft:custom/dualaxis/9.png",
            "ascent": 16,
            "height": 32,
            "chars": ["\uE109"]
        },
        {
            "type": "bitmap",
            "file": "minecraft:custom/dualaxis/10.png",
            "ascent": 16,
            "height": 32,
            "chars": ["\uE110"]
        },
        {
            "type": "bitmap",
            "file": "minecraft:custom/dualaxis/11.png",
            "ascent": 16,
            "height": 32,
            "chars": ["\uE111"]
        },
        {
            "type": "bitmap",
            "file": "minecraft:custom/dualaxis/12.png",
            "ascent": 16,
            "height": 32,
            "chars": ["\uE112"]
        },
        {
            "type": "bitmap",
            "file": "minecraft:custom/dualaxis/13.png",
            "ascent": 16,
            "height": 32,
            "chars": ["\uE113"]
        },
        {
            "type": "bitmap",
            "file": "minecraft:custom/dualaxis/14.png",
            "ascent": 16,
            "height": 32,
            "chars": ["\uE114"]
        },
        {
            "type": "bitmap",
            "file": "minecraft:custom/dualaxis/15.png",
            "ascent": 16,
            "height": 32,
            "chars": ["\uE115"]
        },
        {
            "type": "bitmap",
            "file": "minecraft:custom/dualaxis/16.png",
            "ascent": 16,
            "height": 32,
            "chars": ["\uE116"]
        },
        {
            "type": "bitmap",
            "file": "minecraft:custom/dualaxis/17.png",
            "ascent": 16,
            "height": 32,
            "chars": ["\uE117"]
        },
        {
            "type": "bitmap",
            "file": "minecraft:custom/dualaxis/18.png",
            "ascent": 16,
            "height": 32,
            "chars": ["\uE118"]
        },
        {
            "type": "bitmap",
            "file": "minecraft:custom/dualaxis/19.png",
            "ascent": 16,
            "height": 32,
            "chars": ["\uE119"]
        },
        {
            "type": "bitmap",
            "file": "minecraft:custom/dualaxis/20.png",
            "ascent": 16,
            "height": 32,
            "chars": ["\uE120"]
        },
        {
            "type": "bitmap",
            "file": "minecraft:custom/dualaxis/21.png",
            "ascent": 16,
            "height": 32,
            "chars": ["\uE121"]
        },
        {
            "type": "bitmap",
            "file": "minecraft:custom/dualaxis/22.png",
            "ascent": 16,
            "height": 32,
            "chars": ["\uE122"]
        },
        {
            "type": "bitmap",
            "file": "minecraft:custom/dualaxis/23.png",
            "ascent": 16,
            "height": 32,
            "chars": ["\uE123"]
        },
        {
            "type": "bitmap",
            "file": "minecraft:custom/dualaxis/24.png",
            "ascent": 16,
            "height": 32,
            "chars": ["\uE124"]
        },
        {
            "type": "bitmap",
            "file": "minecraft:custom/dualaxis/25.png",
            "ascent": 16,
            "height": 32,
            "chars": ["\uE125"]
        },
        {
            "type": "bitmap",
            "file": "minecraft:custom/dualaxis/26.png",
            "ascent": 16,
            "height": 32,
            "chars": ["\uE126"]
        },
        {
            "type": "bitmap",
            "file": "minecraft:custom/dualaxis/27.png",
            "ascent": 16,
            "height": 32,
            "chars": ["\uE127"]
        },
        {
            "type": "bitmap",
            "file": "minecraft:custom/dualaxis/28.png",
            "ascent": 16,
            "height": 32,
            "chars": ["\uE128"]
        },
        {
            "type": "bitmap",
            "file": "minecraft:custom/dualaxis/29.png",
            "ascent": 16,
            "height": 32,
            "chars": ["\uE129"]
        },
        {
            "type": "bitmap",
            "file": "minecraft:custom/dualaxis/30.png",
            "ascent": 16,
            "height": 32,
            "chars": ["\uE130"]
        },
        {
            "type": "bitmap",
            "file": "minecraft:custom/dualaxis/31.png",
            "ascent": 16,
            "height": 32,
            "chars": ["\uE131"]
        },
        {
            "type": "bitmap",
            "file": "minecraft:custom/dualaxis/32.png",
            "ascent": 16,
            "height": 32,
            "chars": ["\uE132"]
        },
        {
            "type": "bitmap",
            "file": "minecraft:custom/dualaxis/33.png",
            "ascent": 16,
            "height": 32,
            "chars": ["\uE133"]
        },
        {
            "type": "bitmap",
            "file": "minecraft:custom/dualaxis/34.png",
            "ascent": 16,
            "height": 32,
            "chars": ["\uE134"]
        },
        {
            "type": "bitmap",
            "file": "minecraft:custom/dualaxis/35.png",
            "ascent": 16,
            "height": 32,
            "chars": ["\uE135"]
        },
        {
            "type": "bitmap",
            "file": "minecraft:custom/dualaxis/36.png",
            "ascent": 16,
            "height": 32,
            "chars": ["\uE136"]
        },
        {
            "type": "bitmap",
            "file": "minecraft:custom/dualaxis/37.png",
            "ascent": 16,
            "height": 32,
            "chars": ["\uE137"]
        },
        {
            "type": "bitmap",
            "file": "minecraft:custom/dualaxis/38.png",
            "ascent": 16,
            "height": 32,
            "chars": ["\uE138"]
        },
        {
            "type": "bitmap",
            "file": "minecraft:custom/dualaxis/39.png",
            "ascent": 16,
            "height": 32,
            "chars": ["\uE139"]
        },
        {
            "type": "bitmap",
            "file": "minecraft:custom/dualaxis/40.png",
            "ascent": 16,
            "height": 32,
            "chars": ["\uE140"]
        },
        {
            "type": "bitmap",
            "file": "minecraft:custom/dualaxis/41.png",
            "ascent": 16,
            "height": 32,
            "chars": ["\uE141"]
        },
        {
            "type": "bitmap",
            "file": "minecraft:custom/dualaxis/42.png",
            "ascent": 16,
            "height": 32,
            "chars": ["\uE142"]
        },
        {
            "type": "bitmap",
            "file": "minecraft:custom/dualaxis/43.png",
            "ascent": 16,
            "height": 32,
            "chars": ["\uE143"]
        },
        {
            "type": "bitmap",
            "file": "minecraft:custom/dualaxis/44.png",
            "ascent": 16,
            "height": 32,
            "chars": ["\uE144"]
        },
        {
            "type": "bitmap",
            "file": "minecraft:custom/dualaxis/45.png",
            "ascent": 16,
            "height": 32,
            "chars": ["\uE145"]
        },
        {
            "type": "bitmap",
            "file": "minecraft:custom/dualaxis/46.png",
            "ascent": 16,
            "height": 32,
            "chars": ["\uE146"]
        }
    ]
}