{
	"__credit": "Generated using Animated Java (https://animated-java.dev/)",
	"textures": {
		"0": "minecraft:custom/boat"
	},
	"elements": [
		{
			"faces": {
				"north": {"uv": [0.25, 5.25, 2.5, 6.75], "texture": "#0"},
				"east": {"uv": [0, 5.25, 0.25, 6.75], "texture": "#0"},
				"south": {"uv": [2.75, 5.25, 5, 6.75], "texture": "#0"},
				"west": {"uv": [2.5, 5.25, 2.75, 6.75], "texture": "#0"},
				"up": {"uv": [2.5, 5.25, 0.25, 4.75], "texture": "#0"},
				"down": {"uv": [4.75, 4.75, 2.5, 5.25], "texture": "#0"}
			},
			"to": [10, 7.8, 8.4],
			"from": [2.8, 5.4, 7.6],
			"rotation": {"angle": 0, "axis": "y", "origin": [6.4, 4.2, 2]}
		}
	],
	"display": {
		"head": {
			"translation": [0, 5.6, 0],
			"scale": [4, 4, 4],
			"rotation": [0, 0, 0]
		}
	}
}