{
	"__credit": "Generated using Animated Java (https://animated-java.dev/)",
	"textures": {
		"0": "minecraft:block/oak_planks",
		"1": "minecraft:block/oak_log",
		"3": "minecraft:block/black_concrete"
	},
	"elements": [
		{
			"faces": {
				"north": {"uv": [5, 8, 13, 9], "texture": "#1"},
				"east": {"uv": [5, 8, 13, 9], "texture": "#1"},
				"south": {"uv": [5, 8, 13, 9], "texture": "#1"},
				"west": {"uv": [5, 8, 13, 9], "texture": "#1"},
				"up": {"uv": [5, 8, 13, 16], "texture": "#1"},
				"down": {"uv": [5, 8, 13, 16], "texture": "#1"}
			},
			"to": [9.4, 1.8, 11],
			"from": [6.2, 1.4, 7.8],
			"rotation": {"angle": 0, "axis": "y", "origin": [4.6, 1.8, 6.2]}
		},
		{
			"faces": {
				"north": {"uv": [0, 0, 2, 7], "texture": "#0"},
				"east": {"uv": [0, 0, 1, 7], "texture": "#0"},
				"south": {"uv": [0, 0, 2, 7], "texture": "#0"},
				"west": {"uv": [0, 0, 1, 7], "texture": "#0"},
				"up": {"uv": [0, 0, 2, 1], "texture": "#0"},
				"down": {"uv": [0, 0, 2, 1], "texture": "#0"}
			},
			"to": [9.4, 4.6, 8.2],
			"from": [8.6, 1.8, 7.8],
			"rotation": {"angle": 0, "axis": "y", "origin": [5, 3.6, 5.8]}
		},
		{
			"faces": {
				"north": {"uv": [0, 0, 4, 2], "texture": "#0"},
				"east": {"uv": [0, 0, 1, 2], "texture": "#0"},
				"south": {"uv": [0, 0, 4, 2], "texture": "#0"},
				"west": {"uv": [0, 0, 1, 2], "texture": "#0"},
				"up": {"uv": [0, 0, 4, 1], "texture": "#0"},
				"down": {"uv": [0, 0, 4, 1], "texture": "#0"}
			},
			"to": [8.6, 4.6, 8.2],
			"from": [7, 3.8, 7.8],
			"rotation": {"angle": 0, "axis": "y", "origin": [5, 3.6, 5.8]}
		},
		{
			"faces": {
				"north": {"uv": [0, 0, 6.5, 1], "texture": "#0"},
				"east": {"uv": [0, 0, 1, 1], "texture": "#0"},
				"south": {"uv": [0, 0, 6.5, 1], "texture": "#0"},
				"west": {"uv": [0, 0, 1, 1], "texture": "#0"},
				"up": {"uv": [0, 0, 6.5, 1], "texture": "#0"},
				"down": {"uv": [0, 0, 6.5, 1], "texture": "#0"}
			},
			"to": [9.1, 5, 8.2],
			"from": [6.5, 4.6, 7.8],
			"rotation": {"angle": 0, "axis": "y", "origin": [5, 3.6, 5.8]}
		},
		{
			"faces": {
				"north": {"uv": [5, 1, 10, 2], "texture": "#0"},
				"east": {"uv": [5, 1, 6, 2], "texture": "#0"},
				"south": {"uv": [5, 1, 10, 2], "texture": "#0"},
				"west": {"uv": [5, 1, 6, 2], "texture": "#0"},
				"up": {"uv": [5, 1, 10, 2], "texture": "#0"},
				"down": {"uv": [5, 1, 10, 2], "texture": "#0"}
			},
			"to": [8.8, 5.4, 8.2],
			"from": [6.8, 5, 7.8],
			"rotation": {"angle": 0, "axis": "y", "origin": [5, 3.6, 5.8]}
		},
		{
			"faces": {
				"north": {"uv": [5, 1, 7, 2], "texture": "#0"},
				"east": {"uv": [5, 1, 3, 2], "texture": "#0"},
				"south": {"uv": [5, 1, 7, 2], "texture": "#0"},
				"west": {"uv": [5, 1, 3, 2], "texture": "#0"},
				"up": {"uv": [5, 1, 7, 2], "texture": "#0"},
				"down": {"uv": [5, 1, 7, 2], "texture": "#0"}
			},
			"to": [8.3, 5.88, 8.2],
			"from": [7.3, 5.4, 7.8],
			"rotation": {"angle": 0, "axis": "y", "origin": [5, 3.6, 5.8]}
		},
		{
			"faces": {
				"north": {"uv": [0, 0, 6.5, 1], "texture": "#0"},
				"east": {"uv": [0, 0, 1, 1], "texture": "#0"},
				"south": {"uv": [0, 0, 6.5, 1], "texture": "#0"},
				"west": {"uv": [0, 0, 1, 1], "texture": "#0"},
				"up": {"uv": [0, 0, 6.5, 1], "texture": "#0"},
				"down": {"uv": [0, 0, 6.5, 1], "texture": "#0"}
			},
			"to": [9.1, 5, 11],
			"from": [6.5, 4.6, 10.6],
			"rotation": {"angle": 0, "axis": "y", "origin": [5, 3.6, 5.8]}
		},
		{
			"faces": {
				"north": {"uv": [5, 1, 10, 2], "texture": "#0"},
				"east": {"uv": [5, 1, 6, 2], "texture": "#0"},
				"south": {"uv": [5, 1, 10, 2], "texture": "#0"},
				"west": {"uv": [5, 1, 6, 2], "texture": "#0"},
				"up": {"uv": [5, 1, 10, 2], "texture": "#0"},
				"down": {"uv": [5, 1, 10, 2], "texture": "#0"}
			},
			"to": [8.8, 5.4, 11],
			"from": [6.8, 5, 10.6],
			"rotation": {"angle": 0, "axis": "y", "origin": [5, 3.6, 5.8]}
		},
		{
			"faces": {
				"north": {"uv": [5, 1, 7, 2], "texture": "#0"},
				"east": {"uv": [5, 1, 3, 2], "texture": "#0"},
				"south": {"uv": [5, 1, 7, 2], "texture": "#0"},
				"west": {"uv": [5, 1, 3, 2], "texture": "#0"},
				"up": {"uv": [5, 1, 7, 2], "texture": "#0"},
				"down": {"uv": [5, 1, 7, 2], "texture": "#0"}
			},
			"to": [8.3, 5.88, 11],
			"from": [7.3, 5.4, 10.6],
			"rotation": {"angle": 0, "axis": "y", "origin": [5, 3.6, 5.8]}
		},
		{
			"faces": {
				"north": {"uv": [0, 0, 1, 7], "texture": "#0"},
				"east": {"uv": [0, 0, 1, 7], "texture": "#0"},
				"south": {"uv": [0, 0, 1, 7], "texture": "#0"},
				"west": {"uv": [0, 0, 1, 7], "texture": "#0"},
				"up": {"uv": [0, 0, 1, 1], "texture": "#0"},
				"down": {"uv": [0, 0, 1, 1], "texture": "#0"}
			},
			"to": [7, 4.6, 8.2],
			"from": [6.6, 1.8, 7.8],
			"rotation": {"angle": 0, "axis": "y", "origin": [5, 3.6, 5.8]}
		},
		{
			"faces": {
				"north": {"uv": [0, 0, 1, 7], "texture": "#0"},
				"east": {"uv": [0, 0, 7, 7], "texture": "#0"},
				"south": {"uv": [0, 0, 1, 7], "texture": "#0"},
				"west": {"uv": [0, 0, 7, 7], "texture": "#0"},
				"up": {"uv": [0, 0, 7, 1], "rotation": 90, "texture": "#0"},
				"down": {"uv": [0, 0, 7, 1], "rotation": 270, "texture": "#0"}
			},
			"to": [9.4, 4.6, 11],
			"from": [9, 1.8, 8.2],
			"rotation": {"angle": 0, "axis": "y", "origin": [8, 5, 8]}
		},
		{
			"faces": {
				"north": {"uv": [0, 0, 1, 9.35], "texture": "#1"},
				"east": {"uv": [0, 0, 10, 9.35], "texture": "#1"},
				"south": {"uv": [0, 0, 1, 9.35], "texture": "#1"},
				"west": {"uv": [0, 0, 10, 9.35], "texture": "#1"},
				"up": {"uv": [0, 0, 10, 1], "rotation": 90, "texture": "#1"},
				"down": {"uv": [0, 0, 10, 1], "rotation": 270, "texture": "#1"}
			},
			"to": [10.6, 6.74, 11.4],
			"from": [10.2, 3, 7.4],
			"rotation": {"angle": 45, "axis": "z", "origin": [9.6, 3.2, 9.4]}
		},
		{
			"faces": {
				"north": {"uv": [1, 0, 2, 9.35], "texture": "#1"},
				"east": {"uv": [6, 0, 16, 9.35], "texture": "#1"},
				"south": {"uv": [1, 0, 2, 9.35], "texture": "#1"},
				"west": {"uv": [6, 0, 16, 9.35], "texture": "#1"},
				"up": {"uv": [0, 1, 10, 2], "rotation": 90, "texture": "#1"},
				"down": {"uv": [0, 1, 10, 2], "rotation": 270, "texture": "#1"}
			},
			"to": [5.4, 6.74, 11.4004],
			"from": [5, 3, 7.4004],
			"rotation": {"angle": -45, "axis": "z", "origin": [6, 3.2, 9.4]}
		},
		{
			"faces": {
				"north": {"uv": [0, 0, 1, 7], "texture": "#0"},
				"east": {"uv": [0, 0, 7, 7], "texture": "#0"},
				"south": {"uv": [0, 0, 1, 7], "texture": "#0"},
				"west": {"uv": [0, 0, 7, 7], "texture": "#0"},
				"up": {"uv": [0, 0, 7, 1], "rotation": 270, "texture": "#0"},
				"down": {"uv": [0, 0, 7, 1], "rotation": 90, "texture": "#0"}
			},
			"to": [6.6, 4.6, 10.6],
			"from": [6.2, 1.8, 7.8],
			"rotation": {"angle": 0, "axis": "y", "origin": [8, 5, 8]}
		},
		{
			"faces": {
				"north": {"uv": [0, 0, 7, 7], "texture": "#0"},
				"east": {"uv": [0, 0, 1, 7], "texture": "#0"},
				"south": {"uv": [0, 0, 7, 7], "texture": "#0"},
				"west": {"uv": [0, 0, 1, 7], "texture": "#0"},
				"up": {"uv": [0, 0, 7, 1], "rotation": 180, "texture": "#0"},
				"down": {"uv": [0, 0, 7, 1], "rotation": 180, "texture": "#0"}
			},
			"to": [9, 4.6, 11],
			"from": [6.2, 1.8, 10.6],
			"rotation": {"angle": 0, "axis": "y", "origin": [8, 5, 8]}
		},
		{
			"faces": {
				"north": {"uv": [0, 0, 6, 5], "texture": "#3"},
				"east": {"uv": [0, 0, 1, 5], "texture": "#3"},
				"south": {"uv": [0, 0, 6, 5], "texture": "#3"},
				"west": {"uv": [0, 0, 1, 5], "texture": "#3"},
				"up": {"uv": [0, 0, 6, 1], "texture": "#3"},
				"down": {"uv": [0, 0, 6, 1], "texture": "#3"}
			},
			"to": [9, 3.8, 8.6],
			"from": [6.6, 1.8, 8.2],
			"rotation": {"angle": 0, "axis": "y", "origin": [4.6, 1.8, 6.2]}
		}
	],
	"display": {
		"head": {
			"translation": [0, 5.6, 0],
			"scale": [4, 4, 4],
			"rotation": [0, 0, 0]
		}
	}
}