{
	"__credit": "Generated using Animated Java (https://animated-java.dev/)",
	"textures": {
		"2": "minecraft:custom/bluejay"
	},
	"elements": [
		{
			"faces": {
				"north": {"uv": [0, 8, 2, 12], "texture": "#2"},
				"east": {"uv": [0, 0, 3, 4], "texture": "#2"},
				"south": {"uv": [2, 8, 4, 12], "texture": "#2"},
				"west": {"uv": [3, 0, 6, 4], "texture": "#2"},
				"up": {"uv": [6, 13, 4, 10], "texture": "#2"},
				"down": {"uv": [8, 10, 6, 13], "texture": "#2"}
			},
			"to": [11.2, 4.7, 8.3],
			"from": [10.4, 3.1, 7.1],
			"rotation": {"angle": -22.5, "axis": "x", "origin": [10.8, 5, 8]}
		}
	],
	"display": {
		"head": {
			"translation": [0, 5.6, 0],
			"scale": [4, 4, 4],
			"rotation": [0, 0, 0]
		}
	}
}