{
	"__credit": "Generated using Animated Java (https://animated-java.dev/)",
	"textures": {
		"0": "minecraft:custom/boat"
	},
	"elements": [
		{
			"faces": {
				"north": {"uv": [8.25, 12, 11.75, 16], "texture": "#0"},
				"east": {"uv": [7.5, 12, 8.25, 16], "texture": "#0"},
				"south": {"uv": [12.5, 12, 16, 16], "texture": "#0"},
				"west": {"uv": [11.75, 12, 12.5, 16], "texture": "#0"},
				"up": {"uv": [11.75, 12, 8.25, 10.5], "texture": "#0"},
				"down": {"uv": [15.25, 10.5, 11.75, 12], "texture": "#0"}
			},
			"to": [12.8, 8.6, 8],
			"from": [1.6, 2.2, 5.6],
			"rotation": {"angle": 0, "axis": "y", "origin": [7.6, 1.4, 8.8]}
		}
	],
	"display": {
		"head": {
			"translation": [0, 5.6, 0],
			"scale": [4, 4, 4],
			"rotation": [0, 0, 0]
		}
	}
}