{
	"__credit": "Generated using Animated Java (https://animated-java.dev/)",
	"textures": {
		"0": "minecraft:custom/boat"
	},
	"elements": [
		{
			"faces": {
				"north": {"uv": [0.375, 0.75, 3.875, 4.75], "texture": "#0"},
				"east": {"uv": [0, 0.75, 0.375, 4.75], "texture": "#0"},
				"south": {"uv": [4.25, 0.75, 7.75, 4.75], "texture": "#0"},
				"west": {"uv": [3.875, 0.75, 4.25, 4.75], "texture": "#0"},
				"up": {"uv": [3.875, 0.75, 0.375, 0], "texture": "#0"},
				"down": {"uv": [7.375, 0, 3.875, 0.75], "texture": "#0"}
			},
			"to": [14.4, 8.6, 8],
			"from": [3.2, 2.2, 6.8],
			"rotation": {"angle": 0, "axis": "y", "origin": [8.4, 3.8, 8.8]}
		}
	],
	"display": {
		"head": {
			"translation": [0, 5.6, 0],
			"scale": [4, 4, 4],
			"rotation": [0, 0, 0]
		}
	}
}