{
	"__credit": "Generated using Animated Java (https://animated-java.dev/)",
	"textures": {
		"0": "minecraft:custom/boat"
	},
	"elements": [
		{
			"faces": {
				"north": {"uv": [0.25, 7.25, 2.25, 8.75], "texture": "#0"},
				"east": {"uv": [0, 7.25, 0.25, 8.75], "texture": "#0"},
				"south": {"uv": [2.5, 7.25, 4.5, 8.75], "texture": "#0"},
				"west": {"uv": [2.25, 7.25, 2.5, 8.75], "texture": "#0"},
				"up": {"uv": [2.25, 7.25, 0.25, 6.75], "texture": "#0"},
				"down": {"uv": [4.25, 6.75, 2.25, 7.25], "texture": "#0"}
			},
			"to": [11.2, 7.8, 8.4],
			"from": [4.8, 5.4, 7.6],
			"rotation": {"angle": 0, "axis": "y", "origin": [8, 4.2, 14]}
		}
	],
	"display": {
		"head": {
			"translation": [0, 5.6, 0],
			"scale": [4, 4, 4],
			"rotation": [0, 0, 0]
		}
	}
}