{
	"__credit": "Generated using Animated Java (https://animated-java.dev/)",
	"textures": {
		"2": "minecraft:custom/bluejay"
	},
	"elements": [
		{
			"faces": {
				"north": {"uv": [9, 6, 11, 8], "texture": "#2"},
				"east": {"uv": [4, 8, 7, 10], "texture": "#2"},
				"south": {"uv": [8, 10, 10, 12], "texture": "#2"},
				"west": {"uv": [7, 8, 10, 10], "texture": "#2"},
				"up": {"uv": [11, 3, 9, 0], "texture": "#2"},
				"down": {"uv": [11, 3, 9, 6], "texture": "#2"}
			},
			"to": [8.399, 5.4, 8.06626],
			"from": [7.599, 4.6, 6.86626],
			"rotation": {"angle": 0, "axis": "y", "origin": [7.599, 3, 8.86626]}
		},
		{
			"faces": {
				"north": {"uv": [13, 1, 14, 2], "texture": "#2"},
				"east": {"uv": [12, 7, 14, 8], "texture": "#2"},
				"south": {"uv": [13, 2, 14, 3], "texture": "#2"},
				"west": {"uv": [8, 12, 10, 13], "texture": "#2"},
				"up": {"uv": [13, 10, 12, 8], "texture": "#2"},
				"down": {"uv": [11, 12, 10, 14], "texture": "#2"}
			},
			"to": [8.199, 5.7, 8.06626],
			"from": [7.799, 5.3, 7.26626],
			"rotation": {"angle": -22.5, "axis": "x", "origin": [7.999, 5.6, 8.06626]}
		},
		{
			"faces": {
				"north": {"uv": [13, 3, 14, 4], "texture": "#2"},
				"east": {"uv": [4, 13, 5, 14], "texture": "#2"},
				"south": {"uv": [13, 4, 14, 5], "texture": "#2"},
				"west": {"uv": [5, 13, 6, 14], "texture": "#2"},
				"up": {"uv": [14, 6, 13, 5], "texture": "#2"},
				"down": {"uv": [7, 13, 6, 14], "texture": "#2"}
			},
			"to": [8.199, 5.1, 6.86626],
			"from": [7.799, 4.7, 6.46626],
			"rotation": {"angle": 0, "axis": "y", "origin": [7.599, 3, 8.86626]}
		},
		{
			"faces": {
				"north": {"uv": [4, 13, 4.2, 13.5], "texture": "#2"},
				"east": {"uv": [4, 13, 4.5, 13.5], "texture": "#2"},
				"south": {"uv": [4, 13, 4.2, 13.5], "texture": "#2"},
				"west": {"uv": [4, 13, 4.5, 13.5], "texture": "#2"},
				"up": {"uv": [4, 13, 4.2, 13.5], "texture": "#2"},
				"down": {"uv": [4, 13, 4.2, 13.5], "texture": "#2"}
			},
			"to": [7.654, 5.3, 7.16626],
			"from": [7.574, 5.1, 6.96626],
			"rotation": {"angle": 0, "axis": "y", "origin": [7.599, 3, 8.86626]}
		},
		{
			"faces": {
				"north": {"uv": [4, 13, 4.2, 13.5], "texture": "#2"},
				"east": {"uv": [4, 13, 4.5, 13.5], "texture": "#2"},
				"south": {"uv": [4, 13, 4.2, 13.5], "texture": "#2"},
				"west": {"uv": [4, 13, 4.5, 13.5], "texture": "#2"},
				"up": {"uv": [4, 13, 4.2, 13.5], "texture": "#2"},
				"down": {"uv": [4, 13, 4.2, 13.5], "texture": "#2"}
			},
			"to": [8.429, 5.3, 7.16626],
			"from": [8.349, 5.1, 6.96626],
			"rotation": {"angle": 0, "axis": "y", "origin": [7.599, 3, 8.86626]}
		}
	],
	"display": {
		"head": {
			"translation": [0, 5.6, 0],
			"scale": [4, 4, 4],
			"rotation": [0, 0, 0]
		}
	}
}