{
	"__credit": "Generated using Animated Java (https://animated-java.dev/)",
	"textures": {
		"2": "minecraft:custom/bluejay"
	},
	"elements": [
		{
			"faces": {
				"north": {"uv": [11, 0, 12, 4], "texture": "#2"},
				"east": {"uv": [0, 4, 3, 8], "texture": "#2"},
				"south": {"uv": [11, 4, 12, 8], "texture": "#2"},
				"west": {"uv": [3, 4, 6, 8], "texture": "#2"},
				"up": {"uv": [2, 15, 1, 12], "texture": "#2"},
				"down": {"uv": [3, 12, 2, 15], "texture": "#2"}
			},
			"to": [8, 5.43916, 8.39685],
			"from": [7.8, 3.83916, 7.19685],
			"rotation": {"angle": -22.5, "axis": "x", "origin": [7.9, 5.13023, 7.99685]}
		}
	],
	"display": {
		"head": {
			"translation": [0, 5.6, 0],
			"scale": [4, 4, 4],
			"rotation": [0, 0, 0]
		}
	}
}