{
	"__credit": "Generated using Animated Java (https://animated-java.dev/)",
	"textures": {
		"0": "minecraft:custom/boat"
	},
	"elements": [
		{
			"faces": {
				"north": {"uv": [10, 4.5, 10.25, 5], "texture": "#0"},
				"east": {"uv": [7.75, 4.5, 10, 5], "texture": "#0"},
				"south": {"uv": [12.5, 4.5, 12.75, 5], "texture": "#0"},
				"west": {"uv": [10.25, 4.5, 12.5, 5], "texture": "#0"},
				"up": {"uv": [10.25, 4.5, 10, 0], "texture": "#0"},
				"down": {"uv": [10.5, 0, 10.25, 4.5], "texture": "#0"}
			},
			"to": [10.26, 7.54558, 17.34558],
			"from": [9.46, 6.74558, 10.14558],
			"rotation": {"angle": 0, "axis": "y", "origin": [9.74, 2.6, 6]}
		},
		{
			"faces": {
				"north": {"uv": [8.625, 1.75, 8.75, 3.25], "texture": "#0"},
				"east": {"uv": [7.75, 1.75, 8.625, 3.25], "texture": "#0"},
				"south": {"uv": [9.625, 1.75, 9.75, 3.25], "texture": "#0"},
				"west": {"uv": [8.75, 1.75, 9.625, 3.25], "texture": "#0"},
				"up": {"uv": [8.75, 1.75, 8.625, 0], "texture": "#0"},
				"down": {"uv": [8.875, 0, 8.75, 1.75], "texture": "#0"}
			},
			"to": [10.264, 8.74558, 18.14558],
			"from": [9.864, 6.34558, 15.34558],
			"rotation": {"angle": 0, "axis": "y", "origin": [9.74, 2.6, 6]}
		}
	],
	"display": {
		"head": {
			"translation": [0, 5.6, 0],
			"scale": [4, 4, 4],
			"rotation": [0, 0, 0]
		}
	}
}