{
	"__credit": "Generated using Animated Java (https://animated-java.dev/)",
	"textures": {
		"0": "minecraft:custom/boat"
	},
	"elements": [
		{
			"faces": {
				"north": {"uv": [10, 9.5, 10.25, 10], "texture": "#0"},
				"east": {"uv": [7.75, 9.5, 10, 10], "texture": "#0"},
				"south": {"uv": [12.5, 9.5, 12.75, 10], "texture": "#0"},
				"west": {"uv": [10.25, 9.5, 12.5, 10], "texture": "#0"},
				"up": {"uv": [10.25, 9.5, 10, 5], "texture": "#0"},
				"down": {"uv": [10.5, 5, 10.25, 9.5], "texture": "#0"}
			},
			"to": [6.54, 7.54558, 17.34558],
			"from": [5.74, 6.74558, 10.14558],
			"rotation": {"angle": 0, "axis": "y", "origin": [6.26, 2.6, 6]}
		},
		{
			"faces": {
				"north": {"uv": [8.625, 6.75, 8.75, 8.25], "texture": "#0"},
				"east": {"uv": [7.75, 6.75, 8.625, 8.25], "texture": "#0"},
				"south": {"uv": [9.625, 6.75, 9.75, 8.25], "texture": "#0"},
				"west": {"uv": [8.75, 6.75, 9.625, 8.25], "texture": "#0"},
				"up": {"uv": [8.75, 6.75, 8.625, 5], "texture": "#0"},
				"down": {"uv": [8.875, 5, 8.75, 6.75], "texture": "#0"}
			},
			"to": [6.136, 8.74558, 18.14558],
			"from": [5.736, 6.34558, 15.34558],
			"rotation": {"angle": 0, "axis": "y", "origin": [6.26, 2.6, 6]}
		}
	],
	"display": {
		"head": {
			"translation": [0, 5.6, 0],
			"scale": [4, 4, 4],
			"rotation": [0, 0, 0]
		}
	}
}