{
	"__credit": "Generated using Animated Java (https://animated-java.dev/)",
	"textures": {
		"0": "minecraft:custom/boat"
	},
	"elements": [
		{
			"faces": {
				"north": {"uv": [0.25, 9.25, 3.75, 10.75], "texture": "#0"},
				"east": {"uv": [0, 9.25, 0.25, 10.75], "texture": "#0"},
				"south": {"uv": [4, 9.25, 7.5, 10.75], "texture": "#0"},
				"west": {"uv": [3.75, 9.25, 4, 10.75], "texture": "#0"},
				"up": {"uv": [3.75, 9.25, 0.25, 8.75], "texture": "#0"},
				"down": {"uv": [7.25, 8.75, 3.75, 9.25], "texture": "#0"}
			},
			"to": [6.4, 7.8, 8.4],
			"from": [-4.8, 5.4, 7.6],
			"rotation": {"angle": 0, "axis": "y", "origin": [4.4, 4.2, 15.2]}
		}
	],
	"display": {
		"head": {
			"translation": [0, 5.6, 0],
			"scale": [4, 4, 4],
			"rotation": [0, 0, 0]
		}
	}
}