{
	"__credit": "Generated using Animated Java (https://animated-java.dev/)",
	"textures": {
		"2": "minecraft:custom/bluejay"
	},
	"elements": [
		{
			"faces": {
				"north": {"uv": [12, 10, 14, 11], "texture": "#2"},
				"east": {"uv": [11, 12, 13, 13], "texture": "#2"},
				"south": {"uv": [12, 11, 14, 12], "texture": "#2"},
				"west": {"uv": [13, 0, 15, 1], "texture": "#2"},
				"up": {"uv": [12, 10, 10, 8], "texture": "#2"},
				"down": {"uv": [12, 10, 10, 12], "texture": "#2"}
			},
			"to": [11.2, 4, 10.1],
			"from": [10.4, 3.6, 9.3],
			"rotation": {"angle": 22.5, "axis": "x", "origin": [10.8, 5, 8]}
		}
	],
	"display": {
		"head": {
			"translation": [0, 5.6, 0],
			"scale": [4, 4, 4],
			"rotation": [0, 0, 0]
		}
	}
}