{
	"__credit": "Generated using Animated Java (https://animated-java.dev/)",
	"textures": {
		"2": "minecraft:custom/cobblestone"
	},
	"elements": [
		{
			"faces": {
				"north": {"uv": [0, 0, 8, 6], "texture": "#2"},
				"east": {"uv": [0, 0, 8, 6], "texture": "#2"},
				"south": {"uv": [0, 0, 8, 6], "texture": "#2"},
				"west": {"uv": [0, 0, 8, 6], "texture": "#2"},
				"up": {"uv": [0, 0, 8, 8], "texture": "#2"},
				"down": {"uv": [0, 0, 8, 8], "texture": "#2"}
			},
			"to": [9.6, 6.2, 9.6],
			"from": [6.4, 3.8, 6.4],
			"rotation": {"angle": 0, "axis": "y", "origin": [4.8, 3, 4.8]}
		}
	],
	"display": {
		"head": {
			"translation": [0, 5.6, 0],
			"scale": [4, 4, 4],
			"rotation": [0, 0, 0]
		}
	}
}