{
	"__credit": "Generated using Animated Java (https://animated-java.dev/)",
	"textures": {
		"1": "minecraft:custom/theglare"
	},
	"elements": [
		{
			"faces": {
				"north": {"uv": [0, 10, 0.75, 11.25], "texture": "#1"},
				"east": {"uv": [0.75, 10, 1.5, 11.25], "texture": "#1"},
				"south": {"uv": [1.5, 10, 2.25, 11.25], "texture": "#1"},
				"west": {"uv": [2.25, 10, 3, 11.25], "texture": "#1"},
				"up": {"uv": [3.75, 10.75, 3, 10], "texture": "#1"},
				"down": {"uv": [4.5, 10, 3.75, 10.75], "texture": "#1"}
			},
			"to": [9.2, 5.8, 9.2],
			"from": [6.8, 1.8, 6.8],
			"rotation": {"angle": 0, "axis": "y", "origin": [9.6, 17.8, 9.6]}
		}
	],
	"display": {
		"head": {
			"translation": [0, 5.6, 0],
			"scale": [4, 4, 4],
			"rotation": [0, 0, 0]
		}
	}
}