{
	"__credit": "Generated using Animated Java (https://animated-java.dev/)",
	"textures": {
		"1": "minecraft:custom/theglare"
	},
	"elements": [
		{
			"faces": {
				"north": {"uv": [9.75, 0, 11.25, 0.875], "texture": "#1"},
				"east": {"uv": [9.75, 0, 11.25, 0.875], "texture": "#1"},
				"south": {"uv": [9.75, 0, 11.25, 0.875], "texture": "#1"},
				"west": {"uv": [9.75, 0, 11.25, 0.875], "texture": "#1"},
				"up": {"uv": [11, 8.5, 9.5, 7], "texture": "#1"},
				"down": {"uv": [11, 8.5, 9.5, 10], "texture": "#1"}
			},
			"to": [10.4, 6, 10.4],
			"from": [5.6, 3.2, 5.6],
			"rotation": {"angle": 0, "axis": "y", "origin": [9.6, 17.2, 9.6]}
		}
	],
	"display": {
		"head": {
			"translation": [0, 5.6, 0],
			"scale": [4, 4, 4],
			"rotation": [0, 0, 0]
		}
	}
}