{
	"__credit": "Generated using Animated Java (https://animated-java.dev/)",
	"textures": {
		"1": "minecraft:custom/theglare"
	},
	"elements": [
		{
			"faces": {
				"north": {"uv": [9.75, 3.5, 11.75, 3.75], "texture": "#1"},
				"east": {"uv": [9.75, 3.5, 11.75, 3.75], "texture": "#1"},
				"south": {"uv": [9.75, 3.5, 11.75, 3.75], "texture": "#1"},
				"west": {"uv": [9.75, 3.5, 11.75, 3.75], "texture": "#1"},
				"up": {"uv": [2, 2, 0, 0], "texture": "#1"},
				"down": {"uv": [2, 2, 0, 4], "texture": "#1"}
			},
			"to": [11.2, 3.6, 11.2],
			"from": [4.8, 2.8, 4.8],
			"rotation": {"angle": 0, "axis": "y", "origin": [9.6, 14.8, 9.6]}
		},
		{
			"faces": {
				"north": {"uv": [3.5, 8, 5, 10], "texture": "#1"},
				"east": {"uv": [5, 8, 6.5, 10], "texture": "#1"},
				"south": {"uv": [6.5, 8, 8, 10], "texture": "#1"},
				"west": {"uv": [8, 8, 9.5, 10], "texture": "#1"},
				"up": {"uv": [11, 5.5, 9.5, 4], "texture": "#1"},
				"down": {"uv": [11, 5.5, 9.5, 7], "texture": "#1"}
			},
			"to": [10.4, 10, 10.4],
			"from": [5.6, 3.6, 5.6],
			"rotation": {"angle": 0, "axis": "y", "origin": [8, 6.8, 8]}
		}
	],
	"display": {
		"head": {
			"translation": [0, 5.6, 0],
			"scale": [4, 4, 4],
			"rotation": [0, 0, 0]
		}
	}
}