{
	"__credit": "Generated using Animated Java (https://animated-java.dev/)",
	"textures": {
		"1": "minecraft:custom/theglare"
	},
	"elements": [
		{
			"faces": {
				"north": {"uv": [6, 4, 7.75, 6], "texture": "#1"},
				"east": {"uv": [0, 0, 0, 2], "texture": "#1"},
				"south": {"uv": [6, 6, 7.75, 8], "texture": "#1"},
				"west": {"uv": [0, 0, 0, 2], "texture": "#1"},
				"up": {"uv": [1.75, 0, 0, 0], "texture": "#1"},
				"down": {"uv": [1.75, 0, 0, 0], "texture": "#1"}
			},
			"to": [7.6, 8.2, 2],
			"from": [2, 1.8, 2],
			"rotation": {"angle": 0, "axis": "y", "origin": [4.8, 5, 4.8]}
		},
		{
			"faces": {
				"north": {"uv": [0, 0, 0, 2], "texture": "#1"},
				"east": {"uv": [7.75, 4, 9.5, 6], "texture": "#1"},
				"south": {"uv": [0, 0, 0, 2], "texture": "#1"},
				"west": {"uv": [7.75, 6, 9.5, 8], "texture": "#1"},
				"up": {"uv": [0, 1.75, 0, 0], "texture": "#1"},
				"down": {"uv": [0, 0, 0, 1.75], "texture": "#1"}
			},
			"to": [2, 8.2, 7.6],
			"from": [2, 1.8, 2],
			"rotation": {"angle": 0, "axis": "y", "origin": [1.6, 1.8, 1.6]}
		},
		{
			"faces": {
				"north": {"uv": [0, 0, 0, 2], "texture": "#1"},
				"east": {"uv": [0, 8, 1.75, 10], "texture": "#1"},
				"south": {"uv": [0, 0, 0, 2], "texture": "#1"},
				"west": {"uv": [8, 0, 9.75, 2], "texture": "#1"},
				"up": {"uv": [0, 1.75, 0, 0], "texture": "#1"},
				"down": {"uv": [0, 0, 0, 1.75], "texture": "#1"}
			},
			"to": [7.6, 8.2, 7.6],
			"from": [7.6, 1.8, 2],
			"rotation": {"angle": 0, "axis": "y", "origin": [1.6, 1.8, 1.6]}
		},
		{
			"faces": {
				"north": {"uv": [1.75, 8, 3.5, 10], "texture": "#1"},
				"east": {"uv": [0, 0, 0, 2], "texture": "#1"},
				"south": {"uv": [8, 2, 9.75, 4], "texture": "#1"},
				"west": {"uv": [0, 0, 0, 2], "texture": "#1"},
				"up": {"uv": [1.75, 0, 0, 0], "texture": "#1"},
				"down": {"uv": [1.75, 0, 0, 0], "texture": "#1"}
			},
			"to": [7.6, 8.2, 7.6],
			"from": [2, 1.8, 7.6],
			"rotation": {"angle": 0, "axis": "y", "origin": [4.8, 5, 4.8]}
		}
	],
	"display": {
		"head": {
			"translation": [0, 5.6, 0],
			"scale": [4, 4, 4],
			"rotation": [0, 0, 0]
		}
	}
}