{
	"credit": "Made with Blockbench",
	"texture_size": [32, 32],
	"textures": {
		"0": "block/stripped_birch_log",
		"1": "custom/challenges",
		"particle": "block/stripped_birch_log"
	},
	"elements": [
		{
			"from": [0, 0, 1],
			"to": [8, 1, 7],
			"faces": {
				"north": {"uv": [0, 0, 16, 1], "texture": "#0"},
				"east": {"uv": [0, 0, 15, 1], "texture": "#0"},
				"south": {"uv": [0, 0, 16, 1], "texture": "#0"},
				"west": {"uv": [0, 0, 15, 1], "texture": "#0"},
				"up": {"uv": [0, 2, 16, 14], "texture": "#0"},
				"down": {"uv": [0, 2, 16, 14], "texture": "#0"}
			}
		},
		{
			"from": [8, 0, 1],
			"to": [16, 1, 7],
			"faces": {
				"north": {"uv": [0, 0, 16, 1], "texture": "#0"},
				"east": {"uv": [0, 0, 15, 1], "texture": "#0"},
				"south": {"uv": [0, 0, 16, 1], "texture": "#0"},
				"west": {"uv": [0, 0, 15, 1], "texture": "#0"},
				"up": {"uv": [0, 2, 16, 14], "texture": "#0"},
				"down": {"uv": [0, 2, 16, 14], "texture": "#0"}
			}
		},
		{
			"from": [16, 0, 1],
			"to": [24, 1, 7],
			"faces": {
				"north": {"uv": [0, 0, 16, 1], "texture": "#0"},
				"east": {"uv": [0, 0, 16, 1], "texture": "#0"},
				"south": {"uv": [0, 0, 16, 1], "texture": "#0"},
				"west": {"uv": [0, 0, 16, 1], "texture": "#0"},
				"up": {"uv": [0, 2, 16, 14], "texture": "#0"},
				"down": {"uv": [0, 2, 16, 14], "texture": "#0"}
			}
		},
		{
			"from": [24, 0, 1],
			"to": [30, 1, 7],
			"faces": {
				"north": {"uv": [0, 0, 16, 1], "texture": "#0"},
				"east": {"uv": [0, 0, 15, 1], "texture": "#0"},
				"south": {"uv": [0, 0, 16, 1], "texture": "#0"},
				"west": {"uv": [0, 0, 15, 1], "texture": "#0"},
				"up": {"uv": [0, 2, 12, 14], "texture": "#0"},
				"down": {"uv": [0, 2, 12, 14], "texture": "#0"}
			}
		},
		{
			"from": [22.75, 1.05, 0],
			"to": [29.75, 1.05, 8],
			"faces": {
				"north": {"uv": [0, 0, 8, 0], "texture": "#1"},
				"east": {"uv": [0, 0, 8, 0], "texture": "#1"},
				"south": {"uv": [0, 0, 8, 0], "texture": "#1"},
				"west": {"uv": [0, 0, 8, 0], "texture": "#1"},
				"up": {"uv": [0, 0, 16, 16], "rotation": 180, "texture": "#1"},
				"down": {"uv": [0, 0, 16, 16], "texture": "#1"}
			}
		}
	],
	"display": {
		"fixed": {
			"rotation": [-90, 0, 0],
			"translation": [-76, 16, -16],
			"scale": [4, 2, 4]
		}
	}
}