{
	"credit": "Made with Blockbench",
	"texture_size": [32, 32],
	"textures": {
		"0": "block/stripped_birch_log",
		"1": "block/oak_log",
		"2": "custom/logo",
		"particle": "block/stripped_birch_log"
	},
	"elements": [
		{
			"from": [0.5, 1, 1.5],
			"to": [8.5, 1.5, 6.5],
			"faces": {
				"north": {"uv": [0, 0, 16, 1], "texture": "#1"},
				"east": {"uv": [0, 0, 15, 1], "texture": "#1"},
				"south": {"uv": [0, 0, 16, 1], "texture": "#1"},
				"west": {"uv": [0, 0, 15, 1], "texture": "#1"},
				"up": {"uv": [0, 2, 16, 14], "texture": "#1"},
				"down": {"uv": [0, 2, 16, 14], "texture": "#1"}
			}
		},
		{
			"from": [8.5, 1, 1.5],
			"to": [16.5, 1.5, 6.5],
			"faces": {
				"north": {"uv": [0, 0, 16, 1], "texture": "#1"},
				"east": {"uv": [0, 0, 15, 1], "texture": "#1"},
				"south": {"uv": [0, 0, 16, 1], "texture": "#1"},
				"west": {"uv": [0, 0, 15, 1], "texture": "#1"},
				"up": {"uv": [0, 2, 16, 14], "texture": "#1"},
				"down": {"uv": [0, 2, 16, 14], "texture": "#1"}
			}
		},
		{
			"from": [16.5, 1, 1.5],
			"to": [24.5, 1.5, 6.5],
			"faces": {
				"north": {"uv": [0, 0, 16, 1], "texture": "#1"},
				"east": {"uv": [0, 0, 15, 1], "texture": "#1"},
				"south": {"uv": [0, 0, 16, 1], "texture": "#1"},
				"west": {"uv": [0, 0, 15, 1], "texture": "#1"},
				"up": {"uv": [0, 2, 16, 14], "texture": "#1"},
				"down": {"uv": [0, 2, 16, 14], "texture": "#1"}
			}
		},
		{
			"from": [24.5, 1, 1.5],
			"to": [29.5, 1.5, 6.5],
			"faces": {
				"north": {"uv": [0, 0, 10, 1], "texture": "#1"},
				"east": {"uv": [0, 0, 10, 1], "texture": "#1"},
				"south": {"uv": [0, 0, 10, 1], "texture": "#1"},
				"west": {"uv": [0, 0, 10, 1], "texture": "#1"},
				"up": {"uv": [0, 2, 10, 12], "texture": "#1"},
				"down": {"uv": [0, 2, 10, 12], "texture": "#1"}
			}
		},
		{
			"from": [8, 0, 1],
			"to": [16, 1, 7],
			"faces": {
				"north": {"uv": [0, 0, 16, 1], "texture": "#0"},
				"east": {"uv": [0, 0, 15, 1], "texture": "#0"},
				"south": {"uv": [0, 0, 16, 1], "texture": "#0"},
				"west": {"uv": [0, 0, 15, 1], "texture": "#0"},
				"up": {"uv": [0, 2, 16, 14], "texture": "#0"},
				"down": {"uv": [0, 2, 16, 14], "texture": "#0"}
			}
		},
		{
			"from": [16, 0, 1],
			"to": [24, 1, 7],
			"faces": {
				"north": {"uv": [0, 0, 16, 1], "texture": "#0"},
				"east": {"uv": [0, 0, 16, 1], "texture": "#0"},
				"south": {"uv": [0, 0, 16, 1], "texture": "#0"},
				"west": {"uv": [0, 0, 16, 1], "texture": "#0"},
				"up": {"uv": [0, 2, 16, 14], "texture": "#0"},
				"down": {"uv": [0, 2, 16, 14], "texture": "#0"}
			}
		},
		{
			"from": [24, 0, 1],
			"to": [30, 1, 7],
			"faces": {
				"north": {"uv": [0, 0, 16, 1], "texture": "#0"},
				"east": {"uv": [0, 0, 15, 1], "texture": "#0"},
				"south": {"uv": [0, 0, 16, 1], "texture": "#0"},
				"west": {"uv": [0, 0, 15, 1], "texture": "#0"},
				"up": {"uv": [0, 2, 12, 14], "texture": "#0"},
				"down": {"uv": [0, 2, 12, 14], "texture": "#0"}
			}
		},
		{
			"from": [0, 0, 1],
			"to": [8, 1, 7],
			"faces": {
				"north": {"uv": [0, 0, 16, 1], "texture": "#0"},
				"east": {"uv": [0, 0, 15, 1], "texture": "#0"},
				"south": {"uv": [0, 0, 16, 1], "texture": "#0"},
				"west": {"uv": [0, 0, 15, 1], "texture": "#0"},
				"up": {"uv": [0, 2, 16, 14], "texture": "#0"},
				"down": {"uv": [0, 2, 16, 14], "texture": "#0"}
			}
		},
		{
			"from": [7, 1.51, -3],
			"to": [23, 1.51, 13],
			"rotation": {"angle": 0, "axis": "y", "origin": [15, 1.5, 3]},
			"faces": {
				"north": {"uv": [0, 0, 6, 0.5], "texture": "#2"},
				"east": {"uv": [0, 0, 6, 0.5], "texture": "#2"},
				"south": {"uv": [0, 0, 6, 0.5], "texture": "#2"},
				"west": {"uv": [0, 0, 6, 0.5], "texture": "#2"},
				"up": {"uv": [0, 0, 16, 16], "rotation": 180, "texture": "#2"},
				"down": {"uv": [0, 0, 16, 16], "texture": "#2"}
			}
		}
	],
	"display": {
		"fixed": {
			"rotation": [-90, 0, 0],
			"translation": [-76, 16, -16],
			"scale": [4, 2, 4]
		}
	}
}