{
	"credit": "Made with Blockbench",
	"textures": {
		"0": "block/white_stained_glass",
		"1": "block/sponge",
		"2": "block/red_mushroom_block",
		"particle": "block/white_stained_glass"
	},
	"elements": [
		{
			"from": [5, 0, 5],
			"to": [10, 6, 6],
			"faces": {
				"north": {"uv": [5, 5, 10, 11], "texture": "#0"},
				"east": {"uv": [5, 5, 6, 11], "texture": "#0"},
				"south": {"uv": [5, 5, 10, 11], "texture": "#0"},
				"west": {"uv": [5, 5, 6, 11], "texture": "#0"},
				"up": {"uv": [5, 5, 10, 6], "texture": "#0"},
				"down": {"uv": [5, 5, 10, 6], "texture": "#0"}
			}
		},
		{
			"from": [6, 0, 10],
			"to": [11, 6, 11],
			"faces": {
				"north": {"uv": [5, 5, 10, 11], "texture": "#0"},
				"east": {"uv": [5, 5, 6, 11], "texture": "#0"},
				"south": {"uv": [5, 5, 10, 11], "texture": "#0"},
				"west": {"uv": [5, 5, 6, 11], "texture": "#0"},
				"up": {"uv": [5, 5, 10, 6], "texture": "#0"},
				"down": {"uv": [5, 5, 10, 6], "texture": "#0"}
			}
		},
		{
			"from": [5, 0, 6],
			"to": [6, 6, 11],
			"rotation": {"angle": 0, "axis": "y", "origin": [8, 3, 8]},
			"faces": {
				"north": {"uv": [5, 5, 6, 11], "texture": "#0"},
				"east": {"uv": [5, 5, 10, 11], "texture": "#0"},
				"south": {"uv": [5, 5, 6, 11], "texture": "#0"},
				"west": {"uv": [5, 5, 10, 11], "texture": "#0"},
				"up": {"uv": [5, 5, 10, 6], "rotation": 90, "texture": "#0"},
				"down": {"uv": [5, 5, 10, 6], "rotation": 270, "texture": "#0"}
			}
		},
		{
			"from": [6, 0, 6],
			"to": [10, 1, 10],
			"rotation": {"angle": 0, "axis": "y", "origin": [8, 3, 8]},
			"faces": {
				"north": {"uv": [5, 5, 9, 6], "texture": "#0"},
				"east": {"uv": [5, 5, 9, 6], "texture": "#0"},
				"south": {"uv": [5, 5, 9, 6], "texture": "#0"},
				"west": {"uv": [5, 5, 9, 6], "texture": "#0"},
				"up": {"uv": [5, 5, 9, 9], "rotation": 90, "texture": "#0"},
				"down": {"uv": [5, 5, 9, 9], "rotation": 270, "texture": "#0"}
			}
		},
		{
			"from": [6, 1, 6],
			"to": [10, 4, 10],
			"rotation": {"angle": 0, "axis": "y", "origin": [8, 3, 8]},
			"faces": {
				"north": {"uv": [4, 5, 16, 11], "texture": "#2"},
				"east": {"uv": [4, 5, 16, 11], "texture": "#2"},
				"south": {"uv": [4, 5, 16, 11], "texture": "#2"},
				"west": {"uv": [4, 5, 16, 11], "texture": "#2"},
				"up": {"uv": [0, 0, 12, 12], "rotation": 90, "texture": "#2"},
				"down": {"uv": [0, 0, 12, 12], "rotation": 270, "texture": "#2"}
			}
		},
		{
			"from": [6, 6, 6],
			"to": [10, 7, 10],
			"rotation": {"angle": 0, "axis": "y", "origin": [8, 3, 8]},
			"faces": {
				"north": {"uv": [5, 5, 9, 6], "texture": "#0"},
				"east": {"uv": [5, 5, 9, 6], "texture": "#0"},
				"south": {"uv": [5, 5, 9, 6], "texture": "#0"},
				"west": {"uv": [5, 5, 9, 6], "texture": "#0"},
				"up": {"uv": [5, 5, 9, 9], "rotation": 90, "texture": "#0"},
				"down": {"uv": [5, 5, 9, 9], "rotation": 270, "texture": "#0"}
			}
		},
		{
			"from": [7, 7, 7],
			"to": [9, 9, 9],
			"rotation": {"angle": 0, "axis": "y", "origin": [8, 3, 8]},
			"faces": {
				"north": {"uv": [5, 5, 7, 7], "texture": "#0"},
				"east": {"uv": [5, 5, 7, 7], "texture": "#0"},
				"south": {"uv": [5, 5, 7, 7], "texture": "#0"},
				"west": {"uv": [5, 5, 7, 7], "texture": "#0"},
				"up": {"uv": [5, 5, 7, 7], "rotation": 90, "texture": "#0"},
				"down": {"uv": [5, 5, 7, 7], "rotation": 270, "texture": "#0"}
			}
		},
		{
			"from": [6.5, 9, 6.5],
			"to": [9.5, 10, 9.5],
			"rotation": {"angle": 0, "axis": "y", "origin": [8, 3, 8]},
			"faces": {
				"north": {"uv": [5, 5, 8, 6], "texture": "#0"},
				"east": {"uv": [5, 5, 8, 6], "texture": "#0"},
				"south": {"uv": [5, 5, 8, 6], "texture": "#0"},
				"west": {"uv": [5, 5, 8, 6], "texture": "#0"},
				"up": {"uv": [5, 5, 8, 8], "rotation": 90, "texture": "#0"},
				"down": {"uv": [5, 5, 8, 8], "rotation": 270, "texture": "#0"}
			}
		},
		{
			"from": [7, 9, 7],
			"to": [9, 11, 9],
			"rotation": {"angle": 0, "axis": "y", "origin": [8, 3, 8]},
			"faces": {
				"north": {"uv": [5, 5, 8, 6], "texture": "#1"},
				"east": {"uv": [5, 5, 8, 6], "texture": "#1"},
				"south": {"uv": [5, 5, 8, 6], "texture": "#1"},
				"west": {"uv": [5, 5, 8, 6], "texture": "#1"},
				"up": {"uv": [5, 5, 8, 8], "rotation": 90, "texture": "#1"},
				"down": {"uv": [5, 5, 8, 8], "rotation": 270, "texture": "#1"}
			}
		},
		{
			"from": [10, 0, 5],
			"to": [11, 6, 10],
			"rotation": {"angle": 0, "axis": "y", "origin": [8, 3, 8]},
			"faces": {
				"north": {"uv": [5, 5, 6, 11], "texture": "#0"},
				"east": {"uv": [5, 5, 10, 11], "texture": "#0"},
				"south": {"uv": [5, 5, 6, 11], "texture": "#0"},
				"west": {"uv": [5, 5, 10, 11], "texture": "#0"},
				"up": {"uv": [5, 5, 10, 6], "rotation": 90, "texture": "#0"},
				"down": {"uv": [5, 5, 10, 6], "rotation": 270, "texture": "#0"}
			}
		}
	],
	"display": {
		"firstperson_righthand": {
			"rotation": [0, 122, 0],
			"translation": [0, 5.75, 0]
		},
		"firstperson_lefthand": {
			"rotation": [0, -69, 0],
			"translation": [0, 5.75, 0]
		},
		"ground": {
			"translation": [0, 4.5, 0]
		},
		"gui": {
			"rotation": [44, 41, 0],
			"translation": [0, 2.75, 0]
		},
		"fixed": {
			"rotation": [-90, 0, 0],
			"translation": [0, 6, -20],
			"scale": [2, 2, 2]
		}
	}
}