{
	"credit": "Made with Blockbench",
	"texture_size": [32, 32],
	"textures": {
		"0": "custom/headphones",
		"particle": "custom/headphones"
	},
	"elements": [
		{
			"from": [8, 16, 7],
			"to": [17, 17, 9],
			"rotation": {"angle": 0, "axis": "z", "origin": [-0.5, 11, 8]},
			"faces": {
				"north": {"uv": [7, 2, 11.5, 2.5], "texture": "#0"},
				"east": {"uv": [7, 5, 8, 5.5], "texture": "#0"},
				"south": {"uv": [7, 2.5, 11.5, 3], "texture": "#0"},
				"west": {"uv": [7, 5.5, 8, 6], "texture": "#0"},
				"up": {"uv": [9.5, 1, 5, 0], "texture": "#0"},
				"down": {"uv": [9.5, 1, 5, 2], "texture": "#0"}
			}
		},
		{
			"from": [17, 1, 6],
			"to": [19, 5, 10],
			"rotation": {"angle": 0, "axis": "y", "origin": [16, 0, 0]},
			"faces": {
				"north": {"uv": [3, 7, 4, 9], "texture": "#0"},
				"east": {"uv": [5, 2, 7, 4], "texture": "#0"},
				"south": {"uv": [7, 3, 8, 5], "texture": "#0"},
				"west": {"uv": [3, 5, 5, 7], "texture": "#0"},
				"up": {"uv": [5, 9, 4, 7], "texture": "#0"},
				"down": {"uv": [6, 7, 5, 9], "texture": "#0"}
			}
		},
		{
			"from": [16, 6, 7],
			"to": [17, 16, 9],
			"rotation": {"angle": 0, "axis": "y", "origin": [16, 0, 0]},
			"faces": {
				"north": {"uv": [6, 4, 6.5, 9], "texture": "#0"},
				"east": {"uv": [3, 0, 4, 5], "texture": "#0"},
				"south": {"uv": [6.5, 4, 7, 9], "texture": "#0"},
				"west": {"uv": [4, 0, 5, 5], "texture": "#0"},
				"up": {"uv": [7.5, 7, 7, 6], "texture": "#0"},
				"down": {"uv": [7.5, 7, 7, 8], "texture": "#0"}
			}
		},
		{
			"from": [16, 0, 5],
			"to": [18, 6, 11],
			"rotation": {"angle": 0, "axis": "y", "origin": [16, 0, 0]},
			"faces": {
				"north": {"uv": [5, 4, 6, 7], "texture": "#0"},
				"east": {"uv": [0, 0, 3, 3], "texture": "#0"},
				"south": {"uv": [0, 6, 1, 9], "texture": "#0"},
				"west": {"uv": [0, 3, 3, 6], "texture": "#0"},
				"up": {"uv": [2, 9, 1, 6], "texture": "#0"},
				"down": {"uv": [3, 6, 2, 9], "texture": "#0"}
			}
		},
		{
			"from": [-2, 0, 5],
			"to": [0, 6, 11],
			"faces": {
				"north": {"uv": [6, 4, 5, 7], "texture": "#0"},
				"east": {"uv": [3, 3, 0, 6], "texture": "#0"},
				"south": {"uv": [1, 6, 0, 9], "texture": "#0"},
				"west": {"uv": [3, 0, 0, 3], "texture": "#0"},
				"up": {"uv": [1, 9, 2, 6], "texture": "#0"},
				"down": {"uv": [2, 6, 3, 9], "texture": "#0"}
			}
		},
		{
			"from": [-1, 16, 7],
			"to": [8, 17, 9],
			"rotation": {"angle": 0, "axis": "z", "origin": [16.5, 11, 8]},
			"faces": {
				"north": {"uv": [11.5, 2, 7, 2.5], "texture": "#0"},
				"east": {"uv": [8, 5.5, 7, 6], "texture": "#0"},
				"south": {"uv": [11.5, 2.5, 7, 3], "texture": "#0"},
				"west": {"uv": [8, 5, 7, 5.5], "texture": "#0"},
				"up": {"uv": [5, 1, 9.5, 0], "texture": "#0"},
				"down": {"uv": [5, 1, 9.5, 2], "texture": "#0"}
			}
		},
		{
			"from": [-3, 1, 6],
			"to": [-1, 5, 10],
			"faces": {
				"north": {"uv": [4, 7, 3, 9], "texture": "#0"},
				"east": {"uv": [5, 5, 3, 7], "texture": "#0"},
				"south": {"uv": [8, 3, 7, 5], "texture": "#0"},
				"west": {"uv": [7, 2, 5, 4], "texture": "#0"},
				"up": {"uv": [4, 9, 5, 7], "texture": "#0"},
				"down": {"uv": [5, 7, 6, 9], "texture": "#0"}
			}
		},
		{
			"from": [-1, 6, 7],
			"to": [0, 16, 9],
			"faces": {
				"north": {"uv": [6.5, 4, 6, 9], "texture": "#0"},
				"east": {"uv": [5, 0, 4, 5], "texture": "#0"},
				"south": {"uv": [7, 4, 6.5, 9], "texture": "#0"},
				"west": {"uv": [4, 0, 3, 5], "texture": "#0"},
				"up": {"uv": [7, 7, 7.5, 6], "texture": "#0"},
				"down": {"uv": [7, 7, 7.5, 8], "texture": "#0"}
			}
		}
	],
	"display": {
		"thirdperson_righthand": {
			"rotation": [105, 25, 0],
			"translation": [0, -0.75, -2.25],
			"scale": [0.3, 0.3, 0.3]
		},
		"thirdperson_lefthand": {
			"rotation": [105, 25, 0],
			"translation": [0, -0.75, -2.25],
			"scale": [0.3, 0.3, 0.3]
		},
		"firstperson_righthand": {
			"rotation": [-25, 35, -15],
			"translation": [0, 3.5, 0],
			"scale": [0.6, 0.6, 0.6]
		},
		"firstperson_lefthand": {
			"rotation": [-25, 35, -15],
			"translation": [0, 3.5, 0],
			"scale": [0.6, 0.6, 0.6]
		},
		"ground": {
			"rotation": [90, 0, 0],
			"translation": [0, -1, 0],
			"scale": [0.5, 0.5, 0.5]
		},
		"gui": {
			"rotation": [25, 35, 0],
			"scale": [0.6, 0.6, 0.6]
		},
		"head": {
			"rotation": [5, 0, 0],
			"translation": [0, 1.5, 0.5],
			"scale": [0.8, 0.8, 0.8]
		},
		"fixed": {
			"rotation": [7, 0, 17],
			"translation": [0, 0, -2.75]
		}
	}
}