{
	"credit": "Made with Blockbench",
	"textures": {
		"0": "block/black_concrete",
		"particle": "block/black_concrete"
	},
	"elements": [
		{
			"from": [7, 0, 0],
			"to": [9, 12, 4],
			"rotation": {"angle": -22.5, "axis": "x", "origin": [8, 2, 2]},
			"faces": {
				"north": {"uv": [0, 0, 2, 12], "texture": "#0"},
				"east": {"uv": [0, 0, 4, 12], "texture": "#0"},
				"south": {"uv": [0, 0, 2, 12], "texture": "#0"},
				"west": {"uv": [0, 0, 4, 12], "texture": "#0"},
				"up": {"uv": [0, 0, 2, 4], "texture": "#0"},
				"down": {"uv": [0, 0, 2, 4], "texture": "#0"}
			}
		},
		{
			"from": [7.01, 2, 0],
			"to": [8.99, 12, 4],
			"rotation": {"angle": 0, "axis": "x", "origin": [8, 2, 2]},
			"faces": {
				"north": {"uv": [0, 0, 1.98, 10], "texture": "#0"},
				"east": {"uv": [0, 0, 4, 10], "texture": "#0"},
				"south": {"uv": [0, 0, 1.98, 10], "texture": "#0"},
				"west": {"uv": [0, 0, 4, 10], "texture": "#0"},
				"up": {"uv": [0, 0, 1.98, 4], "texture": "#0"},
				"down": {"uv": [0, 0, 1.98, 4], "texture": "#0"}
			}
		},
		{
			"from": [7.01, 0, 2],
			"to": [8.99, 8, 14],
			"rotation": {"angle": 0, "axis": "x", "origin": [8, 2, 2]},
			"faces": {
				"north": {"uv": [0, 0, 1.98, 8], "texture": "#0"},
				"east": {"uv": [0, 0, 12, 8], "texture": "#0"},
				"south": {"uv": [0, 0, 1.98, 8], "texture": "#0"},
				"west": {"uv": [0, 0, 12, 8], "texture": "#0"},
				"up": {"uv": [0, 0, 1.98, 12], "texture": "#0"},
				"down": {"uv": [0, 0, 1.98, 12], "texture": "#0"}
			}
		},
		{
			"from": [7.01, 3.25, 4.925],
			"to": [8.99, 13.25, 8.925],
			"rotation": {"angle": 0, "axis": "x", "origin": [8, 2, 2]},
			"faces": {
				"north": {"uv": [0, 0, 1.98, 10], "texture": "#0"},
				"east": {"uv": [0, 0, 4, 10], "texture": "#0"},
				"south": {"uv": [0, 0, 1.98, 10], "texture": "#0"},
				"west": {"uv": [0, 0, 4, 10], "texture": "#0"},
				"up": {"uv": [0, 0, 1.98, 4], "texture": "#0"},
				"down": {"uv": [0, 0, 1.98, 4], "texture": "#0"}
			}
		},
		{
			"from": [7, -0.75, 5],
			"to": [9, 11.25, 9],
			"rotation": {"angle": -22.5, "axis": "x", "origin": [8, 2, 2]},
			"faces": {
				"north": {"uv": [0, 0, 2, 12], "texture": "#0"},
				"east": {"uv": [0, 0, 4, 12], "texture": "#0"},
				"south": {"uv": [0, 0, 2, 12], "texture": "#0"},
				"west": {"uv": [0, 0, 4, 12], "texture": "#0"},
				"up": {"uv": [0, 0, 2, 4], "texture": "#0"},
				"down": {"uv": [0, 0, 2, 4], "texture": "#0"}
			}
		},
		{
			"from": [7, -0.75, 4.75],
			"to": [9, 11.25, 8.75],
			"rotation": {"angle": 22.5, "axis": "x", "origin": [8, 2, 11.75]},
			"faces": {
				"north": {"uv": [2, 0, 4, 12], "texture": "#0"},
				"east": {"uv": [4, 0, 8, 12], "texture": "#0"},
				"south": {"uv": [2, 0, 4, 12], "texture": "#0"},
				"west": {"uv": [4, 0, 8, 12], "texture": "#0"},
				"up": {"uv": [0, 4, 2, 8], "texture": "#0"},
				"down": {"uv": [0, 4, 2, 8], "texture": "#0"}
			}
		},
		{
			"from": [7.01, 2, 9.75],
			"to": [8.99, 12, 13.75],
			"rotation": {"angle": 0, "axis": "x", "origin": [8, 2, 11.75]},
			"faces": {
				"north": {"uv": [1.98, 0, 3.96, 10], "texture": "#0"},
				"east": {"uv": [4, 0, 8, 10], "texture": "#0"},
				"south": {"uv": [1.98, 0, 3.96, 10], "texture": "#0"},
				"west": {"uv": [4, 0, 8, 10], "texture": "#0"},
				"up": {"uv": [0, 4, 1.98, 8], "texture": "#0"},
				"down": {"uv": [0, 4, 1.98, 8], "texture": "#0"}
			}
		},
		{
			"from": [7, 0, 9.75],
			"to": [9, 12, 13.75],
			"rotation": {"angle": 22.5, "axis": "x", "origin": [8, 2, 11.75]},
			"faces": {
				"north": {"uv": [2, 0, 4, 12], "texture": "#0"},
				"east": {"uv": [4, 0, 8, 12], "texture": "#0"},
				"south": {"uv": [2, 0, 4, 12], "texture": "#0"},
				"west": {"uv": [4, 0, 8, 12], "texture": "#0"},
				"up": {"uv": [0, 4, 2, 8], "texture": "#0"},
				"down": {"uv": [0, 4, 2, 8], "texture": "#0"}
			}
		},
		{
			"from": [7, 0, 9.75],
			"to": [9, 12, 13.75],
			"rotation": {"angle": 45, "axis": "x", "origin": [8, 2, 11.75]},
			"faces": {
				"north": {"uv": [2, 0, 4, 12], "texture": "#0"},
				"east": {"uv": [4, 0, 8, 12], "texture": "#0"},
				"south": {"uv": [2, 0, 4, 12], "texture": "#0"},
				"west": {"uv": [4, 0, 8, 12], "texture": "#0"},
				"up": {"uv": [0, 4, 2, 8], "texture": "#0"},
				"down": {"uv": [0, 4, 2, 8], "texture": "#0"}
			}
		},
		{
			"from": [7, 0, 9.75],
			"to": [9, 4, 21.75],
			"rotation": {"angle": -22.5, "axis": "x", "origin": [8, 2, 11.75]},
			"faces": {
				"north": {"uv": [0, 4, 2, 8], "rotation": 180, "texture": "#0"},
				"east": {"uv": [4, 0, 8, 12], "rotation": 270, "texture": "#0"},
				"south": {"uv": [0, 4, 2, 8], "texture": "#0"},
				"west": {"uv": [4, 0, 8, 12], "rotation": 90, "texture": "#0"},
				"up": {"uv": [2, 0, 4, 12], "rotation": 180, "texture": "#0"},
				"down": {"uv": [2, 0, 4, 12], "texture": "#0"}
			}
		},
		{
			"from": [7, 0, 9.75],
			"to": [9, 4, 21.75],
			"rotation": {"angle": 0, "axis": "x", "origin": [8, 2, 11.75]},
			"faces": {
				"north": {"uv": [0, 4, 2, 8], "rotation": 180, "texture": "#0"},
				"east": {"uv": [4, 0, 8, 12], "rotation": 270, "texture": "#0"},
				"south": {"uv": [0, 4, 2, 8], "texture": "#0"},
				"west": {"uv": [4, 0, 8, 12], "rotation": 90, "texture": "#0"},
				"up": {"uv": [2, 0, 4, 12], "rotation": 180, "texture": "#0"},
				"down": {"uv": [2, 0, 4, 12], "texture": "#0"}
			}
		},
		{
			"from": [7, -3.75, 9.75],
			"to": [9, 0.25, 21.75],
			"rotation": {"angle": 22.5, "axis": "x", "origin": [8, -1.75, 12]},
			"faces": {
				"north": {"uv": [0, 4, 2, 8], "rotation": 180, "texture": "#0"},
				"east": {"uv": [4, 0, 8, 12], "rotation": 270, "texture": "#0"},
				"south": {"uv": [0, 4, 2, 8], "texture": "#0"},
				"west": {"uv": [4, 0, 8, 12], "rotation": 90, "texture": "#0"},
				"up": {"uv": [2, 0, 4, 12], "rotation": 180, "texture": "#0"},
				"down": {"uv": [2, 0, 4, 12], "texture": "#0"}
			}
		},
		{
			"from": [7, -3.75, 9.75],
			"to": [9, 0.25, 21.75],
			"rotation": {"angle": 45, "axis": "x", "origin": [8, -1.75, 12]},
			"faces": {
				"north": {"uv": [0, 4, 2, 8], "rotation": 180, "texture": "#0"},
				"east": {"uv": [4, 0, 8, 12], "rotation": 270, "texture": "#0"},
				"south": {"uv": [0, 4, 2, 8], "texture": "#0"},
				"west": {"uv": [4, 0, 8, 12], "rotation": 90, "texture": "#0"},
				"up": {"uv": [2, 0, 4, 12], "rotation": 180, "texture": "#0"},
				"down": {"uv": [2, 0, 4, 12], "texture": "#0"}
			}
		},
		{
			"from": [7, -7.75, 9.75],
			"to": [9, -3.75, 21.75],
			"rotation": {"angle": 45, "axis": "x", "origin": [8, -1.75, 12]},
			"faces": {
				"north": {"uv": [0, 4, 2, 8], "rotation": 180, "texture": "#0"},
				"east": {"uv": [4, 0, 8, 12], "rotation": 270, "texture": "#0"},
				"south": {"uv": [0, 4, 2, 8], "texture": "#0"},
				"west": {"uv": [4, 0, 8, 12], "rotation": 90, "texture": "#0"},
				"up": {"uv": [2, 0, 4, 12], "rotation": 180, "texture": "#0"},
				"down": {"uv": [2, 0, 4, 12], "texture": "#0"}
			}
		},
		{
			"from": [7, -8.75, 3.25],
			"to": [9, -0.75, 15.25],
			"rotation": {"angle": 45, "axis": "x", "origin": [8, -1.75, 12]},
			"faces": {
				"north": {"uv": [0, 4, 2, 12], "rotation": 180, "texture": "#0"},
				"east": {"uv": [4, 0, 12, 12], "rotation": 270, "texture": "#0"},
				"south": {"uv": [0, 4, 2, 12], "texture": "#0"},
				"west": {"uv": [4, 0, 12, 12], "rotation": 90, "texture": "#0"},
				"up": {"uv": [2, 0, 4, 12], "rotation": 180, "texture": "#0"},
				"down": {"uv": [2, 0, 4, 12], "texture": "#0"}
			}
		},
		{
			"from": [7, -4, 9.75],
			"to": [9, 0, 21.75],
			"rotation": {"angle": 0, "axis": "x", "origin": [8, 2, 11.75]},
			"faces": {
				"north": {"uv": [0, 4, 2, 8], "rotation": 180, "texture": "#0"},
				"east": {"uv": [4, 0, 8, 12], "rotation": 270, "texture": "#0"},
				"south": {"uv": [0, 4, 2, 8], "texture": "#0"},
				"west": {"uv": [4, 0, 8, 12], "rotation": 90, "texture": "#0"},
				"up": {"uv": [2, 0, 4, 12], "rotation": 180, "texture": "#0"},
				"down": {"uv": [2, 0, 4, 12], "texture": "#0"}
			}
		}
	],
	"display": {
		"thirdperson_righthand": {
			"rotation": [-90, 0, 0],
			"translation": [0, -2, -1.5],
			"scale": [0.2, 0.2, 0.2]
		},
		"thirdperson_lefthand": {
			"rotation": [-90, 0, 0],
			"translation": [0, -2, -1],
			"scale": [0.2, 0.2, 0.2]
		},
		"firstperson_righthand": {
			"translation": [-9, 6, 0]
		},
		"firstperson_lefthand": {
			"translation": [-9, 6, 0]
		},
		"ground": {
			"scale": [0.3, 0.3, 0.3]
		},
		"gui": {
			"rotation": [-54, 115, -2],
			"translation": [-0.75, 2.75, 0],
			"scale": [0.6, 0.6, 0.6]
		},
		"head": {
			"translation": [0, 11.75, 0.75],
			"scale": [0.8, 0.8, 0.8]
		},
		"fixed": {
			"rotation": [-102, 19, 53],
			"translation": [-6.25, 1.25, -12.25],
			"scale": [1.8, 1.8, 1.8]
		}
	}
}