{
	"credit": "Made with Blockbench",
	"texture_size": [128, 128],
	"textures": {
		"0": "custom/warden",
		"particle": "custom/warden"
	},
	"elements": [
		{
			"from": [0, 0, 3],
			"to": [16, 16, 13],
			"faces": {
				"north": {"uv": [1.25, 5.25, 3.25, 7.25], "texture": "#0"},
				"east": {"uv": [0, 5.25, 1.25, 7.25], "texture": "#0"},
				"south": {"uv": [4.5, 5.25, 6.5, 7.25], "texture": "#0"},
				"west": {"uv": [3.25, 5.25, 4.5, 7.25], "texture": "#0"},
				"up": {"uv": [1.25, 4, 3.25, 5.25], "texture": "#0"},
				"down": {"uv": [3.25, 4, 5.25, 5.25], "texture": "#0"}
			}
		},
		{
			"from": [16, 9, 9],
			"to": [32, 25, 9],
			"faces": {
				"north": {"uv": [6.5, 4.25, 8.5, 6.25], "texture": "#0"},
				"east": {"uv": [0, 0, 0, 2], "texture": "#0"},
				"south": {"uv": [8.5, 4.25, 6.5, 6.25], "texture": "#0"},
				"west": {"uv": [0, 0, 0, 2], "texture": "#0"},
				"up": {"uv": [0, 0, 2, 0], "texture": "#0"},
				"down": {"uv": [0, 0, 2, 0], "texture": "#0"}
			}
		},
		{
			"from": [-16, 9, 9],
			"to": [0, 25, 9],
			"faces": {
				"north": {"uv": [7.25, 0.25, 9.25, 2.25], "texture": "#0"},
				"east": {"uv": [0, 0, 0, 2], "texture": "#0"},
				"south": {"uv": [9.25, 0.25, 7.25, 2.25], "texture": "#0"},
				"west": {"uv": [0, 0, 0, 2], "texture": "#0"},
				"up": {"uv": [0, 0, 2, 0], "texture": "#0"},
				"down": {"uv": [0, 0, 2, 0], "texture": "#0"}
			}
		}
	],
	"display": {
		"thirdperson_righthand": {
			"rotation": [-90, -180, 0],
			"translation": [0, -2, -1],
			"scale": [0.5, 0.5, 0.5]
		},
		"thirdperson_lefthand": {
			"rotation": [-90, -180, 0],
			"translation": [0, -2, -1],
			"scale": [0.5, 0.5, 0.5]
		},
		"firstperson_righthand": {
			"rotation": [0, 145, 0],
			"translation": [0, 2.5, 0],
			"scale": [0.3, 0.3, 0.3]
		},
		"firstperson_lefthand": {
			"rotation": [0, 145, 0],
			"translation": [0, 2.5, 0],
			"scale": [0.3, 0.3, 0.3]
		},
		"ground": {
			"translation": [0, 2, 0],
			"scale": [0.6, 0.6, 0.6]
		},
		"gui": {
			"rotation": [30, 145, 0],
			"translation": [-0.25, -1.25, 0],
			"scale": [0.5, 0.5, 0.5]
		},
		"head": {
			"translation": [0, 3.5, 0],
			"scale": [1.5, 1.5, 1.5]
		},
		"fixed": {
			"rotation": [-81, 14, 0],
			"translation": [0, 1.25, -11.25],
			"scale": [1.5, 1.5, 1.5]
		}
	}
}