{
	"credit": "Made with Blockbench",
	"texture_size": [128, 64],
	"textures": {
		"0": "custom/turtle",
		"1": "people/murtletheturtle"
	},
	"elements": [
		{
			"name": "head",
			"from": [13, 1, -13],
			"to": [19, 6, -7],
			"faces": {
				"north": {"uv": [1.125, 1.5, 1.875, 2.75], "texture": "#0"},
				"east": {"uv": [0.375, 1.5, 1.125, 2.75], "texture": "#0"},
				"south": {"uv": [2.625, 1.5, 3.375, 2.75], "texture": "#0"},
				"west": {"uv": [1.875, 1.5, 2.625, 2.75], "texture": "#0"},
				"up": {"uv": [1.125, 0, 1.875, 1.5], "rotation": 180, "texture": "#0"},
				"down": {"uv": [1.875, 0, 2.625, 1.5], "texture": "#0"}
			}
		},
		{
			"name": "body_rotation",
			"from": [6.5, 4, -7],
			"to": [25.5, 10, 13],
			"faces": {
				"north": {"uv": [1.625, 9.25, 4, 10.75], "texture": "#0"},
				"east": {"uv": [0.875, 10.75, 1.625, 15.75], "rotation": 90, "texture": "#0"},
				"south": {"uv": [4, 9.25, 6.375, 10.75], "texture": "#0"},
				"west": {"uv": [4, 10.75, 4.75, 15.75], "rotation": 270, "texture": "#0"},
				"up": {"uv": [4.75, 10.75, 7.125, 15.75], "rotation": 180, "texture": "#0"},
				"down": {"uv": [1.625, 11, 4, 15.75], "texture": "#0"}
			}
		},
		{
			"name": "body_rotation",
			"from": [10.5, 1, -7],
			"to": [21.5, 4, 11],
			"faces": {
				"north": {"uv": [4.25, 0.25, 5.625, 1], "texture": "#0"},
				"east": {"uv": [3.875, 1, 4.25, 5.5], "rotation": 90, "texture": "#0"},
				"south": {"uv": [5.625, 0.25, 7, 1], "texture": "#0"},
				"west": {"uv": [5.625, 0.75, 6, 5.25], "rotation": 270, "texture": "#0"},
				"up": {"uv": [6, 1, 7.375, 5.5], "rotation": 180, "texture": "#0"},
				"down": {"uv": [4.25, 1, 5.625, 5.5], "texture": "#0"}
			}
		},
		{
			"name": "body2_rotation",
			"from": [11.5, 0, -7],
			"to": [20.5, 1, 11],
			"faces": {
				"north": {"uv": [8.875, 8.25, 10, 8.5], "rotation": 180, "texture": "#0"},
				"east": {"uv": [8.75, 8.5, 8.875, 13], "rotation": 270, "texture": "#0"},
				"south": {"uv": [10, 8.25, 11.125, 8.5], "texture": "#0"},
				"west": {"uv": [10, 8.5, 10.125, 13], "rotation": 90, "texture": "#0"},
				"up": {"uv": [10.125, 8.5, 11.25, 13], "rotation": 180, "texture": "#0"},
				"down": {"uv": [8.875, 8.5, 10, 13], "texture": "#0"}
			}
		},
		{
			"name": "leg1",
			"from": [17.5, 1, 11],
			"to": [21.5, 2, 21],
			"faces": {
				"north": {"uv": [4, 7.5, 6.125, 7.5], "texture": "#0"},
				"east": {"uv": [0.125, 5.5, 1.375, 5.75], "rotation": 180, "texture": "#0"},
				"south": {"uv": [1.875, 5.5, 2.375, 5.75], "texture": "#0"},
				"west": {"uv": [2.375, 5.5, 3.625, 5.75], "rotation": 180, "texture": "#0"},
				"up": {"uv": [1.375, 3, 1.875, 5.5], "texture": "#0"},
				"down": {"uv": [1.875, 3, 2.375, 5.5], "rotation": 180, "texture": "#0"}
			}
		},
		{
			"name": "leg2",
			"from": [10.5, 1, 11],
			"to": [14.5, 2, 21],
			"faces": {
				"north": {"uv": [4, 7.5, 6.125, 7.5], "texture": "#0"},
				"east": {"uv": [0.125, 5.5, 1.375, 5.75], "rotation": 180, "texture": "#0"},
				"south": {"uv": [1.875, 5.5, 2.375, 5.75], "texture": "#0"},
				"west": {"uv": [2.375, 5.5, 3.625, 5.75], "rotation": 180, "texture": "#0"},
				"up": {"uv": [1.375, 3, 1.875, 5.5], "texture": "#0"},
				"down": {"uv": [1.875, 3, 2.375, 5.5], "rotation": 180, "texture": "#0"}
			}
		},
		{
			"name": "leg3",
			"from": [0.5, 2, -6],
			"to": [10.5, 3, -2],
			"rotation": {"angle": 0, "axis": "y", "origin": [-3.5, 1.5, 0]},
			"faces": {
				"north": {"uv": [2.375, 5.5, 3.625, 5.75], "rotation": 180, "texture": "#0"},
				"east": {"uv": [4, 7.5, 6.125, 7.5], "texture": "#0"},
				"south": {"uv": [0.125, 5.5, 1.375, 5.75], "rotation": 180, "texture": "#0"},
				"west": {"uv": [1.875, 5.5, 2.375, 5.75], "texture": "#0"},
				"up": {"uv": [1.375, 3, 1.875, 5.5], "rotation": 90, "texture": "#0"},
				"down": {"uv": [1.875, 3, 2.375, 5.5], "rotation": 90, "texture": "#0"}
			}
		},
		{
			"name": "leg4",
			"from": [21.5, 2, -6],
			"to": [31.5, 3, -2],
			"rotation": {"angle": 0, "axis": "y", "origin": [15.5, 2.5, -4]},
			"faces": {
				"north": {"uv": [0.125, 5.5, 1.375, 5.75], "rotation": 180, "texture": "#0"},
				"east": {"uv": [1.875, 5.5, 2.375, 5.75], "texture": "#0"},
				"south": {"uv": [2.375, 5.5, 3.625, 5.75], "rotation": 180, "texture": "#0"},
				"west": {"uv": [4, 7.5, 6.125, 7.5], "texture": "#0"},
				"up": {"uv": [1.375, 3, 1.875, 5.5], "rotation": 270, "texture": "#0"},
				"down": {"uv": [1.875, 3, 2.375, 5.5], "rotation": 270, "texture": "#0"}
			}
		},
		{
			"name": "head",
			"from": [-7, 17.5, -2],
			"to": [1, 25.5, 6],
			"rotation": {"angle": -22.5, "axis": "y", "origin": [-3, 21.5, 2]},
			"faces": {
				"north": {"uv": [2, 2, 4, 4], "texture": "#1"},
				"east": {"uv": [0, 2, 2, 4], "texture": "#1"},
				"south": {"uv": [6, 2, 8, 4], "texture": "#1"},
				"west": {"uv": [4, 2, 6, 4], "texture": "#1"},
				"up": {"uv": [4, 2, 2, 0], "texture": "#1"},
				"down": {"uv": [6, 0, 4, 2], "texture": "#1"}
			}
		},
		{
			"name": "body",
			"from": [-7, 5.5, 0],
			"to": [1, 17.5, 4],
			"rotation": {"angle": 0, "axis": "y", "origin": [-11, -6, -6]},
			"faces": {
				"north": {"uv": [5, 5, 7, 7.98], "texture": "#1"},
				"east": {"uv": [4, 5, 5, 8], "texture": "#1"},
				"south": {"uv": [8, 5, 10, 8], "texture": "#1"},
				"west": {"uv": [7, 5, 8, 7.98], "texture": "#1"},
				"up": {"uv": [7, 5, 5, 4], "texture": "#1"},
				"down": {"uv": [9, 4, 7, 5], "texture": "#1"}
			}
		},
		{
			"name": "right_arm",
			"from": [5.25, 4.75, 0],
			"to": [9.25, 16.75, 4],
			"rotation": {"angle": 45, "axis": "z", "origin": [2.9975, 11.5, 2]},
			"faces": {
				"north": {"uv": [11, 5, 12, 8], "texture": "#1"},
				"east": {"uv": [10, 5, 11, 8], "texture": "#1"},
				"south": {"uv": [13, 5, 14, 8], "texture": "#1"},
				"west": {"uv": [12, 5, 13, 8], "texture": "#1"},
				"up": {"uv": [12, 5, 11, 4], "texture": "#1"},
				"down": {"uv": [13, 4, 12, 5], "texture": "#1"}
			}
		},
		{
			"name": "left_arm",
			"from": [-11, 5.5, 0],
			"to": [-7, 17.5, 4],
			"rotation": {"angle": 0, "axis": "y", "origin": [-11, -6, -6]},
			"faces": {
				"north": {"uv": [9, 13, 10, 16], "texture": "#1"},
				"east": {"uv": [8, 13, 9, 16], "texture": "#1"},
				"south": {"uv": [11, 13, 12, 16], "texture": "#1"},
				"west": {"uv": [10, 13, 11, 16], "texture": "#1"},
				"up": {"uv": [10, 13, 9, 12], "texture": "#1"},
				"down": {"uv": [11, 12, 10, 13], "texture": "#1"}
			}
		},
		{
			"name": "right_leg",
			"from": [-3, 2.5, -7],
			"to": [1, 6.5, 5],
			"rotation": {"angle": -22.5, "axis": "x", "origin": [-1, -0.5, 2]},
			"faces": {
				"north": {"uv": [3, 4, 2, 5], "rotation": 180, "texture": "#1"},
				"east": {"uv": [0, 5, 1, 8], "rotation": 270, "texture": "#1"},
				"south": {"uv": [2, 5, 1, 4], "texture": "#1"},
				"west": {"uv": [2, 5, 3, 8], "rotation": 90, "texture": "#1"},
				"up": {"uv": [1, 5, 2, 8], "rotation": 180, "texture": "#1"},
				"down": {"uv": [3, 5, 4, 8], "texture": "#1"}
			}
		},
		{
			"name": "left_leg",
			"from": [-7, 2.5, -7],
			"to": [-3, 6.5, 5],
			"rotation": {"angle": -22.5, "axis": "x", "origin": [-5, -0.5, 2]},
			"faces": {
				"north": {"uv": [7, 12, 6, 13], "rotation": 180, "texture": "#1"},
				"east": {"uv": [4, 13, 5, 16], "rotation": 270, "texture": "#1"},
				"south": {"uv": [6, 13, 5, 12], "texture": "#1"},
				"west": {"uv": [6, 13, 7, 16], "rotation": 90, "texture": "#1"},
				"up": {"uv": [5, 13, 6, 16], "rotation": 180, "texture": "#1"},
				"down": {"uv": [7, 13, 8, 16], "texture": "#1"}
			}
		},
		{
			"name": "head_2nd_layer",
			"from": [-7.5, 17, -2.5],
			"to": [1.5, 26, 6.5],
			"rotation": {"angle": -22.5, "axis": "y", "origin": [-3, 21.5, 2]},
			"faces": {
				"north": {"uv": [10, 2, 12, 4], "texture": "#1"},
				"east": {"uv": [8, 2, 10, 4], "texture": "#1"},
				"south": {"uv": [14, 2, 16, 4], "texture": "#1"},
				"west": {"uv": [12, 2, 14, 4], "texture": "#1"},
				"up": {"uv": [12, 2, 10, 0], "texture": "#1"},
				"down": {"uv": [14, 0, 12, 2], "texture": "#1"}
			}
		},
		{
			"name": "body_2nd_layer",
			"from": [-7, 5.02, -0.5],
			"to": [1, 18.03, 4.5],
			"rotation": {"angle": 0, "axis": "y", "origin": [-11, -6, -6]},
			"faces": {
				"north": {"uv": [5, 9, 7, 12], "texture": "#1"},
				"east": {"uv": [4, 9, 5, 12], "texture": "#1"},
				"south": {"uv": [8, 9, 10, 12], "texture": "#1"},
				"west": {"uv": [7, 9, 8, 12], "texture": "#1"},
				"up": {"uv": [7, 9, 5, 8], "texture": "#1"},
				"down": {"uv": [9, 8, 7, 9], "texture": "#1"}
			}
		},
		{
			"name": "right_arm_2nd_layer",
			"from": [4.75, 4.25, -0.5],
			"to": [9.74, 17.25, 4.5],
			"rotation": {"angle": 45, "axis": "z", "origin": [2.9975, 11.5, 2]},
			"faces": {
				"north": {"uv": [11, 9, 12, 12], "texture": "#1"},
				"east": {"uv": [10, 9, 11, 12], "texture": "#1"},
				"south": {"uv": [13, 9, 14, 12], "texture": "#1"},
				"west": {"uv": [12, 9, 13, 12], "texture": "#1"},
				"up": {"uv": [12, 9, 11, 8], "texture": "#1"},
				"down": {"uv": [13, 8, 12, 9], "texture": "#1"}
			}
		},
		{
			"name": "left_arm_2nd_layer",
			"from": [-11.5, 5, -0.5],
			"to": [-6.5, 18, 4.5],
			"rotation": {"angle": 0, "axis": "y", "origin": [-11, -6, -6]},
			"faces": {
				"north": {"uv": [13, 13, 14, 16], "texture": "#1"},
				"east": {"uv": [12, 13, 13, 16], "texture": "#1"},
				"south": {"uv": [15, 13, 16, 16], "texture": "#1"},
				"west": {"uv": [14, 13, 15, 16], "texture": "#1"},
				"up": {"uv": [14, 13, 13, 12], "texture": "#1"},
				"down": {"uv": [15, 12, 14, 13], "texture": "#1"}
			}
		},
		{
			"name": "right_leg_2nd_layer",
			"from": [-3.5, 2, -7.5],
			"to": [1.5, 7, 5.5],
			"rotation": {"angle": -22.5, "axis": "x", "origin": [-1, -0.5, 2]},
			"faces": {
				"north": {"uv": [3, 8, 2, 9], "rotation": 180, "texture": "#1"},
				"east": {"uv": [0, 9, 1, 12], "rotation": 270, "texture": "#1"},
				"south": {"uv": [2, 9, 1, 8], "texture": "#1"},
				"west": {"uv": [2, 9, 3, 12], "rotation": 90, "texture": "#1"},
				"up": {"uv": [1, 9, 2, 12], "rotation": 180, "texture": "#1"},
				"down": {"uv": [3, 9, 4, 12], "texture": "#1"}
			}
		},
		{
			"name": "left_leg_2nd_layer",
			"from": [-7.5, 2, -7.5],
			"to": [-2.5, 7, 5.5],
			"rotation": {"angle": -22.5, "axis": "x", "origin": [-5, -0.5, 2]},
			"faces": {
				"north": {"uv": [3, 12, 2, 13], "rotation": 180, "texture": "#1"},
				"east": {"uv": [0, 13, 1, 16], "rotation": 270, "texture": "#1"},
				"south": {"uv": [2, 12, 1, 11], "texture": "#1"},
				"west": {"uv": [2, 13, 3, 16], "rotation": 90, "texture": "#1"},
				"up": {"uv": [1, 13, 2, 16], "rotation": 180, "texture": "#1"},
				"down": {"uv": [3, 13, 4, 16], "texture": "#1"}
			}
		}
	],
	"display": {
		"thirdperson_righthand": {
			"scale": [0.2, 0.2, 0.2]
		},
		"thirdperson_lefthand": {
			"scale": [0.2, 0.2, 0.2]
		},
		"firstperson_righthand": {
			"scale": [0.4, 0.4, 0.4]
		},
		"firstperson_lefthand": {
			"scale": [0.4, 0.4, 0.4]
		},
		"ground": {
			"scale": [0.4, 0.4, 0.4]
		},
		"gui": {
			"rotation": [25, -135, 0],
			"translation": [-1, -0.5, 0],
			"scale": [0.4, 0.4, 0.4]
		},
		"head": {
			"translation": [-0.25, 8.25, -3.75],
			"scale": [0.2, 0.2, 0.2]
		},
		"fixed": {
			"scale": [0.3, 0.3, 0.3]
		}
	},
	"groups": [
		{
			"name": "group",
			"origin": [0, 5, -10],
			"color": 0,
			"children": [
				{
					"name": "head",
					"origin": [0, 5, -10],
					"color": 0,
					"children": [0]
				},
				{
					"name": "body",
					"origin": [0, 13, -10],
					"color": 0,
					"children": [
						{
							"name": "body_rotation",
							"origin": [0, 13, -10],
							"rotation": [-90, 0, 0],
							"color": 0,
							"children": [1, 2]
						}
					]
				},
				{
					"name": "body2",
					"origin": [0, 13, -10],
					"color": 0,
					"children": [
						{
							"name": "body2_rotation",
							"origin": [0, 13, -10],
							"rotation": [-90, 0, 0],
							"color": 0,
							"children": [3]
						}
					]
				},
				{
					"name": "leg1",
					"origin": [-3.5, 2, 11],
					"color": 0,
					"children": [4]
				},
				{
					"name": "leg1",
					"origin": [-3.5, 2, 11],
					"color": 0,
					"children": [5, 6, 7]
				}
			]
		},
		{
			"name": "murtle",
			"origin": [8, 8, 8],
			"color": 0,
			"children": [
				{
					"name": "steve",
					"origin": [8, 8, 8],
					"color": 0,
					"children": [8, 9, 10, 11, 12, 13, 14, 15, 16, 17, 18, 19]
				}
			]
		}
	]
}