{
	"credit": "Made with Blockbench",
	"textures": {
		"0": "block/black_concrete",
		"1": "block/red_terracotta",
		"2": "people/tigerjess12",
		"particle": "block/black_concrete"
	},
	"elements": [
		{
			"name": "head",
			"from": [-3.375, 8.775, -4.475],
			"to": [-1.375, 10.775, -2.475],
			"faces": {
				"north": {"uv": [2, 2, 4, 4], "texture": "#2"},
				"east": {"uv": [0, 2, 2, 4], "texture": "#2"},
				"south": {"uv": [6, 2, 8, 4], "texture": "#2"},
				"west": {"uv": [4, 2, 6, 4], "texture": "#2"},
				"up": {"uv": [4, 2, 2, 0], "texture": "#2"},
				"down": {"uv": [6, 0, 4, 2], "texture": "#2"}
			}
		},
		{
			"name": "body",
			"from": [-3.35, 5.5, -4],
			"to": [-1.35, 8.5, -3],
			"faces": {
				"north": {"uv": [5, 5, 7, 7.98], "texture": "#2"},
				"east": {"uv": [4, 5, 5, 8], "texture": "#2"},
				"south": {"uv": [8, 5, 10, 8], "texture": "#2"},
				"west": {"uv": [7, 5, 8, 7.98], "texture": "#2"},
				"up": {"uv": [7, 5, 5, 4], "texture": "#2"},
				"down": {"uv": [9, 4, 7, 5], "texture": "#2"}
			}
		},
		{
			"name": "right_arm",
			"from": [-0.7625, 5.7, -4],
			"to": [0.2375, 8.7, -3],
			"rotation": {"angle": 22.5, "axis": "z", "origin": [-0.7, 7.10625, -3.5]},
			"faces": {
				"north": {"uv": [11, 5, 12, 8], "texture": "#2"},
				"east": {"uv": [10, 5, 11, 8], "texture": "#2"},
				"south": {"uv": [13, 5, 14, 8], "texture": "#2"},
				"west": {"uv": [12, 5, 13, 8], "texture": "#2"},
				"up": {"uv": [12, 5, 11, 4], "texture": "#2"},
				"down": {"uv": [13, 4, 12, 5], "texture": "#2"}
			}
		},
		{
			"name": "left_arm",
			"from": [-4.475, 5.575, -4],
			"to": [-3.475, 8.575, -3],
			"faces": {
				"north": {"uv": [9, 13, 10, 16], "texture": "#2"},
				"east": {"uv": [8, 13, 9, 16], "texture": "#2"},
				"south": {"uv": [11, 13, 12, 16], "texture": "#2"},
				"west": {"uv": [10, 13, 11, 16], "texture": "#2"},
				"up": {"uv": [10, 13, 9, 12], "texture": "#2"},
				"down": {"uv": [11, 12, 10, 13], "texture": "#2"}
			}
		},
		{
			"name": "right_leg",
			"from": [-2.225, 2.25, -4],
			"to": [-1.225, 5.25, -3],
			"faces": {
				"north": {"uv": [1, 5, 2, 8], "texture": "#2"},
				"east": {"uv": [0, 5, 1, 8], "texture": "#2"},
				"south": {"uv": [3, 5, 4, 8], "texture": "#2"},
				"west": {"uv": [2, 5, 3, 8], "texture": "#2"},
				"up": {"uv": [2, 5, 1, 4], "texture": "#2"},
				"down": {"uv": [3, 4, 2, 5], "texture": "#2"}
			}
		},
		{
			"name": "left_leg",
			"from": [-3.5, 2.25, -4],
			"to": [-2.5, 5.25, -3],
			"faces": {
				"north": {"uv": [5, 13, 6, 16], "texture": "#2"},
				"east": {"uv": [4, 13, 5, 16], "texture": "#2"},
				"south": {"uv": [7, 13, 8, 16], "texture": "#2"},
				"west": {"uv": [6, 13, 7, 16], "texture": "#2"},
				"up": {"uv": [6, 13, 5, 12], "texture": "#2"},
				"down": {"uv": [7, 12, 6, 13], "texture": "#2"}
			}
		},
		{
			"name": "head_2nd_layer",
			"from": [-3.5, 8.65, -4.6],
			"to": [-1.25, 10.9, -2.35],
			"faces": {
				"north": {"uv": [10, 2, 12, 4], "texture": "#2"},
				"east": {"uv": [8, 2, 10, 4], "texture": "#2"},
				"south": {"uv": [14, 2, 16, 4], "texture": "#2"},
				"west": {"uv": [12, 2, 14, 4], "texture": "#2"},
				"up": {"uv": [12, 2, 10, 0], "texture": "#2"},
				"down": {"uv": [14, 0, 12, 2], "texture": "#2"}
			}
		},
		{
			"name": "body_2nd_layer",
			"from": [-3.35, 5.5, -4.125],
			"to": [-1.35, 8.75, -2.875],
			"faces": {
				"north": {"uv": [5, 9, 7, 12], "texture": "#2"},
				"east": {"uv": [4, 9, 5, 12], "texture": "#2"},
				"south": {"uv": [8, 9, 10, 12], "texture": "#2"},
				"west": {"uv": [7, 9, 8, 12], "texture": "#2"},
				"up": {"uv": [7, 9, 5, 8], "texture": "#2"},
				"down": {"uv": [9, 8, 7, 9], "texture": "#2"}
			}
		},
		{
			"name": "right_arm_2nd_layer",
			"from": [-0.8875, 5.6375, -4.125],
			"to": [0.3625, 8.8875, -2.875],
			"rotation": {"angle": 22.5, "axis": "z", "origin": [-0.7, 7.10625, -3.5]},
			"faces": {
				"north": {"uv": [11, 9, 12, 12], "texture": "#2"},
				"east": {"uv": [10, 9, 11, 12], "texture": "#2"},
				"south": {"uv": [13, 9, 14, 12], "texture": "#2"},
				"west": {"uv": [12, 9, 13, 12], "texture": "#2"},
				"up": {"uv": [12, 9, 11, 8], "texture": "#2"},
				"down": {"uv": [13, 8, 12, 9], "texture": "#2"}
			}
		},
		{
			"name": "left_arm_2nd_layer",
			"from": [-4.6, 5.5125, -4.125],
			"to": [-3.35, 8.7625, -2.875],
			"faces": {
				"north": {"uv": [13, 13, 14, 16], "texture": "#2"},
				"east": {"uv": [12, 13, 13, 16], "texture": "#2"},
				"south": {"uv": [15, 13, 16, 16], "texture": "#2"},
				"west": {"uv": [14, 13, 15, 16], "texture": "#2"},
				"up": {"uv": [14, 13, 13, 12], "texture": "#2"},
				"down": {"uv": [15, 12, 14, 13], "texture": "#2"}
			}
		},
		{
			"name": "right_leg_2nd_layer",
			"from": [-2.35, 2.225, -4.125],
			"to": [-1.1, 5.475, -2.875],
			"faces": {
				"north": {"uv": [1, 9, 2, 12], "texture": "#2"},
				"east": {"uv": [0, 9, 1, 12], "texture": "#2"},
				"south": {"uv": [3, 9, 4, 12], "texture": "#2"},
				"west": {"uv": [2, 9, 3, 12], "texture": "#2"},
				"up": {"uv": [2, 9, 1, 8], "texture": "#2"},
				"down": {"uv": [3, 8, 2, 9], "texture": "#2"}
			}
		},
		{
			"name": "left_leg_2nd_layer",
			"from": [-3.625, 2.225, -4.125],
			"to": [-2.375, 5.475, -2.875],
			"faces": {
				"north": {"uv": [1, 13, 2, 16], "texture": "#2"},
				"east": {"uv": [0, 13, 1, 16], "texture": "#2"},
				"south": {"uv": [3, 13, 4, 16], "texture": "#2"},
				"west": {"uv": [2, 13, 3, 16], "texture": "#2"},
				"up": {"uv": [2, 12, 1, 11], "texture": "#2"},
				"down": {"uv": [3, 12, 2, 13], "texture": "#2"}
			}
		},
		{
			"from": [-3.375, 10.875, -4.4375],
			"to": [-1.375, 13.275, -2.4375],
			"faces": {
				"north": {"uv": [3, 0, 12, 8], "texture": "#0"},
				"east": {"uv": [5, 3, 9, 9], "texture": "#0"},
				"south": {"uv": [3, 2, 14, 13], "texture": "#0"},
				"west": {"uv": [6, 2, 11, 11], "texture": "#0"},
				"up": {"uv": [12, 9, 6, 1], "texture": "#0"},
				"down": {"uv": [7, 3, 2, 10], "texture": "#0"}
			}
		},
		{
			"from": [-3.4375, 11.0125, -4.5],
			"to": [-1.3264, 11.36807, -2.3889],
			"faces": {
				"north": {"uv": [4.5, 7.5, 7, 8], "texture": "#1"},
				"east": {"uv": [7, 7.5, 9.5, 8], "texture": "#1"},
				"south": {"uv": [4.5, 8, 7, 8.5], "texture": "#1"},
				"west": {"uv": [8, 5, 10.5, 5.5], "texture": "#1"},
				"up": {"uv": [6, 2.5, 3.5, 0], "texture": "#1"},
				"down": {"uv": [6, 2.5, 3.5, 5], "texture": "#1"}
			}
		},
		{
			"from": [-3.875, 10.75, -5],
			"to": [-0.875, 10.97223, -2],
			"faces": {
				"north": {"uv": [3, 0, 12, 8], "texture": "#0"},
				"east": {"uv": [5, 3, 9, 9], "texture": "#0"},
				"south": {"uv": [3, 2, 14, 13], "texture": "#0"},
				"west": {"uv": [6, 2, 11, 11], "texture": "#0"},
				"up": {"uv": [12, 9, 6, 1], "texture": "#0"},
				"down": {"uv": [11, 4, 6, 11], "texture": "#0"}
			}
		},
		{
			"from": [-5.75, 0, -5.75],
			"to": [21.25, 2, 21.25],
			"faces": {
				"north": {"uv": [3, 0, 12, 8], "texture": "#0"},
				"east": {"uv": [5, 3, 9, 9], "texture": "#0"},
				"south": {"uv": [3, 2, 14, 13], "texture": "#0"},
				"west": {"uv": [6, 2, 11, 11], "texture": "#0"},
				"up": {"uv": [12, 9, 6, 1], "texture": "#0"},
				"down": {"uv": [11, 4, 6, 11], "texture": "#0"}
			}
		},
		{
			"from": [-1.75, 2.075, -1.75],
			"to": [17.25, 5.275, 17.25],
			"faces": {
				"north": {"uv": [4.5, 7.5, 7, 8], "texture": "#1"},
				"east": {"uv": [7, 7.5, 9.5, 8], "texture": "#1"},
				"south": {"uv": [4.5, 8, 7, 8.5], "texture": "#1"},
				"west": {"uv": [8, 5, 10.5, 5.5], "texture": "#1"},
				"up": {"uv": [6, 2.5, 3.5, 0], "texture": "#1"},
				"down": {"uv": [6, 2.5, 3.5, 5], "texture": "#1"}
			}
		},
		{
			"from": [-1.25, 1, -1.25],
			"to": [16.75, 21, 16.75],
			"faces": {
				"north": {"uv": [3, 0, 12, 8], "texture": "#0"},
				"east": {"uv": [5, 3, 9, 9], "texture": "#0"},
				"south": {"uv": [3, 2, 14, 13], "texture": "#0"},
				"west": {"uv": [6, 2, 11, 11], "texture": "#0"},
				"up": {"uv": [12, 9, 6, 1], "texture": "#0"},
				"down": {"uv": [7, 3, 2, 10], "texture": "#0"}
			}
		}
	],
	"display": {
		"thirdperson_righthand": {
			"translation": [0, 1.75, 0],
			"scale": [0.2, 0.2, 0.2]
		},
		"thirdperson_lefthand": {
			"translation": [0, 1.75, 0],
			"scale": [0.2, 0.2, 0.2]
		},
		"firstperson_righthand": {
			"rotation": [-16, 105, 0.75],
			"translation": [0, 3, 0],
			"scale": [0.4, 0.4, 0.4]
		},
		"firstperson_lefthand": {
			"rotation": [-16, 124, 0.75],
			"translation": [0, 3, 0],
			"scale": [0.4, 0.4, 0.4]
		},
		"ground": {
			"translation": [0, -2, 0],
			"scale": [0.2, 0.2, 0.2]
		},
		"gui": {
			"rotation": [25, -145, 0],
			"scale": [0.45, 0.45, 0.45]
		},
		"head": {
			"translation": [0, 12.5, 0],
			"scale": [0.75, 0.75, 0.75]
		},
		"fixed": {
			"scale": [0.4, 0.4, 0.4]
		}
	},
	"groups": [
		{
			"name": "group",
			"origin": [0, 0, 0],
			"children": [0, 1, 2, 3, 4, 5, 6, 7, 8, 9, 10, 11]
		}, 12, 13, 14,
		{
			"name": "group",
			"origin": [0, 0, 0],
			"children": [15, 16, 17]
		}
	]
}