{
	"credit": "Made with Blockbench",
	"textures": {
		"0": "people/unicomics",
		"1": "block/diamond_block",
		"particle": "people/unicomics"
	},
	"elements": [
		{
			"name": "head",
			"from": [4.2, 7.475, 3.2],
			"to": [11.8, 15.075, 10.8],
			"rotation": {"angle": 0, "axis": "z", "origin": [8, 11.275, 7]},
			"faces": {
				"north": {"uv": [2, 2, 4, 4], "texture": "#0"},
				"east": {"uv": [0, 2, 2, 4], "texture": "#0"},
				"south": {"uv": [6, 2, 8, 4], "texture": "#0"},
				"west": {"uv": [4, 2, 6, 4], "texture": "#0"},
				"up": {"uv": [4, 2, 2, 0], "texture": "#0"},
				"down": {"uv": [6, 0, 4, 2], "texture": "#0"}
			}
		},
		{
			"name": "body",
			"from": [4.2, -3.925, 5.1],
			"to": [11.8, 7.475, 8.9],
			"rotation": {"angle": 0, "axis": "y", "origin": [0.4, -14.85, -0.6]},
			"faces": {
				"north": {"uv": [5, 5, 7, 7.98], "texture": "#0"},
				"east": {"uv": [4, 5, 5, 8], "texture": "#0"},
				"south": {"uv": [8, 5, 10, 8], "texture": "#0"},
				"west": {"uv": [7, 5, 8, 7.98], "texture": "#0"},
				"up": {"uv": [7, 5, 5, 4], "texture": "#0"},
				"down": {"uv": [9, 4, 7, 5], "texture": "#0"}
			}
		},
		{
			"name": "right_arm",
			"from": [11.79525, 5.575, 5.195],
			"to": [15.59525, 16.975, 8.995],
			"rotation": {"angle": 0, "axis": "z", "origin": [13.69763, 6.525, 7]},
			"faces": {
				"north": {"uv": [11, 5, 12, 8], "rotation": 180, "texture": "#0"},
				"east": {"uv": [12, 5, 13, 8], "rotation": 180, "texture": "#0"},
				"south": {"uv": [13, 5, 14, 8], "rotation": 180, "texture": "#0"},
				"west": {"uv": [10, 5, 11, 8], "rotation": 180, "texture": "#0"},
				"up": {"uv": [13, 4, 12, 5], "rotation": 180, "texture": "#0"},
				"down": {"uv": [12, 5, 11, 4], "rotation": 180, "texture": "#0"}
			}
		},
		{
			"name": "left_arm",
			"from": [0.4, 5.575, 5.195],
			"to": [4.2, 16.975, 8.995],
			"rotation": {"angle": 0, "axis": "z", "origin": [2.3, 6.525, 7]},
			"faces": {
				"north": {"uv": [9, 13, 10, 16], "rotation": 180, "texture": "#0"},
				"east": {"uv": [10, 13, 11, 16], "rotation": 180, "texture": "#0"},
				"south": {"uv": [11, 13, 12, 16], "rotation": 180, "texture": "#0"},
				"west": {"uv": [8, 13, 9, 16], "rotation": 180, "texture": "#0"},
				"up": {"uv": [11, 12, 10, 13], "rotation": 180, "texture": "#0"},
				"down": {"uv": [10, 13, 9, 12], "rotation": 180, "texture": "#0"}
			}
		},
		{
			"name": "right_leg",
			"from": [8, -15.325, 5.1],
			"to": [11.8, -3.925, 8.9],
			"rotation": {"angle": 0, "axis": "x", "origin": [9.9, -4.875, 7]},
			"faces": {
				"north": {"uv": [1, 5, 2, 8], "texture": "#0"},
				"east": {"uv": [0, 5, 1, 8], "texture": "#0"},
				"south": {"uv": [3, 5, 4, 8], "texture": "#0"},
				"west": {"uv": [2, 5, 3, 8], "texture": "#0"},
				"up": {"uv": [2, 5, 1, 4], "texture": "#0"},
				"down": {"uv": [3, 4, 2, 5], "texture": "#0"}
			}
		},
		{
			"name": "left_leg",
			"from": [4.2, -15.325, 5.1],
			"to": [8, -3.925, 8.9],
			"rotation": {"angle": -22.5, "axis": "x", "origin": [6.1, -4.875, 7]},
			"faces": {
				"north": {"uv": [5, 13, 6, 16], "texture": "#0"},
				"east": {"uv": [4, 13, 5, 16], "texture": "#0"},
				"south": {"uv": [7, 13, 8, 16], "texture": "#0"},
				"west": {"uv": [6, 13, 7, 16], "texture": "#0"},
				"up": {"uv": [6, 13, 5, 12], "texture": "#0"},
				"down": {"uv": [7, 12, 6, 13], "texture": "#0"}
			}
		},
		{
			"name": "head_2nd_layer",
			"from": [3.725, 7, 2.725],
			"to": [12.275, 15.55, 11.275],
			"rotation": {"angle": 0, "axis": "z", "origin": [8, 11.275, 7]},
			"faces": {
				"north": {"uv": [10, 2, 12, 4], "texture": "#0"},
				"east": {"uv": [8, 2, 10, 4], "texture": "#0"},
				"south": {"uv": [14, 2, 16, 4], "texture": "#0"},
				"west": {"uv": [12, 2, 14, 4], "texture": "#0"},
				"up": {"uv": [12, 2, 10, 0], "texture": "#0"},
				"down": {"uv": [14, 0, 12, 2], "texture": "#0"}
			}
		},
		{
			"name": "body_2nd_layer",
			"from": [4.1525, -4.381, 4.625],
			"to": [11.8475, 7.9785, 9.375],
			"rotation": {"angle": 0, "axis": "y", "origin": [0.4, -14.85, -0.6]},
			"faces": {
				"north": {"uv": [5, 9, 7, 12], "texture": "#0"},
				"east": {"uv": [4, 9, 5, 12], "texture": "#0"},
				"south": {"uv": [8, 9, 10, 12], "texture": "#0"},
				"west": {"uv": [7, 9, 8, 12], "texture": "#0"},
				"up": {"uv": [7, 9, 5, 8], "texture": "#0"},
				"down": {"uv": [9, 8, 7, 9], "texture": "#0"}
			}
		},
		{
			"name": "right_arm_2nd_layer",
			"from": [11.32975, 5.1, 4.625],
			"to": [16.07025, 17.45, 9.375],
			"rotation": {"angle": 0, "axis": "z", "origin": [13.69763, 6.525, 7]},
			"faces": {
				"north": {"uv": [11, 9, 12, 12], "rotation": 180, "texture": "#0"},
				"east": {"uv": [12, 9, 13, 12], "rotation": 180, "texture": "#0"},
				"south": {"uv": [13, 9, 14, 12], "rotation": 180, "texture": "#0"},
				"west": {"uv": [10, 9, 11, 12], "rotation": 180, "texture": "#0"},
				"up": {"uv": [13, 8, 12, 9], "rotation": 180, "texture": "#0"},
				"down": {"uv": [12, 9, 11, 8], "rotation": 180, "texture": "#0"}
			}
		},
		{
			"name": "left_arm_2nd_layer",
			"from": [-0.075, 5.1, 4.625],
			"to": [4.675, 17.45, 9.375],
			"rotation": {"angle": 0, "axis": "z", "origin": [2.3, 6.525, 7]},
			"faces": {
				"north": {"uv": [13, 13, 14, 16], "rotation": 180, "texture": "#0"},
				"east": {"uv": [14, 13, 15, 16], "rotation": 180, "texture": "#0"},
				"south": {"uv": [15, 13, 16, 16], "rotation": 180, "texture": "#0"},
				"west": {"uv": [12, 13, 13, 16], "rotation": 180, "texture": "#0"},
				"up": {"uv": [15, 12, 14, 13], "rotation": 180, "texture": "#0"},
				"down": {"uv": [14, 13, 13, 12], "rotation": 180, "texture": "#0"}
			}
		},
		{
			"name": "right_leg_2nd_layer",
			"from": [7.525, -15.8, 4.625],
			"to": [12.275, -3.45, 9.375],
			"rotation": {"angle": 0, "axis": "x", "origin": [9.9, -4.875, 7]},
			"faces": {
				"north": {"uv": [1, 9, 2, 12], "texture": "#0"},
				"east": {"uv": [0, 9, 1, 12], "texture": "#0"},
				"south": {"uv": [3, 9, 4, 12], "texture": "#0"},
				"west": {"uv": [2, 9, 3, 12], "texture": "#0"},
				"up": {"uv": [2, 9, 1, 8], "texture": "#0"},
				"down": {"uv": [3, 8, 2, 9], "texture": "#0"}
			}
		},
		{
			"name": "left_leg_2nd_layer",
			"from": [3.725, -15.8, 4.625],
			"to": [8.475, -3.45, 9.375],
			"rotation": {"angle": -22.5, "axis": "x", "origin": [6.1, -4.875, 7]},
			"faces": {
				"north": {"uv": [1, 13, 2, 16], "texture": "#0"},
				"east": {"uv": [0, 13, 1, 16], "texture": "#0"},
				"south": {"uv": [3, 13, 4, 16], "texture": "#0"},
				"west": {"uv": [2, 13, 3, 16], "texture": "#0"},
				"up": {"uv": [2, 12, 1, 11], "texture": "#0"},
				"down": {"uv": [3, 12, 2, 13], "texture": "#0"}
			}
		},
		{
			"from": [0.35, 24.6, 6.3],
			"to": [15.65, 26.4, 8.1],
			"rotation": {"angle": 0, "axis": "y", "origin": [8, 21.15, 7.2]},
			"faces": {
				"north": {"uv": [0, 2, 16, 4], "texture": "#1"},
				"east": {"uv": [0, 2, 2, 4], "texture": "#1"},
				"south": {"uv": [0, 2, 16, 4], "texture": "#1"},
				"west": {"uv": [0, 2, 2, 4], "texture": "#1"},
				"up": {"uv": [0, 2, 16, 4], "texture": "#1"},
				"down": {"uv": [0, 2, 16, 4], "texture": "#1"}
			}
		},
		{
			"from": [1.25, 23.7, 6.3],
			"to": [14.75, 24.6, 8.1],
			"rotation": {"angle": 0, "axis": "y", "origin": [8, 21.15, 7.2]},
			"faces": {
				"north": {"uv": [0, 2, 15, 3], "texture": "#1"},
				"east": {"uv": [0, 2, 2, 3], "texture": "#1"},
				"south": {"uv": [0, 2, 15, 3], "texture": "#1"},
				"west": {"uv": [0, 2, 2, 3], "texture": "#1"},
				"up": {"uv": [0, 2, 15, 4], "texture": "#1"},
				"down": {"uv": [0, 2, 15, 4], "texture": "#1"}
			}
		},
		{
			"from": [2.15, 22.8, 6.3],
			"to": [13.85, 23.7, 8.1],
			"rotation": {"angle": 0, "axis": "y", "origin": [8, 21.15, 7.2]},
			"faces": {
				"north": {"uv": [0, 2, 13, 3], "texture": "#1"},
				"east": {"uv": [0, 2, 2, 3], "texture": "#1"},
				"south": {"uv": [0, 2, 13, 3], "texture": "#1"},
				"west": {"uv": [0, 2, 2, 3], "texture": "#1"},
				"up": {"uv": [0, 2, 13, 4], "texture": "#1"},
				"down": {"uv": [0, 2, 13, 4], "texture": "#1"}
			}
		},
		{
			"from": [3.05, 21.9, 6.3],
			"to": [12.95, 22.8, 8.1],
			"rotation": {"angle": 0, "axis": "y", "origin": [8, 21.15, 7.2]},
			"faces": {
				"north": {"uv": [0, 2, 11, 3], "texture": "#1"},
				"east": {"uv": [0, 2, 2, 3], "texture": "#1"},
				"south": {"uv": [0, 2, 11, 3], "texture": "#1"},
				"west": {"uv": [0, 2, 2, 3], "texture": "#1"},
				"up": {"uv": [0, 2, 11, 4], "texture": "#1"},
				"down": {"uv": [0, 2, 11, 4], "texture": "#1"}
			}
		},
		{
			"from": [3.05, 19.2, 6.3],
			"to": [12.95, 20.1, 8.1],
			"rotation": {"angle": 0, "axis": "y", "origin": [8, 21.15, 7.2]},
			"faces": {
				"north": {"uv": [0, 2, 11, 3], "texture": "#1"},
				"east": {"uv": [0, 2, 2, 3], "texture": "#1"},
				"south": {"uv": [0, 2, 11, 3], "texture": "#1"},
				"west": {"uv": [0, 2, 2, 3], "texture": "#1"},
				"up": {"uv": [0, 2, 11, 4], "texture": "#1"},
				"down": {"uv": [0, 2, 11, 4], "texture": "#1"}
			}
		},
		{
			"from": [3.05, 18.3, 6.3],
			"to": [7.55, 19.2, 8.1],
			"rotation": {"angle": 0, "axis": "y", "origin": [8, 21.15, 7.2]},
			"faces": {
				"north": {"uv": [0, 2, 5, 3], "texture": "#1"},
				"east": {"uv": [0, 2, 2, 3], "texture": "#1"},
				"south": {"uv": [0, 2, 5, 3], "texture": "#1"},
				"west": {"uv": [0, 2, 2, 3], "texture": "#1"},
				"up": {"uv": [0, 2, 5, 4], "texture": "#1"},
				"down": {"uv": [0, 2, 5, 4], "texture": "#1"}
			}
		},
		{
			"from": [3.05, 17.4, 6.3],
			"to": [6.65, 18.3, 8.1],
			"rotation": {"angle": 0, "axis": "y", "origin": [8, 21.15, 7.2]},
			"faces": {
				"north": {"uv": [0, 2, 4, 3], "texture": "#1"},
				"east": {"uv": [0, 2, 2, 3], "texture": "#1"},
				"south": {"uv": [0, 2, 4, 3], "texture": "#1"},
				"west": {"uv": [0, 2, 2, 3], "texture": "#1"},
				"up": {"uv": [0, 2, 4, 4], "texture": "#1"},
				"down": {"uv": [0, 2, 4, 4], "texture": "#1"}
			}
		},
		{
			"from": [3.05, 16.5, 6.3],
			"to": [4.85, 17.4, 8.1],
			"rotation": {"angle": 0, "axis": "y", "origin": [8, 21.15, 7.2]},
			"faces": {
				"north": {"uv": [0, 2, 2, 3], "texture": "#1"},
				"east": {"uv": [0, 2, 2, 3], "texture": "#1"},
				"south": {"uv": [0, 2, 2, 3], "texture": "#1"},
				"west": {"uv": [0, 2, 2, 3], "texture": "#1"},
				"up": {"uv": [0, 2, 2, 4], "texture": "#1"},
				"down": {"uv": [0, 2, 2, 4], "texture": "#1"}
			}
		},
		{
			"from": [11.15, 16.5, 6.3],
			"to": [12.95, 17.4, 8.1],
			"rotation": {"angle": 0, "axis": "y", "origin": [8, 21.15, 7.2]},
			"faces": {
				"north": {"uv": [0, 2, 2, 3], "texture": "#1"},
				"east": {"uv": [0, 2, 2, 3], "texture": "#1"},
				"south": {"uv": [0, 2, 2, 3], "texture": "#1"},
				"west": {"uv": [0, 2, 2, 3], "texture": "#1"},
				"up": {"uv": [0, 2, 2, 4], "texture": "#1"},
				"down": {"uv": [0, 2, 2, 4], "texture": "#1"}
			}
		},
		{
			"from": [9.35, 17.4, 6.3],
			"to": [12.95, 18.3, 8.1],
			"rotation": {"angle": 0, "axis": "y", "origin": [8, 21.15, 7.2]},
			"faces": {
				"north": {"uv": [0, 2, 4, 3], "texture": "#1"},
				"east": {"uv": [0, 2, 2, 3], "texture": "#1"},
				"south": {"uv": [0, 2, 4, 3], "texture": "#1"},
				"west": {"uv": [0, 2, 2, 3], "texture": "#1"},
				"up": {"uv": [0, 2, 4, 4], "texture": "#1"},
				"down": {"uv": [0, 2, 4, 4], "texture": "#1"}
			}
		},
		{
			"from": [8.45, 18.3, 6.3],
			"to": [12.95, 19.2, 8.1],
			"rotation": {"angle": 0, "axis": "y", "origin": [8, 21.15, 7.2]},
			"faces": {
				"north": {"uv": [0, 2, 5, 3], "texture": "#1"},
				"east": {"uv": [0, 2, 2, 3], "texture": "#1"},
				"south": {"uv": [0, 2, 5, 3], "texture": "#1"},
				"west": {"uv": [0, 2, 2, 3], "texture": "#1"},
				"up": {"uv": [0, 2, 5, 4], "texture": "#1"},
				"down": {"uv": [0, 2, 5, 4], "texture": "#1"}
			}
		},
		{
			"from": [3.95, 20.1, 6.3],
			"to": [12.05, 21.9, 8.1],
			"rotation": {"angle": 0, "axis": "y", "origin": [8, 21.15, 7.2]},
			"faces": {
				"north": {"uv": [0, 2, 9, 4], "texture": "#1"},
				"east": {"uv": [0, 2, 2, 4], "texture": "#1"},
				"south": {"uv": [0, 2, 9, 4], "texture": "#1"},
				"west": {"uv": [0, 2, 2, 4], "texture": "#1"},
				"up": {"uv": [0, 2, 9, 4], "texture": "#1"},
				"down": {"uv": [0, 2, 9, 4], "texture": "#1"}
			}
		},
		{
			"from": [5.75, 26.4, 6.3],
			"to": [10.25, 28.2, 8.1],
			"rotation": {"angle": 0, "axis": "y", "origin": [8, 21.15, 7.2]},
			"faces": {
				"north": {"uv": [0, 2, 5, 4], "texture": "#1"},
				"east": {"uv": [0, 2, 2, 4], "texture": "#1"},
				"south": {"uv": [0, 2, 5, 4], "texture": "#1"},
				"west": {"uv": [0, 2, 2, 4], "texture": "#1"},
				"up": {"uv": [0, 2, 5, 4], "texture": "#1"},
				"down": {"uv": [0, 2, 5, 4], "texture": "#1"}
			}
		},
		{
			"from": [6.65, 28.2, 6.3],
			"to": [9.35, 30.9, 8.1],
			"rotation": {"angle": 0, "axis": "y", "origin": [8, 21.15, 7.2]},
			"faces": {
				"north": {"uv": [0, 2, 3, 5], "texture": "#1"},
				"east": {"uv": [0, 2, 2, 5], "texture": "#1"},
				"south": {"uv": [0, 2, 3, 5], "texture": "#1"},
				"west": {"uv": [0, 2, 2, 5], "texture": "#1"},
				"up": {"uv": [0, 2, 3, 4], "texture": "#1"},
				"down": {"uv": [0, 2, 3, 4], "texture": "#1"}
			}
		},
		{
			"from": [7.55, 30.9, 6.3],
			"to": [8.45, 31.8, 8.1],
			"rotation": {"angle": 0, "axis": "y", "origin": [8, 21.15, 7.2]},
			"faces": {
				"north": {"uv": [0, 2, 1, 3], "texture": "#1"},
				"east": {"uv": [0, 2, 2, 3], "texture": "#1"},
				"south": {"uv": [0, 2, 1, 3], "texture": "#1"},
				"west": {"uv": [0, 2, 2, 3], "texture": "#1"},
				"up": {"uv": [0, 2, 1, 4], "texture": "#1"},
				"down": {"uv": [0, 2, 1, 4], "texture": "#1"}
			}
		},
		{
			"from": [17.35, 20.78, 12.89],
			"to": [21.94, 21.32, 13.43],
			"rotation": {"angle": 0, "axis": "y", "origin": [2.645, 6.345, 2.16]},
			"faces": {
				"north": {"uv": [0, 2, 16, 4], "texture": "#1"},
				"east": {"uv": [0, 2, 2, 4], "texture": "#1"},
				"south": {"uv": [0, 2, 16, 4], "texture": "#1"},
				"west": {"uv": [0, 2, 2, 4], "texture": "#1"},
				"up": {"uv": [0, 2, 16, 4], "texture": "#1"},
				"down": {"uv": [0, 2, 16, 4], "texture": "#1"}
			}
		},
		{
			"from": [17.62, 20.51, 12.89],
			"to": [21.67, 20.78, 13.43],
			"rotation": {"angle": 0, "axis": "y", "origin": [2.645, 6.345, 2.16]},
			"faces": {
				"north": {"uv": [0, 2, 15, 3], "texture": "#1"},
				"east": {"uv": [0, 2, 2, 3], "texture": "#1"},
				"south": {"uv": [0, 2, 15, 3], "texture": "#1"},
				"west": {"uv": [0, 2, 2, 3], "texture": "#1"},
				"up": {"uv": [0, 2, 15, 4], "texture": "#1"},
				"down": {"uv": [0, 2, 15, 4], "texture": "#1"}
			}
		},
		{
			"from": [17.89, 20.24, 12.89],
			"to": [21.4, 20.51, 13.43],
			"rotation": {"angle": 0, "axis": "y", "origin": [2.645, 6.345, 2.16]},
			"faces": {
				"north": {"uv": [0, 2, 13, 3], "texture": "#1"},
				"east": {"uv": [0, 2, 2, 3], "texture": "#1"},
				"south": {"uv": [0, 2, 13, 3], "texture": "#1"},
				"west": {"uv": [0, 2, 2, 3], "texture": "#1"},
				"up": {"uv": [0, 2, 13, 4], "texture": "#1"},
				"down": {"uv": [0, 2, 13, 4], "texture": "#1"}
			}
		},
		{
			"from": [18.16, 19.97, 12.89],
			"to": [21.13, 20.24, 13.43],
			"rotation": {"angle": 0, "axis": "y", "origin": [2.645, 6.345, 2.16]},
			"faces": {
				"north": {"uv": [0, 2, 11, 3], "texture": "#1"},
				"east": {"uv": [0, 2, 2, 3], "texture": "#1"},
				"south": {"uv": [0, 2, 11, 3], "texture": "#1"},
				"west": {"uv": [0, 2, 2, 3], "texture": "#1"},
				"up": {"uv": [0, 2, 11, 4], "texture": "#1"},
				"down": {"uv": [0, 2, 11, 4], "texture": "#1"}
			}
		},
		{
			"from": [18.16, 19.16, 12.89],
			"to": [21.13, 19.43, 13.43],
			"rotation": {"angle": 0, "axis": "y", "origin": [2.645, 6.345, 2.16]},
			"faces": {
				"north": {"uv": [0, 2, 11, 3], "texture": "#1"},
				"east": {"uv": [0, 2, 2, 3], "texture": "#1"},
				"south": {"uv": [0, 2, 11, 3], "texture": "#1"},
				"west": {"uv": [0, 2, 2, 3], "texture": "#1"},
				"up": {"uv": [0, 2, 11, 4], "texture": "#1"},
				"down": {"uv": [0, 2, 11, 4], "texture": "#1"}
			}
		},
		{
			"from": [18.16, 18.89, 12.89],
			"to": [19.51, 19.16, 13.43],
			"rotation": {"angle": 0, "axis": "y", "origin": [2.645, 6.345, 2.16]},
			"faces": {
				"north": {"uv": [0, 2, 5, 3], "texture": "#1"},
				"east": {"uv": [0, 2, 2, 3], "texture": "#1"},
				"south": {"uv": [0, 2, 5, 3], "texture": "#1"},
				"west": {"uv": [0, 2, 2, 3], "texture": "#1"},
				"up": {"uv": [0, 2, 5, 4], "texture": "#1"},
				"down": {"uv": [0, 2, 5, 4], "texture": "#1"}
			}
		},
		{
			"from": [18.16, 18.62, 12.89],
			"to": [19.24, 18.89, 13.43],
			"rotation": {"angle": 0, "axis": "y", "origin": [2.645, 6.345, 2.16]},
			"faces": {
				"north": {"uv": [0, 2, 4, 3], "texture": "#1"},
				"east": {"uv": [0, 2, 2, 3], "texture": "#1"},
				"south": {"uv": [0, 2, 4, 3], "texture": "#1"},
				"west": {"uv": [0, 2, 2, 3], "texture": "#1"},
				"up": {"uv": [0, 2, 4, 4], "texture": "#1"},
				"down": {"uv": [0, 2, 4, 4], "texture": "#1"}
			}
		},
		{
			"from": [18.16, 18.35, 12.89],
			"to": [18.7, 18.62, 13.43],
			"rotation": {"angle": 0, "axis": "y", "origin": [2.645, 6.345, 2.16]},
			"faces": {
				"north": {"uv": [0, 2, 2, 3], "texture": "#1"},
				"east": {"uv": [0, 2, 2, 3], "texture": "#1"},
				"south": {"uv": [0, 2, 2, 3], "texture": "#1"},
				"west": {"uv": [0, 2, 2, 3], "texture": "#1"},
				"up": {"uv": [0, 2, 2, 4], "texture": "#1"},
				"down": {"uv": [0, 2, 2, 4], "texture": "#1"}
			}
		},
		{
			"from": [20.59, 18.35, 12.89],
			"to": [21.13, 18.62, 13.43],
			"rotation": {"angle": 0, "axis": "y", "origin": [2.645, 6.345, 2.16]},
			"faces": {
				"north": {"uv": [0, 2, 2, 3], "texture": "#1"},
				"east": {"uv": [0, 2, 2, 3], "texture": "#1"},
				"south": {"uv": [0, 2, 2, 3], "texture": "#1"},
				"west": {"uv": [0, 2, 2, 3], "texture": "#1"},
				"up": {"uv": [0, 2, 2, 4], "texture": "#1"},
				"down": {"uv": [0, 2, 2, 4], "texture": "#1"}
			}
		},
		{
			"from": [20.05, 18.62, 12.89],
			"to": [21.13, 18.89, 13.43],
			"rotation": {"angle": 0, "axis": "y", "origin": [2.645, 6.345, 2.16]},
			"faces": {
				"north": {"uv": [0, 2, 4, 3], "texture": "#1"},
				"east": {"uv": [0, 2, 2, 3], "texture": "#1"},
				"south": {"uv": [0, 2, 4, 3], "texture": "#1"},
				"west": {"uv": [0, 2, 2, 3], "texture": "#1"},
				"up": {"uv": [0, 2, 4, 4], "texture": "#1"},
				"down": {"uv": [0, 2, 4, 4], "texture": "#1"}
			}
		},
		{
			"from": [19.78, 18.89, 12.89],
			"to": [21.13, 19.16, 13.43],
			"rotation": {"angle": 0, "axis": "y", "origin": [2.645, 6.345, 2.16]},
			"faces": {
				"north": {"uv": [0, 2, 5, 3], "texture": "#1"},
				"east": {"uv": [0, 2, 2, 3], "texture": "#1"},
				"south": {"uv": [0, 2, 5, 3], "texture": "#1"},
				"west": {"uv": [0, 2, 2, 3], "texture": "#1"},
				"up": {"uv": [0, 2, 5, 4], "texture": "#1"},
				"down": {"uv": [0, 2, 5, 4], "texture": "#1"}
			}
		},
		{
			"from": [18.43, 19.43, 12.89],
			"to": [20.86, 19.97, 13.43],
			"rotation": {"angle": 0, "axis": "y", "origin": [2.645, 6.345, 2.16]},
			"faces": {
				"north": {"uv": [0, 2, 9, 4], "texture": "#1"},
				"east": {"uv": [0, 2, 2, 4], "texture": "#1"},
				"south": {"uv": [0, 2, 9, 4], "texture": "#1"},
				"west": {"uv": [0, 2, 2, 4], "texture": "#1"},
				"up": {"uv": [0, 2, 9, 4], "texture": "#1"},
				"down": {"uv": [0, 2, 9, 4], "texture": "#1"}
			}
		},
		{
			"from": [18.97, 21.32, 12.89],
			"to": [20.32, 21.86, 13.43],
			"rotation": {"angle": 0, "axis": "y", "origin": [2.645, 6.345, 2.16]},
			"faces": {
				"north": {"uv": [0, 2, 5, 4], "texture": "#1"},
				"east": {"uv": [0, 2, 2, 4], "texture": "#1"},
				"south": {"uv": [0, 2, 5, 4], "texture": "#1"},
				"west": {"uv": [0, 2, 2, 4], "texture": "#1"},
				"up": {"uv": [0, 2, 5, 4], "texture": "#1"},
				"down": {"uv": [0, 2, 5, 4], "texture": "#1"}
			}
		},
		{
			"from": [19.24, 21.86, 12.89],
			"to": [20.05, 22.67, 13.43],
			"rotation": {"angle": 0, "axis": "y", "origin": [2.645, 6.345, 2.16]},
			"faces": {
				"north": {"uv": [0, 2, 3, 5], "texture": "#1"},
				"east": {"uv": [0, 2, 2, 5], "texture": "#1"},
				"south": {"uv": [0, 2, 3, 5], "texture": "#1"},
				"west": {"uv": [0, 2, 2, 5], "texture": "#1"},
				"up": {"uv": [0, 2, 3, 4], "texture": "#1"},
				"down": {"uv": [0, 2, 3, 4], "texture": "#1"}
			}
		},
		{
			"from": [19.51, 22.67, 12.89],
			"to": [19.78, 22.94, 13.43],
			"rotation": {"angle": 0, "axis": "y", "origin": [2.645, 6.345, 2.16]},
			"faces": {
				"north": {"uv": [0, 2, 1, 3], "texture": "#1"},
				"east": {"uv": [0, 2, 2, 3], "texture": "#1"},
				"south": {"uv": [0, 2, 1, 3], "texture": "#1"},
				"west": {"uv": [0, 2, 2, 3], "texture": "#1"},
				"up": {"uv": [0, 2, 1, 4], "texture": "#1"},
				"down": {"uv": [0, 2, 1, 4], "texture": "#1"}
			}
		},
		{
			"from": [-5.65, 20.78, 12.89],
			"to": [-1.06, 21.32, 13.43],
			"rotation": {"angle": 0, "axis": "y", "origin": [2.645, 6.345, 2.16]},
			"faces": {
				"north": {"uv": [0, 2, 16, 4], "texture": "#1"},
				"east": {"uv": [0, 2, 2, 4], "texture": "#1"},
				"south": {"uv": [0, 2, 16, 4], "texture": "#1"},
				"west": {"uv": [0, 2, 2, 4], "texture": "#1"},
				"up": {"uv": [0, 2, 16, 4], "texture": "#1"},
				"down": {"uv": [0, 2, 16, 4], "texture": "#1"}
			}
		},
		{
			"from": [-5.38, 20.51, 12.89],
			"to": [-1.33, 20.78, 13.43],
			"rotation": {"angle": 0, "axis": "y", "origin": [2.645, 6.345, 2.16]},
			"faces": {
				"north": {"uv": [0, 2, 15, 3], "texture": "#1"},
				"east": {"uv": [0, 2, 2, 3], "texture": "#1"},
				"south": {"uv": [0, 2, 15, 3], "texture": "#1"},
				"west": {"uv": [0, 2, 2, 3], "texture": "#1"},
				"up": {"uv": [0, 2, 15, 4], "texture": "#1"},
				"down": {"uv": [0, 2, 15, 4], "texture": "#1"}
			}
		},
		{
			"from": [-5.11, 20.24, 12.89],
			"to": [-1.6, 20.51, 13.43],
			"rotation": {"angle": 0, "axis": "y", "origin": [2.645, 6.345, 2.16]},
			"faces": {
				"north": {"uv": [0, 2, 13, 3], "texture": "#1"},
				"east": {"uv": [0, 2, 2, 3], "texture": "#1"},
				"south": {"uv": [0, 2, 13, 3], "texture": "#1"},
				"west": {"uv": [0, 2, 2, 3], "texture": "#1"},
				"up": {"uv": [0, 2, 13, 4], "texture": "#1"},
				"down": {"uv": [0, 2, 13, 4], "texture": "#1"}
			}
		},
		{
			"from": [-4.84, 19.97, 12.89],
			"to": [-1.87, 20.24, 13.43],
			"rotation": {"angle": 0, "axis": "y", "origin": [2.645, 6.345, 2.16]},
			"faces": {
				"north": {"uv": [0, 2, 11, 3], "texture": "#1"},
				"east": {"uv": [0, 2, 2, 3], "texture": "#1"},
				"south": {"uv": [0, 2, 11, 3], "texture": "#1"},
				"west": {"uv": [0, 2, 2, 3], "texture": "#1"},
				"up": {"uv": [0, 2, 11, 4], "texture": "#1"},
				"down": {"uv": [0, 2, 11, 4], "texture": "#1"}
			}
		},
		{
			"from": [-4.84, 19.16, 12.89],
			"to": [-1.87, 19.43, 13.43],
			"rotation": {"angle": 0, "axis": "y", "origin": [2.645, 6.345, 2.16]},
			"faces": {
				"north": {"uv": [0, 2, 11, 3], "texture": "#1"},
				"east": {"uv": [0, 2, 2, 3], "texture": "#1"},
				"south": {"uv": [0, 2, 11, 3], "texture": "#1"},
				"west": {"uv": [0, 2, 2, 3], "texture": "#1"},
				"up": {"uv": [0, 2, 11, 4], "texture": "#1"},
				"down": {"uv": [0, 2, 11, 4], "texture": "#1"}
			}
		},
		{
			"from": [-4.84, 18.89, 12.89],
			"to": [-3.49, 19.16, 13.43],
			"rotation": {"angle": 0, "axis": "y", "origin": [2.645, 6.345, 2.16]},
			"faces": {
				"north": {"uv": [0, 2, 5, 3], "texture": "#1"},
				"east": {"uv": [0, 2, 2, 3], "texture": "#1"},
				"south": {"uv": [0, 2, 5, 3], "texture": "#1"},
				"west": {"uv": [0, 2, 2, 3], "texture": "#1"},
				"up": {"uv": [0, 2, 5, 4], "texture": "#1"},
				"down": {"uv": [0, 2, 5, 4], "texture": "#1"}
			}
		},
		{
			"from": [-4.84, 18.62, 12.89],
			"to": [-3.76, 18.89, 13.43],
			"rotation": {"angle": 0, "axis": "y", "origin": [2.645, 6.345, 2.16]},
			"faces": {
				"north": {"uv": [0, 2, 4, 3], "texture": "#1"},
				"east": {"uv": [0, 2, 2, 3], "texture": "#1"},
				"south": {"uv": [0, 2, 4, 3], "texture": "#1"},
				"west": {"uv": [0, 2, 2, 3], "texture": "#1"},
				"up": {"uv": [0, 2, 4, 4], "texture": "#1"},
				"down": {"uv": [0, 2, 4, 4], "texture": "#1"}
			}
		},
		{
			"from": [-4.84, 18.35, 12.89],
			"to": [-4.3, 18.62, 13.43],
			"rotation": {"angle": 0, "axis": "y", "origin": [2.645, 6.345, 2.16]},
			"faces": {
				"north": {"uv": [0, 2, 2, 3], "texture": "#1"},
				"east": {"uv": [0, 2, 2, 3], "texture": "#1"},
				"south": {"uv": [0, 2, 2, 3], "texture": "#1"},
				"west": {"uv": [0, 2, 2, 3], "texture": "#1"},
				"up": {"uv": [0, 2, 2, 4], "texture": "#1"},
				"down": {"uv": [0, 2, 2, 4], "texture": "#1"}
			}
		},
		{
			"from": [-2.41, 18.35, 12.89],
			"to": [-1.87, 18.62, 13.43],
			"rotation": {"angle": 0, "axis": "y", "origin": [2.645, 6.345, 2.16]},
			"faces": {
				"north": {"uv": [0, 2, 2, 3], "texture": "#1"},
				"east": {"uv": [0, 2, 2, 3], "texture": "#1"},
				"south": {"uv": [0, 2, 2, 3], "texture": "#1"},
				"west": {"uv": [0, 2, 2, 3], "texture": "#1"},
				"up": {"uv": [0, 2, 2, 4], "texture": "#1"},
				"down": {"uv": [0, 2, 2, 4], "texture": "#1"}
			}
		},
		{
			"from": [-2.95, 18.62, 12.89],
			"to": [-1.87, 18.89, 13.43],
			"rotation": {"angle": 0, "axis": "y", "origin": [2.645, 6.345, 2.16]},
			"faces": {
				"north": {"uv": [0, 2, 4, 3], "texture": "#1"},
				"east": {"uv": [0, 2, 2, 3], "texture": "#1"},
				"south": {"uv": [0, 2, 4, 3], "texture": "#1"},
				"west": {"uv": [0, 2, 2, 3], "texture": "#1"},
				"up": {"uv": [0, 2, 4, 4], "texture": "#1"},
				"down": {"uv": [0, 2, 4, 4], "texture": "#1"}
			}
		},
		{
			"from": [-3.22, 18.89, 12.89],
			"to": [-1.87, 19.16, 13.43],
			"rotation": {"angle": 0, "axis": "y", "origin": [2.645, 6.345, 2.16]},
			"faces": {
				"north": {"uv": [0, 2, 5, 3], "texture": "#1"},
				"east": {"uv": [0, 2, 2, 3], "texture": "#1"},
				"south": {"uv": [0, 2, 5, 3], "texture": "#1"},
				"west": {"uv": [0, 2, 2, 3], "texture": "#1"},
				"up": {"uv": [0, 2, 5, 4], "texture": "#1"},
				"down": {"uv": [0, 2, 5, 4], "texture": "#1"}
			}
		},
		{
			"from": [-4.57, 19.43, 12.89],
			"to": [-2.14, 19.97, 13.43],
			"rotation": {"angle": 0, "axis": "y", "origin": [2.645, 6.345, 2.16]},
			"faces": {
				"north": {"uv": [0, 2, 9, 4], "texture": "#1"},
				"east": {"uv": [0, 2, 2, 4], "texture": "#1"},
				"south": {"uv": [0, 2, 9, 4], "texture": "#1"},
				"west": {"uv": [0, 2, 2, 4], "texture": "#1"},
				"up": {"uv": [0, 2, 9, 4], "texture": "#1"},
				"down": {"uv": [0, 2, 9, 4], "texture": "#1"}
			}
		},
		{
			"from": [-4.03, 21.32, 12.89],
			"to": [-2.68, 21.86, 13.43],
			"rotation": {"angle": 0, "axis": "y", "origin": [2.645, 6.345, 2.16]},
			"faces": {
				"north": {"uv": [0, 2, 5, 4], "texture": "#1"},
				"east": {"uv": [0, 2, 2, 4], "texture": "#1"},
				"south": {"uv": [0, 2, 5, 4], "texture": "#1"},
				"west": {"uv": [0, 2, 2, 4], "texture": "#1"},
				"up": {"uv": [0, 2, 5, 4], "texture": "#1"},
				"down": {"uv": [0, 2, 5, 4], "texture": "#1"}
			}
		},
		{
			"from": [-3.76, 21.86, 12.89],
			"to": [-2.95, 22.67, 13.43],
			"rotation": {"angle": 0, "axis": "y", "origin": [2.645, 6.345, 2.16]},
			"faces": {
				"north": {"uv": [0, 2, 3, 5], "texture": "#1"},
				"east": {"uv": [0, 2, 2, 5], "texture": "#1"},
				"south": {"uv": [0, 2, 3, 5], "texture": "#1"},
				"west": {"uv": [0, 2, 2, 5], "texture": "#1"},
				"up": {"uv": [0, 2, 3, 4], "texture": "#1"},
				"down": {"uv": [0, 2, 3, 4], "texture": "#1"}
			}
		},
		{
			"from": [-3.49, 22.67, 12.89],
			"to": [-3.22, 22.94, 13.43],
			"rotation": {"angle": 0, "axis": "y", "origin": [2.645, 6.345, 2.16]},
			"faces": {
				"north": {"uv": [0, 2, 1, 3], "texture": "#1"},
				"east": {"uv": [0, 2, 2, 3], "texture": "#1"},
				"south": {"uv": [0, 2, 1, 3], "texture": "#1"},
				"west": {"uv": [0, 2, 2, 3], "texture": "#1"},
				"up": {"uv": [0, 2, 1, 4], "texture": "#1"},
				"down": {"uv": [0, 2, 1, 4], "texture": "#1"}
			}
		}
	],
	"display": {
		"thirdperson_righthand": {
			"scale": [0.2, 0.2, 0.2]
		},
		"thirdperson_lefthand": {
			"scale": [0.2, 0.2, 0.2]
		},
		"firstperson_righthand": {
			"scale": [0.4, 0.4, 0.4]
		},
		"firstperson_lefthand": {
			"scale": [0.4, 0.4, 0.4]
		},
		"ground": {
			"translation": [0, 7.25, 0],
			"scale": [0.4, 0.4, 0.4]
		},
		"gui": {
			"rotation": [0, -135, 0],
			"translation": [0, 0.25, 0],
			"scale": [0.35, 0.35, 0.35]
		},
		"head": {
			"translation": [0, 11.25, -3.5],
			"scale": [0.2, 0.2, 0.2]
		},
		"fixed": {
			"scale": [0.3, 0.3, 0.3]
		}
	},
	"groups": [
		{
			"name": "steve",
			"origin": [8, 8, 8],
			"color": 0,
			"nbt": "{}",
			"armAnimationEnabled": false,
			"children": [0, 1, 2, 3, 4, 5, 6, 7, 8, 9, 10, 11]
		},
		{
			"name": "diamondstar",
			"origin": [0.35, 0, 0],
			"color": 0,
			"nbt": "{}",
			"armAnimationEnabled": false,
			"children": [12, 13, 14, 15, 16, 17, 18, 19, 20, 21, 22, 23, 24, 25, 26]
		},
		{
			"name": "diamondstar",
			"origin": [0.35, 0, 0],
			"color": 0,
			"nbt": "{}",
			"armAnimationEnabled": false,
			"children": [27, 28, 29, 30, 31, 32, 33, 34, 35, 36, 37, 38, 39, 40, 41]
		},
		{
			"name": "diamondstar",
			"origin": [0.35, 0, 0],
			"color": 0,
			"nbt": "{}",
			"armAnimationEnabled": false,
			"children": [42, 43, 44, 45, 46, 47, 48, 49, 50, 51, 52, 53, 54, 55, 56]
		}
	]
}