{
	"credit": "Made with Blockbench",
	"textures": {
		"3": "block/snow",
		"4": "block/gray_stained_glass"
	},
	"elements": [
		{
			"from": [9, 5.5, 8],
			"to": [12, 6.5, 8],
			"rotation": {"angle": 0, "axis": "y", "origin": [8.75, 8, 8]},
			"faces": {
				"north": {"uv": [0, 0, 1, 3], "texture": "#3"},
				"east": {"uv": [0, 0, 0, 3], "texture": "#3"},
				"south": {"uv": [0, 0, 1, 3], "texture": "#3"},
				"west": {"uv": [0, 0, 0, 3], "texture": "#3"},
				"up": {"uv": [0, 0, 1, 0], "texture": "#3"},
				"down": {"uv": [0, 0, 1, 0], "texture": "#3"}
			}
		},
		{
			"from": [5, 5.5, 8],
			"to": [7, 6.5, 8],
			"rotation": {"angle": 0, "axis": "y", "origin": [8.75, 8, 8]},
			"faces": {
				"north": {"uv": [0, 0, 1, 3], "texture": "#3"},
				"east": {"uv": [0, 0, 0, 3], "texture": "#3"},
				"south": {"uv": [0, 0, 1, 3], "texture": "#3"},
				"west": {"uv": [0, 0, 0, 3], "texture": "#3"},
				"up": {"uv": [0, 0, 1, 0], "texture": "#3"},
				"down": {"uv": [0, 0, 1, 0], "texture": "#3"}
			}
		},
		{
			"from": [7, 6.5, 8],
			"to": [8, 10.5, 8],
			"rotation": {"angle": 0, "axis": "y", "origin": [8.75, 8, 8]},
			"faces": {
				"north": {"uv": [0, 0, 1, 3], "texture": "#3"},
				"east": {"uv": [0, 0, 0, 3], "texture": "#3"},
				"south": {"uv": [0, 0, 1, 3], "texture": "#3"},
				"west": {"uv": [0, 0, 0, 3], "texture": "#3"},
				"up": {"uv": [0, 0, 1, 0], "texture": "#3"},
				"down": {"uv": [0, 0, 1, 0], "texture": "#3"}
			}
		},
		{
			"from": [4, 10.5, 8],
			"to": [7, 11.5, 8],
			"rotation": {"angle": 0, "axis": "y", "origin": [8.75, 8, 8]},
			"faces": {
				"north": {"uv": [0, 0, 1, 3], "texture": "#3"},
				"east": {"uv": [0, 0, 0, 3], "texture": "#3"},
				"south": {"uv": [0, 0, 1, 3], "texture": "#3"},
				"west": {"uv": [0, 0, 0, 3], "texture": "#3"},
				"up": {"uv": [0, 0, 1, 0], "texture": "#3"},
				"down": {"uv": [0, 0, 1, 0], "texture": "#3"}
			}
		},
		{
			"from": [5, 8.5, 8],
			"to": [7, 9.5, 8],
			"rotation": {"angle": 0, "axis": "y", "origin": [8.75, 8, 8]},
			"faces": {
				"north": {"uv": [0, 0, 1, 3], "texture": "#3"},
				"east": {"uv": [0, 0, 0, 3], "texture": "#3"},
				"south": {"uv": [0, 0, 1, 3], "texture": "#3"},
				"west": {"uv": [0, 0, 0, 3], "texture": "#3"},
				"up": {"uv": [0, 0, 1, 0], "texture": "#3"},
				"down": {"uv": [0, 0, 1, 0], "texture": "#3"}
			}
		},
		{
			"from": [4, 6.5, 8],
			"to": [5, 8.5, 8],
			"rotation": {"angle": 0, "axis": "y", "origin": [8.75, 8, 8]},
			"faces": {
				"north": {"uv": [0, 0, 1, 3], "texture": "#3"},
				"east": {"uv": [0, 0, 0, 3], "texture": "#3"},
				"south": {"uv": [0, 0, 1, 3], "texture": "#3"},
				"west": {"uv": [0, 0, 0, 3], "texture": "#3"},
				"up": {"uv": [0, 0, 1, 0], "texture": "#3"},
				"down": {"uv": [0, 0, 1, 0], "texture": "#3"}
			}
		},
		{
			"from": [10, 6.5, 8],
			"to": [11, 11.5, 8],
			"rotation": {"angle": 0, "axis": "y", "origin": [8.75, 8, 8]},
			"faces": {
				"north": {"uv": [0, 0, 1, 3], "texture": "#3"},
				"east": {"uv": [0, 0, 0, 3], "texture": "#3"},
				"south": {"uv": [0, 0, 1, 3], "texture": "#3"},
				"west": {"uv": [0, 0, 0, 3], "texture": "#3"},
				"up": {"uv": [0, 0, 1, 0], "texture": "#3"},
				"down": {"uv": [0, 0, 1, 0], "texture": "#3"}
			}
		},
		{
			"from": [11, 9.5, 8],
			"to": [12, 10.5, 8],
			"rotation": {"angle": 0, "axis": "y", "origin": [8.75, 8, 8]},
			"faces": {
				"north": {"uv": [0, 0, 1, 3], "texture": "#3"},
				"east": {"uv": [0, 0, 0, 3], "texture": "#3"},
				"south": {"uv": [0, 0, 1, 3], "texture": "#3"},
				"west": {"uv": [0, 0, 0, 3], "texture": "#3"},
				"up": {"uv": [0, 0, 1, 0], "texture": "#3"},
				"down": {"uv": [0, 0, 1, 0], "texture": "#3"}
			}
		},
		{
			"from": [3, 4.5, 8.125],
			"to": [13, 12.5, 8.125],
			"rotation": {"angle": 0, "axis": "y", "origin": [8.5, 8, 8]},
			"faces": {
				"north": {"uv": [7, 3, 12, 12], "texture": "#4"},
				"east": {"uv": [7, 3, 7, 12], "texture": "#4"},
				"south": {"uv": [7, 3, 12, 12], "texture": "#4"},
				"west": {"uv": [7, 3, 7, 12], "texture": "#4"},
				"up": {"uv": [7, 3, 12, 3], "texture": "#4"},
				"down": {"uv": [7, 3, 12, 3], "texture": "#4"}
			}
		}
	],
	"display": {
		"head": {
			"translation": [0, -28, 0],
			"scale": [2, 2, 2]
		}
	}
}