{
	"credit": "Made with Blockbench",
	"textures": {
		"0": "block/light_gray_stained_glass",
		"particle": "block/light_gray_stained_glass"
	},
	"elements": [
		{
			"from": [0, 0, 0],
			"to": [8, 8, 8],
			"faces": {
				"up": {"uv": [7, 6, 11, 10], "texture": "#0"}
			}
		},
		{
			"from": [0, 0, 8],
			"to": [8, 8, 16],
			"faces": {
				"up": {"uv": [7, 6, 11, 10], "texture": "#0"}
			}
		},
		{
			"from": [8, 0, 0],
			"to": [16, 8, 8],
			"faces": {
				"up": {"uv": [7, 6, 11, 10], "texture": "#0"}
			}
		},
		{
			"from": [8, 0, 8],
			"to": [16, 8, 16],
			"faces": {
				"up": {"uv": [7, 6, 11, 10], "texture": "#0"}
			}
		}
	],
	"display": {
		"head": {
			"scale": [3.2, 3.2, 3.2]
		}
	}
}