{
	"credit": "Made with Blockbench",
	"texture_size": [32, 32],
	"textures": {
		"3": "block/smithing_table_top",
		"4": "custom/finallvlsign",
		"5": "block/spruce_log",
		"particle": "block/spruce_log"
	},
	"elements": [
		{
			"from": [-8, 0, -1],
			"to": [24, 8, 0],
			"faces": {
				"north": {"uv": [0, 0, 16, 4], "texture": "#5"},
				"east": {"uv": [0, 0, 0.5, 4], "texture": "#5"},
				"south": {"uv": [0, 0, 16, 4], "texture": "#5"},
				"west": {"uv": [0, 0, 0.5, 4], "texture": "#5"},
				"up": {"uv": [0, 0, 16, 0.5], "texture": "#5"},
				"down": {"uv": [0, 0, 16, 0.5], "texture": "#5"}
			}
		},
		{
			"from": [5, 2, 0],
			"to": [11, 6, 6],
			"faces": {
				"north": {"uv": [0, 0, 6, 4], "texture": "#3"},
				"east": {"uv": [0, 0, 6, 4], "texture": "#3"},
				"south": {"uv": [0, 0, 6, 4], "texture": "#3"},
				"west": {"uv": [0, 0, 6, 4], "texture": "#3"},
				"up": {"uv": [0, 0, 6, 6], "texture": "#3"},
				"down": {"uv": [0, 0, 6, 6], "texture": "#3"}
			}
		},
		{
			"from": [-8, 0, -1.1],
			"to": [24, 8, -1],
			"faces": {
				"north": {"uv": [0, 0, 16, 4], "texture": "#4"},
				"east": {"uv": [0, 9, 0.5, 13], "texture": "#4"},
				"south": {"uv": [0, 4, 16, 8], "texture": "#4"},
				"west": {"uv": [0.5, 9, 1, 13], "texture": "#4"},
				"up": {"uv": [16, 8.5, 0, 8], "texture": "#4"},
				"down": {"uv": [16, 8.5, 0, 9], "texture": "#4"}
			}
		},
		{
			"from": [7, 4, 3],
			"to": [9, 16, 5],
			"faces": {
				"north": {"uv": [0, 0, 1, 6], "texture": "#3"},
				"east": {"uv": [0, 0, 1, 6], "texture": "#3"},
				"south": {"uv": [0, 0, 1, 6], "texture": "#3"},
				"west": {"uv": [0, 0, 1, 6], "texture": "#3"},
				"up": {"uv": [0, 0, 1, 1], "texture": "#3"},
				"down": {"uv": [0, 0, 1, 1], "texture": "#3"}
			}
		}
	],
	"display": {
		"gui": {
			"rotation": [25, 135, 0],
			"translation": [2.5, 2, 0],
			"scale": [0.5, 0.5, 0.5]
		},
		"fixed": {
			"rotation": [90, 0, 0],
			"translation": [0, 0, -16],
			"scale": [2, 2, 2]
		}
	}
}