{
	"credit": "Made with Blockbench",
	"textures": {
		"0": "block/smithing_table_top",
		"1": "block/white_shulker_box",
		"particle": "block/smithing_table_top"
	},
	"elements": [
		{
			"from": [0, -3, 0],
			"to": [16, 0.5, 1],
			"faces": {
				"north": {"uv": [0, 0, 16, 3.5], "texture": "#0"},
				"east": {"uv": [0, 0, 1, 3.5], "texture": "#0"},
				"south": {"uv": [0, 0, 16, 3.5], "texture": "#0"},
				"west": {"uv": [0, 0, 1, 3.5], "texture": "#0"},
				"up": {"uv": [0, 0, 16, 1], "texture": "#0"},
				"down": {"uv": [0, 0, 16, 1], "texture": "#0"}
			}
		},
		{
			"from": [0, 0, 2.5],
			"to": [16, 0.5, 3.5],
			"faces": {
				"north": {"uv": [0, 0, 16, 0.5], "texture": "#0"},
				"east": {"uv": [0, 0, 1, 0.5], "texture": "#0"},
				"south": {"uv": [0, 0, 16, 0.5], "texture": "#0"},
				"west": {"uv": [0, 0, 1, 0.5], "texture": "#0"},
				"up": {"uv": [0, 2, 16, 3], "texture": "#0"},
				"down": {"uv": [0, 2, 16, 3], "texture": "#0"}
			}
		},
		{
			"from": [0, 0, 5],
			"to": [16, 0.5, 6],
			"faces": {
				"north": {"uv": [0, 0, 16, 0.5], "texture": "#0"},
				"east": {"uv": [0, 0, 1, 0.5], "texture": "#0"},
				"south": {"uv": [0, 0, 16, 0.5], "texture": "#0"},
				"west": {"uv": [0, 0, 1, 0.5], "texture": "#0"},
				"up": {"uv": [0, 8, 16, 9], "texture": "#0"},
				"down": {"uv": [0, 8, 16, 9], "texture": "#0"}
			}
		},
		{
			"from": [0, 0, 7.5],
			"to": [16, 0.5, 8.5],
			"faces": {
				"north": {"uv": [0, 0, 16, 0.5], "texture": "#0"},
				"east": {"uv": [0, 0, 1, 0.5], "texture": "#0"},
				"south": {"uv": [0, 0, 16, 0.5], "texture": "#0"},
				"west": {"uv": [0, 0, 1, 0.5], "texture": "#0"},
				"up": {"uv": [0, 13, 16, 14], "texture": "#0"},
				"down": {"uv": [0, 13, 16, 14], "texture": "#0"}
			}
		},
		{
			"from": [0, 0, 10],
			"to": [16, 0.5, 11],
			"faces": {
				"north": {"uv": [0, 0, 16, 0.5], "texture": "#0"},
				"east": {"uv": [0, 0, 1, 0.5], "texture": "#0"},
				"south": {"uv": [0, 0, 16, 0.5], "texture": "#0"},
				"west": {"uv": [0, 0, 1, 0.5], "texture": "#0"},
				"up": {"uv": [0, 15, 16, 16], "texture": "#0"},
				"down": {"uv": [0, 15, 16, 16], "texture": "#0"}
			}
		},
		{
			"from": [0, 0, 12.5],
			"to": [16, 0.5, 13.5],
			"faces": {
				"north": {"uv": [0, 0, 16, 0.5], "texture": "#0"},
				"east": {"uv": [0, 0, 1, 0.5], "texture": "#0"},
				"south": {"uv": [0, 0, 16, 0.5], "texture": "#0"},
				"west": {"uv": [0, 0, 1, 0.5], "texture": "#0"},
				"up": {"uv": [0, 4, 16, 5], "texture": "#0"},
				"down": {"uv": [0, 4, 16, 5], "texture": "#0"}
			}
		},
		{
			"from": [0, -3, 15],
			"to": [16, 0.5, 16],
			"faces": {
				"north": {"uv": [0, 0, 16, 0.5], "texture": "#0"},
				"east": {"uv": [0, 0, 1, 0.5], "texture": "#0"},
				"south": {"uv": [0, 0, 16, 0.5], "texture": "#0"},
				"west": {"uv": [0, 0, 1, 0.5], "texture": "#0"},
				"up": {"uv": [0, 2, 16, 3], "texture": "#0"},
				"down": {"uv": [0, 2, 16, 3], "texture": "#0"}
			}
		},
		{
			"from": [15, -5.9, 0],
			"to": [16, 0.6, 16],
			"rotation": {"angle": 0, "axis": "y", "origin": [8, 0.25, 8]},
			"faces": {
				"north": {"uv": [0, 0, 1, 6.5], "texture": "#0"},
				"east": {"uv": [0, 0, 16, 6.5], "texture": "#0"},
				"south": {"uv": [0, 0, 1, 6.5], "texture": "#0"},
				"west": {"uv": [0, 0, 16, 6.5], "texture": "#0"},
				"up": {"uv": [0, 0, 16, 1], "rotation": 90, "texture": "#0"},
				"down": {"uv": [0, 0, 16, 1], "rotation": 270, "texture": "#0"}
			}
		},
		{
			"from": [12.5, 0.1, 0],
			"to": [13.5, 0.6, 16],
			"rotation": {"angle": 0, "axis": "y", "origin": [8, 0.25, 8]},
			"faces": {
				"north": {"uv": [0, 0, 1, 0.5], "texture": "#0"},
				"east": {"uv": [0, 0, 16, 0.5], "texture": "#0"},
				"south": {"uv": [0, 0, 1, 0.5], "texture": "#0"},
				"west": {"uv": [0, 0, 16, 0.5], "texture": "#0"},
				"up": {"uv": [0, 2, 16, 3], "rotation": 90, "texture": "#0"},
				"down": {"uv": [0, 2, 16, 3], "rotation": 270, "texture": "#0"}
			}
		},
		{
			"from": [10, 0.1, 0],
			"to": [11, 0.6, 16],
			"rotation": {"angle": 0, "axis": "y", "origin": [8, 0.25, 8]},
			"faces": {
				"north": {"uv": [0, 0, 1, 0.5], "texture": "#0"},
				"east": {"uv": [0, 0, 16, 0.5], "texture": "#0"},
				"south": {"uv": [0, 0, 1, 0.5], "texture": "#0"},
				"west": {"uv": [0, 0, 16, 0.5], "texture": "#0"},
				"up": {"uv": [0, 8, 16, 9], "rotation": 90, "texture": "#0"},
				"down": {"uv": [0, 8, 16, 9], "rotation": 270, "texture": "#0"}
			}
		},
		{
			"from": [7.5, 0.1, 0],
			"to": [8.5, 0.6, 16],
			"rotation": {"angle": 0, "axis": "y", "origin": [8, 0.25, 8]},
			"faces": {
				"north": {"uv": [0, 0, 1, 0.5], "texture": "#0"},
				"east": {"uv": [0, 0, 16, 0.5], "texture": "#0"},
				"south": {"uv": [0, 0, 1, 0.5], "texture": "#0"},
				"west": {"uv": [0, 0, 16, 0.5], "texture": "#0"},
				"up": {"uv": [0, 13, 16, 14], "rotation": 90, "texture": "#0"},
				"down": {"uv": [0, 13, 16, 14], "rotation": 270, "texture": "#0"}
			}
		},
		{
			"from": [5, 0.1, 0],
			"to": [6, 0.6, 16],
			"rotation": {"angle": 0, "axis": "y", "origin": [8, 0.25, 8]},
			"faces": {
				"north": {"uv": [0, 0, 1, 0.5], "texture": "#0"},
				"east": {"uv": [0, 0, 16, 0.5], "texture": "#0"},
				"south": {"uv": [0, 0, 1, 0.5], "texture": "#0"},
				"west": {"uv": [0, 0, 16, 0.5], "texture": "#0"},
				"up": {"uv": [0, 15, 16, 16], "rotation": 90, "texture": "#0"},
				"down": {"uv": [0, 15, 16, 16], "rotation": 270, "texture": "#0"}
			}
		},
		{
			"from": [2.5, 0.1, 0],
			"to": [3.5, 0.6, 16],
			"rotation": {"angle": 0, "axis": "y", "origin": [8, 0.25, 8]},
			"faces": {
				"north": {"uv": [0, 0, 1, 0.5], "texture": "#0"},
				"east": {"uv": [0, 0, 16, 0.5], "texture": "#0"},
				"south": {"uv": [0, 0, 1, 0.5], "texture": "#0"},
				"west": {"uv": [0, 0, 16, 0.5], "texture": "#0"},
				"up": {"uv": [0, 4, 16, 5], "rotation": 90, "texture": "#0"},
				"down": {"uv": [0, 4, 16, 5], "rotation": 270, "texture": "#0"}
			}
		},
		{
			"from": [0, -5.9, 0],
			"to": [1, 0.6, 16],
			"rotation": {"angle": 0, "axis": "y", "origin": [8, 0.25, 8]},
			"faces": {
				"north": {"uv": [0, 0, 1, 0.5], "texture": "#0"},
				"east": {"uv": [0, 0, 16, 0.5], "texture": "#0"},
				"south": {"uv": [0, 0, 1, 0.5], "texture": "#0"},
				"west": {"uv": [0, 0, 16, 0.5], "texture": "#0"},
				"up": {"uv": [0, 2, 16, 3], "rotation": 90, "texture": "#0"},
				"down": {"uv": [0, 2, 16, 3], "rotation": 270, "texture": "#0"}
			}
		},
		{
			"from": [0, -2.25, 0],
			"to": [16, -1.75, 10],
			"rotation": {"angle": 22.5, "axis": "x", "origin": [8, -2, 0]},
			"faces": {
				"north": {"uv": [0, 0, 16, 0.5], "texture": "#1"},
				"east": {"uv": [0, 0, 10, 0.5], "texture": "#1"},
				"south": {"uv": [0, 0, 16, 0.5], "texture": "#1"},
				"west": {"uv": [0, 0, 10, 0.5], "texture": "#1"},
				"up": {"uv": [0, 0, 16, 10], "texture": "#1"},
				"down": {"uv": [0, 0, 16, 10], "texture": "#1"}
			}
		},
		{
			"from": [0, -2.25, 6],
			"to": [16, -1.75, 16],
			"rotation": {"angle": -22.5, "axis": "x", "origin": [8, -2, 16]},
			"faces": {
				"north": {"uv": [0, 0, 16, 0.5], "texture": "#1"},
				"east": {"uv": [6, 0, 16, 0.5], "texture": "#1"},
				"south": {"uv": [0, 0, 16, 0.5], "texture": "#1"},
				"west": {"uv": [6, 0, 16, 0.5], "texture": "#1"},
				"up": {"uv": [0, 6, 16, 16], "texture": "#1"},
				"down": {"uv": [0, 6, 16, 16], "texture": "#1"}
			}
		}
	],
	"display": {
		"ground": {
			"translation": [0, 6, 0]
		},
		"fixed": {
			"rotation": [-90, 0, 0],
			"translation": [0, 0, -15.25],
			"scale": [2, 2, 2]
		}
	},
	"groups": [
		{
			"name": "group",
			"origin": [8, 0.25, 8],
			"color": 0,
			"nbt": "{}",
			"armAnimationEnabled": false,
			"children": [0, 1, 2, 3, 4, 5, 6, 7, 8, 9, 10, 11, 12, 13]
		},
		14,
		15
	]
}