{
	"credit": "Made with Blockbench",
	"texture_size": [32, 32],
	"textures": {
		"3": "block/smithing_table_top",
		"4": "custom/trainingsign",
		"5": "block/spruce_log",
		"particle": "block/spruce_log"
	},
	"elements": [
		{
			"from": [-8, 0, 0],
			"to": [24, 8, 1],
			"faces": {
				"north": {"uv": [0, 0, 16, 4], "texture": "#5"},
				"east": {"uv": [0, 0, 0.5, 4], "texture": "#5"},
				"south": {"uv": [0, 0, 16, 4], "texture": "#5"},
				"west": {"uv": [0, 0, 0.5, 4], "texture": "#5"},
				"up": {"uv": [0, 0, 16, 0.5], "texture": "#5"},
				"down": {"uv": [0, 0, 16, 0.5], "texture": "#5"}
			}
		},
		{
			"from": [5, 2, 1],
			"to": [11, 6, 7],
			"faces": {
				"north": {"uv": [0, 0, 3, 2], "texture": "#3"},
				"east": {"uv": [0, 0, 3, 2], "texture": "#3"},
				"south": {"uv": [0, 0, 3, 2], "texture": "#3"},
				"west": {"uv": [0, 0, 3, 2], "texture": "#3"},
				"up": {"uv": [0, 0, 3, 3], "texture": "#3"},
				"down": {"uv": [0, 0, 3, 3], "texture": "#3"}
			}
		},
		{
			"from": [5, -7.5, 1],
			"to": [11, -5.5, 7],
			"faces": {
				"north": {"uv": [0, 0, 3, 1], "texture": "#3"},
				"east": {"uv": [0, 0, 3, 1], "texture": "#3"},
				"south": {"uv": [0, 0, 3, 1], "texture": "#3"},
				"west": {"uv": [0, 0, 3, 1], "texture": "#3"},
				"up": {"uv": [0, 0, 3, 3], "texture": "#3"},
				"down": {"uv": [0, 0, 3, 3], "texture": "#3"}
			}
		},
		{
			"from": [-8, 0, -0.1],
			"to": [24, 8, 0],
			"faces": {
				"north": {"uv": [0, 0, 16, 4], "texture": "#4"},
				"east": {"uv": [0, 9, 0.5, 13], "texture": "#4"},
				"south": {"uv": [0, 4, 16, 8], "texture": "#4"},
				"west": {"uv": [0.5, 9, 1, 13], "texture": "#4"},
				"up": {"uv": [16, 8.5, 0, 8], "texture": "#4"},
				"down": {"uv": [16, 8.5, 0, 9], "texture": "#4"}
			}
		},
		{
			"from": [0.5, -9, 0],
			"to": [10.5, -4, 1],
			"faces": {
				"north": {"uv": [0, 0, 10, 5], "texture": "#5"},
				"east": {"uv": [0, 0, 1, 5], "texture": "#5"},
				"south": {"uv": [0, 0, 10, 5], "texture": "#5"},
				"west": {"uv": [0, 0, 1, 5], "texture": "#5"},
				"up": {"uv": [0, 0, 10, 1], "texture": "#5"},
				"down": {"uv": [0, 0, 10, 1], "texture": "#5"}
			}
		},
		{
			"from": [10.5, -11, 0],
			"to": [11.5, -2, 1],
			"faces": {
				"north": {"uv": [0, 0, 1, 9], "texture": "#5"},
				"east": {"uv": [0, 0, 1, 9], "texture": "#5"},
				"south": {"uv": [0, 0, 1, 9], "texture": "#5"},
				"west": {"uv": [0, 0, 1, 9], "texture": "#5"},
				"up": {"uv": [0, 0, 1, 1], "texture": "#5"},
				"down": {"uv": [0, 0, 1, 1], "texture": "#5"}
			}
		},
		{
			"from": [11.5, -10, 0],
			"to": [12.5, -3, 1],
			"faces": {
				"north": {"uv": [9, 4, 10, 11], "texture": "#5"},
				"east": {"uv": [9, 4, 10, 11], "texture": "#5"},
				"south": {"uv": [9, 4, 10, 11], "texture": "#5"},
				"west": {"uv": [9, 4, 10, 11], "texture": "#5"},
				"up": {"uv": [0, 0, 1, 1], "texture": "#5"},
				"down": {"uv": [0, 0, 1, 1], "texture": "#5"}
			}
		},
		{
			"from": [12.5, -9, 0],
			"to": [13.5, -4, 1],
			"faces": {
				"north": {"uv": [14, 5, 15, 10], "texture": "#5"},
				"east": {"uv": [14, 5, 15, 10], "texture": "#5"},
				"south": {"uv": [14, 5, 15, 10], "texture": "#5"},
				"west": {"uv": [14, 5, 15, 10], "texture": "#5"},
				"up": {"uv": [0, 0, 1, 1], "texture": "#5"},
				"down": {"uv": [0, 0, 1, 1], "texture": "#5"}
			}
		},
		{
			"from": [13.5, -8, 0],
			"to": [14.5, -5, 1],
			"faces": {
				"north": {"uv": [6, 10, 7, 13], "texture": "#5"},
				"east": {"uv": [6, 10, 7, 13], "texture": "#5"},
				"south": {"uv": [6, 10, 7, 13], "texture": "#5"},
				"west": {"uv": [6, 10, 7, 13], "texture": "#5"},
				"up": {"uv": [0, 0, 1, 1], "texture": "#5"},
				"down": {"uv": [0, 0, 1, 1], "texture": "#5"}
			}
		},
		{
			"from": [14.5, -7, 0],
			"to": [15.5, -6, 1],
			"faces": {
				"north": {"uv": [0, 0, 0.5, 0.5], "texture": "#5"},
				"east": {"uv": [0, 0, 0.5, 0.5], "texture": "#5"},
				"south": {"uv": [0, 0, 0.5, 0.5], "texture": "#5"},
				"west": {"uv": [0, 0, 0.5, 0.5], "texture": "#5"},
				"up": {"uv": [0, 0, 1, 1], "texture": "#5"},
				"down": {"uv": [0, 0, 1, 1], "texture": "#5"}
			}
		}
	],
	"display": {
		"gui": {
			"rotation": [25, 135, 0],
			"translation": [2.5, 2, 0],
			"scale": [0.5, 0.5, 0.5]
		},
		"fixed": {
			"translation": [0, 36, 24],
			"scale": [2, 2, 2]
		}
	},
	"groups": [
		0,
		1,
		2,
		3,
		{
			"name": "group",
			"origin": [0, 0, 0],
			"color": 0,
			"children": [4, 5, 6, 7, 8, 9]
		}
	]
}